ISO-10303-21;
HEADER;
/* Generated by software containing ST-Developer
 * from STEP Tools, Inc. (www.steptools.com) 
 */
/* OPTION: using custom renumber hook */

FILE_DESCRIPTION(
/* description */ ('STEP AP242 Edition 2',
'CAx-IF Rec.Pracs.---Representation and Presentation of Product Manufa
cturing Information (PMI)---4.0---2014-10-13',
'CAx-IF Rec.Pracs.---3D Tessellated Geometry---0.4---2014-09-14','2;1',
'CAx-IF Rec.Pracs.---User Defined Attributes---1.5---2016-08-15'),
/* implementation_level */ '2;1');

FILE_NAME(
/* name */ 'FireWatchCaseModel-1',
/* time_stamp */ '2026-09-04T19:56:32Z',
/* author */ (''),
/* organization */ (''),
/* preprocessor_version */ 'ST-DEVELOPER v20',
/* originating_system */ 'ONSHAPE BY PTC INC, 1.220',
/* authorisation */ '  ');

FILE_SCHEMA (('AP242_MANAGED_MODEL_BASED_3D_ENGINEERING_MIM_LF { 1 0 10303 442 3 1 4 }'));
ENDSEC;

DATA;
#10=SHAPE_REPRESENTATION_RELATIONSHIP('','',#8795,#11);
#11=ADVANCED_BREP_SHAPE_REPRESENTATION('',(#8793),#15421);
#12=CYLINDRICAL_SURFACE('',#8876,0.000621099042505746);
#13=CYLINDRICAL_SURFACE('',#8878,0.00291109740696777);
#14=CYLINDRICAL_SURFACE('',#8881,0.00697473221834182);
#15=CYLINDRICAL_SURFACE('',#8883,0.00403999477555457);
#16=CYLINDRICAL_SURFACE('',#8885,0.00211917787958795);
#17=CYLINDRICAL_SURFACE('',#8887,0.000600448139982682);
#18=CYLINDRICAL_SURFACE('',#8891,0.00235276122874911);
#19=CYLINDRICAL_SURFACE('',#8893,0.00162214400403473);
#20=CYLINDRICAL_SURFACE('',#8895,0.00197110944022778);
#21=CYLINDRICAL_SURFACE('',#8903,0.00167016911600159);
#22=CYLINDRICAL_SURFACE('',#8931,0.00251393190087588);
#23=CYLINDRICAL_SURFACE('',#8940,0.0252776338289297);
#24=CYLINDRICAL_SURFACE('',#8955,0.00220328355937629);
#25=CYLINDRICAL_SURFACE('',#8957,0.00267726725406807);
#26=CYLINDRICAL_SURFACE('',#8967,0.00456418628764332);
#27=CYLINDRICAL_SURFACE('',#8970,0.00606006758661436);
#28=CYLINDRICAL_SURFACE('',#8972,0.00534813708169052);
#29=CYLINDRICAL_SURFACE('',#8983,0.0231062690975266);
#30=CYLINDRICAL_SURFACE('',#8985,0.0216228253537425);
#31=CYLINDRICAL_SURFACE('',#8987,0.0261100018839859);
#32=CYLINDRICAL_SURFACE('',#8997,0.025064326456407);
#33=CYLINDRICAL_SURFACE('',#9025,0.00313306826268058);
#34=CYLINDRICAL_SURFACE('',#9028,0.00371611633780349);
#35=CYLINDRICAL_SURFACE('',#9030,0.00345746745891196);
#36=CYLINDRICAL_SURFACE('',#9032,0.00273616776329802);
#37=CYLINDRICAL_SURFACE('',#9034,0.00981302861553509);
#38=CYLINDRICAL_SURFACE('',#9041,0.00287722248542785);
#39=CYLINDRICAL_SURFACE('',#9048,0.00101183385765147);
#40=CYLINDRICAL_SURFACE('',#9050,0.00242803795306554);
#41=CYLINDRICAL_SURFACE('',#9053,0.00325628727905179);
#42=CYLINDRICAL_SURFACE('',#9058,0.00398943108750488);
#43=CYLINDRICAL_SURFACE('',#9073,0.00336033344793396);
#44=CYLINDRICAL_SURFACE('',#9076,0.00446166007904204);
#45=CYLINDRICAL_SURFACE('',#9078,0.00393750884351581);
#46=CYLINDRICAL_SURFACE('',#9100,0.157212230012434);
#47=CYLINDRICAL_SURFACE('',#9102,0.0216346762744684);
#48=B_SPLINE_SURFACE_WITH_KNOTS('',3,1,((#11882,#11883),(#11884,#11885),
(#11886,#11887),(#11888,#11889)),.SURF_OF_LINEAR_EXTRUSION.,.F.,.F.,.F.,
(4,4),(2,2),(0.,1.),(0.,1.),.PIECEWISE_BEZIER_KNOTS.);
#49=B_SPLINE_SURFACE_WITH_KNOTS('',3,1,((#11897,#11898),(#11899,#11900),
(#11901,#11902),(#11903,#11904)),.SURF_OF_LINEAR_EXTRUSION.,.F.,.F.,.F.,
(4,4),(2,2),(0.,1.),(0.,1.),.PIECEWISE_BEZIER_KNOTS.);
#50=B_SPLINE_SURFACE_WITH_KNOTS('',3,1,((#11910,#11911),(#11912,#11913),
(#11914,#11915),(#11916,#11917)),.SURF_OF_LINEAR_EXTRUSION.,.F.,.F.,.F.,
(4,4),(2,2),(0.,1.),(0.,1.),.PIECEWISE_BEZIER_KNOTS.);
#51=B_SPLINE_SURFACE_WITH_KNOTS('',3,1,((#11923,#11924),(#11925,#11926),
(#11927,#11928),(#11929,#11930)),.SURF_OF_LINEAR_EXTRUSION.,.F.,.F.,.F.,
(4,4),(2,2),(0.,1.),(0.,1.),.PIECEWISE_BEZIER_KNOTS.);
#52=B_SPLINE_SURFACE_WITH_KNOTS('',3,1,((#11936,#11937),(#11938,#11939),
(#11940,#11941),(#11942,#11943)),.SURF_OF_LINEAR_EXTRUSION.,.F.,.F.,.F.,
(4,4),(2,2),(0.,1.),(0.,1.),.PIECEWISE_BEZIER_KNOTS.);
#53=B_SPLINE_SURFACE_WITH_KNOTS('',3,1,((#11953,#11954),(#11955,#11956),
(#11957,#11958),(#11959,#11960)),.SURF_OF_LINEAR_EXTRUSION.,.F.,.F.,.F.,
(4,4),(2,2),(0.,1.),(0.,1.),.PIECEWISE_BEZIER_KNOTS.);
#54=B_SPLINE_SURFACE_WITH_KNOTS('',3,1,((#11966,#11967),(#11968,#11969),
(#11970,#11971),(#11972,#11973)),.SURF_OF_LINEAR_EXTRUSION.,.F.,.F.,.F.,
(4,4),(2,2),(0.,1.),(0.,1.),.PIECEWISE_BEZIER_KNOTS.);
#55=B_SPLINE_SURFACE_WITH_KNOTS('',3,1,((#11983,#11984),(#11985,#11986),
(#11987,#11988),(#11989,#11990)),.SURF_OF_LINEAR_EXTRUSION.,.F.,.F.,.F.,
(4,4),(2,2),(0.,1.),(0.,1.),.PIECEWISE_BEZIER_KNOTS.);
#56=B_SPLINE_SURFACE_WITH_KNOTS('',3,1,((#12008,#12009),(#12010,#12011),
(#12012,#12013),(#12014,#12015)),.SURF_OF_LINEAR_EXTRUSION.,.F.,.F.,.F.,
(4,4),(2,2),(0.,1.),(0.,1.),.PIECEWISE_BEZIER_KNOTS.);
#57=B_SPLINE_SURFACE_WITH_KNOTS('',3,1,((#12021,#12022),(#12023,#12024),
(#12025,#12026),(#12027,#12028)),.SURF_OF_LINEAR_EXTRUSION.,.F.,.F.,.F.,
(4,4),(2,2),(0.,1.),(0.,1.),.PIECEWISE_BEZIER_KNOTS.);
#58=B_SPLINE_SURFACE_WITH_KNOTS('',3,1,((#12034,#12035),(#12036,#12037),
(#12038,#12039),(#12040,#12041)),.SURF_OF_LINEAR_EXTRUSION.,.F.,.F.,.F.,
(4,4),(2,2),(0.,1.),(0.,1.),.PIECEWISE_BEZIER_KNOTS.);
#59=B_SPLINE_SURFACE_WITH_KNOTS('',3,1,((#12051,#12052),(#12053,#12054),
(#12055,#12056),(#12057,#12058)),.SURF_OF_LINEAR_EXTRUSION.,.F.,.F.,.F.,
(4,4),(2,2),(0.,1.),(0.,1.),.PIECEWISE_BEZIER_KNOTS.);
#60=B_SPLINE_SURFACE_WITH_KNOTS('',3,1,((#12064,#12065),(#12066,#12067),
(#12068,#12069),(#12070,#12071)),.SURF_OF_LINEAR_EXTRUSION.,.F.,.F.,.F.,
(4,4),(2,2),(0.,1.),(0.,1.),.PIECEWISE_BEZIER_KNOTS.);
#61=B_SPLINE_SURFACE_WITH_KNOTS('',3,1,((#12077,#12078),(#12079,#12080),
(#12081,#12082),(#12083,#12084)),.SURF_OF_LINEAR_EXTRUSION.,.F.,.F.,.F.,
(4,4),(2,2),(0.,1.),(0.,1.),.PIECEWISE_BEZIER_KNOTS.);
#62=B_SPLINE_SURFACE_WITH_KNOTS('',3,1,((#12094,#12095),(#12096,#12097),
(#12098,#12099),(#12100,#12101)),.SURF_OF_LINEAR_EXTRUSION.,.F.,.F.,.F.,
(4,4),(2,2),(0.,1.),(0.,1.),.PIECEWISE_BEZIER_KNOTS.);
#63=B_SPLINE_SURFACE_WITH_KNOTS('',3,1,((#12107,#12108),(#12109,#12110),
(#12111,#12112),(#12113,#12114)),.SURF_OF_LINEAR_EXTRUSION.,.F.,.F.,.F.,
(4,4),(2,2),(0.,1.),(0.,1.),.PIECEWISE_BEZIER_KNOTS.);
#64=B_SPLINE_SURFACE_WITH_KNOTS('',3,1,((#12120,#12121),(#12122,#12123),
(#12124,#12125),(#12126,#12127)),.SURF_OF_LINEAR_EXTRUSION.,.F.,.F.,.F.,
(4,4),(2,2),(0.,1.),(0.,1.),.PIECEWISE_BEZIER_KNOTS.);
#65=B_SPLINE_SURFACE_WITH_KNOTS('',3,1,((#12133,#12134),(#12135,#12136),
(#12137,#12138),(#12139,#12140)),.SURF_OF_LINEAR_EXTRUSION.,.F.,.F.,.F.,
(4,4),(2,2),(0.,1.),(0.,1.),.PIECEWISE_BEZIER_KNOTS.);
#66=B_SPLINE_SURFACE_WITH_KNOTS('',3,1,((#12150,#12151),(#12152,#12153),
(#12154,#12155),(#12156,#12157)),.SURF_OF_LINEAR_EXTRUSION.,.F.,.F.,.F.,
(4,4),(2,2),(0.,1.),(0.,1.),.PIECEWISE_BEZIER_KNOTS.);
#67=B_SPLINE_SURFACE_WITH_KNOTS('',3,1,((#12163,#12164),(#12165,#12166),
(#12167,#12168),(#12169,#12170)),.SURF_OF_LINEAR_EXTRUSION.,.F.,.F.,.F.,
(4,4),(2,2),(0.,1.),(0.,1.),.PIECEWISE_BEZIER_KNOTS.);
#68=B_SPLINE_SURFACE_WITH_KNOTS('',3,1,((#12213,#12214),(#12215,#12216),
(#12217,#12218),(#12219,#12220)),.SURF_OF_LINEAR_EXTRUSION.,.F.,.F.,.F.,
(4,4),(2,2),(0.,1.),(0.,1.),.PIECEWISE_BEZIER_KNOTS.);
#69=B_SPLINE_SURFACE_WITH_KNOTS('',3,1,((#12226,#12227),(#12228,#12229),
(#12230,#12231),(#12232,#12233)),.SURF_OF_LINEAR_EXTRUSION.,.F.,.F.,.F.,
(4,4),(2,2),(0.,1.),(0.,1.),.PIECEWISE_BEZIER_KNOTS.);
#70=B_SPLINE_SURFACE_WITH_KNOTS('',3,1,((#12261,#12262),(#12263,#12264),
(#12265,#12266),(#12267,#12268)),.SURF_OF_LINEAR_EXTRUSION.,.F.,.F.,.F.,
(4,4),(2,2),(0.,1.),(0.,1.),.PIECEWISE_BEZIER_KNOTS.);
#71=B_SPLINE_SURFACE_WITH_KNOTS('',3,1,((#12278,#12279),(#12280,#12281),
(#12282,#12283),(#12284,#12285)),.SURF_OF_LINEAR_EXTRUSION.,.F.,.F.,.F.,
(4,4),(2,2),(0.,1.),(0.,1.),.PIECEWISE_BEZIER_KNOTS.);
#72=B_SPLINE_SURFACE_WITH_KNOTS('',3,1,((#12295,#12296),(#12297,#12298),
(#12299,#12300),(#12301,#12302)),.SURF_OF_LINEAR_EXTRUSION.,.F.,.F.,.F.,
(4,4),(2,2),(0.,1.),(0.,1.),.PIECEWISE_BEZIER_KNOTS.);
#73=B_SPLINE_SURFACE_WITH_KNOTS('',3,1,((#12312,#12313),(#12314,#12315),
(#12316,#12317),(#12318,#12319)),.SURF_OF_LINEAR_EXTRUSION.,.F.,.F.,.F.,
(4,4),(2,2),(0.,1.),(0.,1.),.PIECEWISE_BEZIER_KNOTS.);
#74=B_SPLINE_SURFACE_WITH_KNOTS('',3,1,((#12343,#12344),(#12345,#12346),
(#12347,#12348),(#12349,#12350)),.SURF_OF_LINEAR_EXTRUSION.,.F.,.F.,.F.,
(4,4),(2,2),(0.,1.),(0.,1.),.PIECEWISE_BEZIER_KNOTS.);
#75=B_SPLINE_SURFACE_WITH_KNOTS('',3,1,((#12356,#12357),(#12358,#12359),
(#12360,#12361),(#12362,#12363)),.SURF_OF_LINEAR_EXTRUSION.,.F.,.F.,.F.,
(4,4),(2,2),(0.,1.),(0.,1.),.PIECEWISE_BEZIER_KNOTS.);
#76=B_SPLINE_SURFACE_WITH_KNOTS('',3,1,((#12369,#12370),(#12371,#12372),
(#12373,#12374),(#12375,#12376)),.SURF_OF_LINEAR_EXTRUSION.,.F.,.F.,.F.,
(4,4),(2,2),(0.,1.),(0.,1.),.PIECEWISE_BEZIER_KNOTS.);
#77=B_SPLINE_SURFACE_WITH_KNOTS('',3,1,((#12386,#12387),(#12388,#12389),
(#12390,#12391),(#12392,#12393)),.SURF_OF_LINEAR_EXTRUSION.,.F.,.F.,.F.,
(4,4),(2,2),(0.,1.),(0.,1.),.PIECEWISE_BEZIER_KNOTS.);
#78=B_SPLINE_SURFACE_WITH_KNOTS('',3,1,((#12399,#12400),(#12401,#12402),
(#12403,#12404),(#12405,#12406)),.SURF_OF_LINEAR_EXTRUSION.,.F.,.F.,.F.,
(4,4),(2,2),(0.,1.),(0.,1.),.PIECEWISE_BEZIER_KNOTS.);
#79=B_SPLINE_SURFACE_WITH_KNOTS('',3,1,((#12420,#12421),(#12422,#12423),
(#12424,#12425),(#12426,#12427)),.SURF_OF_LINEAR_EXTRUSION.,.F.,.F.,.F.,
(4,4),(2,2),(0.,1.),(0.,1.),.PIECEWISE_BEZIER_KNOTS.);
#80=B_SPLINE_SURFACE_WITH_KNOTS('',3,1,((#12433,#12434),(#12435,#12436),
(#12437,#12438),(#12439,#12440)),.SURF_OF_LINEAR_EXTRUSION.,.F.,.F.,.F.,
(4,4),(2,2),(0.,1.),(0.,1.),.PIECEWISE_BEZIER_KNOTS.);
#81=B_SPLINE_SURFACE_WITH_KNOTS('',3,1,((#12446,#12447),(#12448,#12449),
(#12450,#12451),(#12452,#12453)),.SURF_OF_LINEAR_EXTRUSION.,.F.,.F.,.F.,
(4,4),(2,2),(0.,1.),(0.,1.),.PIECEWISE_BEZIER_KNOTS.);
#82=B_SPLINE_SURFACE_WITH_KNOTS('',3,1,((#12459,#12460),(#12461,#12462),
(#12463,#12464),(#12465,#12466)),.SURF_OF_LINEAR_EXTRUSION.,.F.,.F.,.F.,
(4,4),(2,2),(0.,1.),(0.,1.),.PIECEWISE_BEZIER_KNOTS.);
#83=B_SPLINE_SURFACE_WITH_KNOTS('',3,1,((#12472,#12473),(#12474,#12475),
(#12476,#12477),(#12478,#12479)),.SURF_OF_LINEAR_EXTRUSION.,.F.,.F.,.F.,
(4,4),(2,2),(0.,1.),(0.,1.),.PIECEWISE_BEZIER_KNOTS.);
#84=B_SPLINE_SURFACE_WITH_KNOTS('',3,1,((#12485,#12486),(#12487,#12488),
(#12489,#12490),(#12491,#12492)),.SURF_OF_LINEAR_EXTRUSION.,.F.,.F.,.F.,
(4,4),(2,2),(0.,1.),(0.,1.),.PIECEWISE_BEZIER_KNOTS.);
#85=B_SPLINE_SURFACE_WITH_KNOTS('',3,1,((#12500,#12501),(#12502,#12503),
(#12504,#12505),(#12506,#12507)),.SURF_OF_LINEAR_EXTRUSION.,.F.,.F.,.F.,
(4,4),(2,2),(0.,1.),(0.,1.),.PIECEWISE_BEZIER_KNOTS.);
#86=B_SPLINE_SURFACE_WITH_KNOTS('',3,1,((#12538,#12539),(#12540,#12541),
(#12542,#12543),(#12544,#12545)),.SURF_OF_LINEAR_EXTRUSION.,.F.,.F.,.F.,
(4,4),(2,2),(0.,1.),(0.,1.),.PIECEWISE_BEZIER_KNOTS.);
#87=B_SPLINE_SURFACE_WITH_KNOTS('',3,1,((#12551,#12552),(#12553,#12554),
(#12555,#12556),(#12557,#12558)),.SURF_OF_LINEAR_EXTRUSION.,.F.,.F.,.F.,
(4,4),(2,2),(0.,1.),(0.,1.),.PIECEWISE_BEZIER_KNOTS.);
#88=B_SPLINE_SURFACE_WITH_KNOTS('',3,1,((#12564,#12565),(#12566,#12567),
(#12568,#12569),(#12570,#12571)),.SURF_OF_LINEAR_EXTRUSION.,.F.,.F.,.F.,
(4,4),(2,2),(0.,1.),(0.,1.),.PIECEWISE_BEZIER_KNOTS.);
#89=B_SPLINE_SURFACE_WITH_KNOTS('',3,1,((#12577,#12578),(#12579,#12580),
(#12581,#12582),(#12583,#12584)),.SURF_OF_LINEAR_EXTRUSION.,.F.,.F.,.F.,
(4,4),(2,2),(0.,1.),(0.,1.),.PIECEWISE_BEZIER_KNOTS.);
#90=B_SPLINE_SURFACE_WITH_KNOTS('',3,1,((#12602,#12603),(#12604,#12605),
(#12606,#12607),(#12608,#12609)),.SURF_OF_LINEAR_EXTRUSION.,.F.,.F.,.F.,
(4,4),(2,2),(0.,1.),(0.,1.),.PIECEWISE_BEZIER_KNOTS.);
#91=B_SPLINE_SURFACE_WITH_KNOTS('',3,1,((#12615,#12616),(#12617,#12618),
(#12619,#12620),(#12621,#12622)),.SURF_OF_LINEAR_EXTRUSION.,.F.,.F.,.F.,
(4,4),(2,2),(0.,1.),(0.,1.),.PIECEWISE_BEZIER_KNOTS.);
#92=B_SPLINE_SURFACE_WITH_KNOTS('',3,1,((#12628,#12629),(#12630,#12631),
(#12632,#12633),(#12634,#12635)),.SURF_OF_LINEAR_EXTRUSION.,.F.,.F.,.F.,
(4,4),(2,2),(0.,1.),(0.,1.),.PIECEWISE_BEZIER_KNOTS.);
#93=B_SPLINE_SURFACE_WITH_KNOTS('',3,1,((#12641,#12642),(#12643,#12644),
(#12645,#12646),(#12647,#12648)),.SURF_OF_LINEAR_EXTRUSION.,.F.,.F.,.F.,
(4,4),(2,2),(0.,1.),(0.,1.),.PIECEWISE_BEZIER_KNOTS.);
#94=B_SPLINE_SURFACE_WITH_KNOTS('',3,1,((#12657,#12658),(#12659,#12660),
(#12661,#12662),(#12663,#12664)),.SURF_OF_LINEAR_EXTRUSION.,.F.,.F.,.F.,
(4,4),(2,2),(0.,1.),(0.,1.),.PIECEWISE_BEZIER_KNOTS.);
#95=B_SPLINE_SURFACE_WITH_KNOTS('',3,1,((#12672,#12673),(#12674,#12675),
(#12676,#12677),(#12678,#12679)),.SURF_OF_LINEAR_EXTRUSION.,.F.,.F.,.F.,
(4,4),(2,2),(0.,1.),(0.,1.),.PIECEWISE_BEZIER_KNOTS.);
#96=B_SPLINE_SURFACE_WITH_KNOTS('',3,1,((#12685,#12686),(#12687,#12688),
(#12689,#12690),(#12691,#12692)),.SURF_OF_LINEAR_EXTRUSION.,.F.,.F.,.F.,
(4,4),(2,2),(0.,1.),(0.,1.),.PIECEWISE_BEZIER_KNOTS.);
#97=B_SPLINE_SURFACE_WITH_KNOTS('',3,1,((#12710,#12711),(#12712,#12713),
(#12714,#12715),(#12716,#12717)),.SURF_OF_LINEAR_EXTRUSION.,.F.,.F.,.F.,
(4,4),(2,2),(0.,1.),(0.,1.),.PIECEWISE_BEZIER_KNOTS.);
#98=B_SPLINE_SURFACE_WITH_KNOTS('',3,1,((#12723,#12724),(#12725,#12726),
(#12727,#12728),(#12729,#12730)),.SURF_OF_LINEAR_EXTRUSION.,.F.,.F.,.F.,
(4,4),(2,2),(0.,1.),(0.,1.),.PIECEWISE_BEZIER_KNOTS.);
#99=B_SPLINE_SURFACE_WITH_KNOTS('',3,1,((#12743,#12744),(#12745,#12746),
(#12747,#12748),(#12749,#12750)),.SURF_OF_LINEAR_EXTRUSION.,.F.,.F.,.F.,
(4,4),(2,2),(0.,1.),(0.,1.),.PIECEWISE_BEZIER_KNOTS.);
#100=B_SPLINE_SURFACE_WITH_KNOTS('',3,1,((#12758,#12759),(#12760,#12761),
(#12762,#12763),(#12764,#12765)),.SURF_OF_LINEAR_EXTRUSION.,.F.,.F.,.F.,
(4,4),(2,2),(0.,1.),(0.,1.),.PIECEWISE_BEZIER_KNOTS.);
#101=B_SPLINE_SURFACE_WITH_KNOTS('',3,1,((#12771,#12772),(#12773,#12774),
(#12775,#12776),(#12777,#12778)),.SURF_OF_LINEAR_EXTRUSION.,.F.,.F.,.F.,
(4,4),(2,2),(0.,1.),(0.,1.),.PIECEWISE_BEZIER_KNOTS.);
#102=B_SPLINE_SURFACE_WITH_KNOTS('',3,1,((#12784,#12785),(#12786,#12787),
(#12788,#12789),(#12790,#12791)),.SURF_OF_LINEAR_EXTRUSION.,.F.,.F.,.F.,
(4,4),(2,2),(0.,1.),(0.,1.),.PIECEWISE_BEZIER_KNOTS.);
#103=B_SPLINE_SURFACE_WITH_KNOTS('',3,1,((#12797,#12798),(#12799,#12800),
(#12801,#12802),(#12803,#12804)),.SURF_OF_LINEAR_EXTRUSION.,.F.,.F.,.F.,
(4,4),(2,2),(0.,1.),(0.,1.),.PIECEWISE_BEZIER_KNOTS.);
#104=B_SPLINE_SURFACE_WITH_KNOTS('',3,1,((#12819,#12820),(#12821,#12822),
(#12823,#12824),(#12825,#12826)),.SURF_OF_LINEAR_EXTRUSION.,.F.,.F.,.F.,
(4,4),(2,2),(0.,1.),(0.,1.),.PIECEWISE_BEZIER_KNOTS.);
#105=B_SPLINE_SURFACE_WITH_KNOTS('',3,1,((#12832,#12833),(#12834,#12835),
(#12836,#12837),(#12838,#12839)),.SURF_OF_LINEAR_EXTRUSION.,.F.,.F.,.F.,
(4,4),(2,2),(0.,1.),(0.,1.),.PIECEWISE_BEZIER_KNOTS.);
#106=B_SPLINE_SURFACE_WITH_KNOTS('',3,1,((#12845,#12846),(#12847,#12848),
(#12849,#12850),(#12851,#12852)),.SURF_OF_LINEAR_EXTRUSION.,.F.,.F.,.F.,
(4,4),(2,2),(0.,1.),(0.,1.),.PIECEWISE_BEZIER_KNOTS.);
#107=B_SPLINE_SURFACE_WITH_KNOTS('',3,1,((#12890,#12891),(#12892,#12893),
(#12894,#12895),(#12896,#12897)),.SURF_OF_LINEAR_EXTRUSION.,.F.,.F.,.F.,
(4,4),(2,2),(0.,1.),(0.,1.),.PIECEWISE_BEZIER_KNOTS.);
#108=B_SPLINE_SURFACE_WITH_KNOTS('',3,1,((#12903,#12904),(#12905,#12906),
(#12907,#12908),(#12909,#12910)),.SURF_OF_LINEAR_EXTRUSION.,.F.,.F.,.F.,
(4,4),(2,2),(0.,1.),(0.,1.),.PIECEWISE_BEZIER_KNOTS.);
#109=B_SPLINE_SURFACE_WITH_KNOTS('',3,1,((#12916,#12917),(#12918,#12919),
(#12920,#12921),(#12922,#12923)),.SURF_OF_LINEAR_EXTRUSION.,.F.,.F.,.F.,
(4,4),(2,2),(0.,1.),(0.,1.),.PIECEWISE_BEZIER_KNOTS.);
#110=B_SPLINE_SURFACE_WITH_KNOTS('',3,1,((#12932,#12933),(#12934,#12935),
(#12936,#12937),(#12938,#12939)),.SURF_OF_LINEAR_EXTRUSION.,.F.,.F.,.F.,
(4,4),(2,2),(0.,1.),(0.,1.),.PIECEWISE_BEZIER_KNOTS.);
#111=B_SPLINE_SURFACE_WITH_KNOTS('',3,1,((#12947,#12948),(#12949,#12950),
(#12951,#12952),(#12953,#12954)),.SURF_OF_LINEAR_EXTRUSION.,.F.,.F.,.F.,
(4,4),(2,2),(0.,1.),(0.,1.),.PIECEWISE_BEZIER_KNOTS.);
#112=B_SPLINE_SURFACE_WITH_KNOTS('',3,1,((#12960,#12961),(#12962,#12963),
(#12964,#12965),(#12966,#12967)),.SURF_OF_LINEAR_EXTRUSION.,.F.,.F.,.F.,
(4,4),(2,2),(0.,1.),(0.,1.),.PIECEWISE_BEZIER_KNOTS.);
#113=B_SPLINE_SURFACE_WITH_KNOTS('',3,1,((#12973,#12974),(#12975,#12976),
(#12977,#12978),(#12979,#12980)),.SURF_OF_LINEAR_EXTRUSION.,.F.,.F.,.F.,
(4,4),(2,2),(0.,1.),(0.,1.),.PIECEWISE_BEZIER_KNOTS.);
#114=B_SPLINE_SURFACE_WITH_KNOTS('',3,1,((#12986,#12987),(#12988,#12989),
(#12990,#12991),(#12992,#12993)),.SURF_OF_LINEAR_EXTRUSION.,.F.,.F.,.F.,
(4,4),(2,2),(0.,1.),(0.,1.),.PIECEWISE_BEZIER_KNOTS.);
#115=B_SPLINE_SURFACE_WITH_KNOTS('',3,1,((#13015,#13016),(#13017,#13018),
(#13019,#13020),(#13021,#13022)),.SURF_OF_LINEAR_EXTRUSION.,.F.,.F.,.F.,
(4,4),(2,2),(0.,1.),(0.,1.),.PIECEWISE_BEZIER_KNOTS.);
#116=B_SPLINE_SURFACE_WITH_KNOTS('',3,1,((#13062,#13063),(#13064,#13065),
(#13066,#13067),(#13068,#13069)),.SURF_OF_LINEAR_EXTRUSION.,.F.,.F.,.F.,
(4,4),(2,2),(0.,1.),(0.,1.),.PIECEWISE_BEZIER_KNOTS.);
#117=B_SPLINE_SURFACE_WITH_KNOTS('',3,1,((#13075,#13076),(#13077,#13078),
(#13079,#13080),(#13081,#13082)),.SURF_OF_LINEAR_EXTRUSION.,.F.,.F.,.F.,
(4,4),(2,2),(0.,1.),(0.,1.),.PIECEWISE_BEZIER_KNOTS.);
#118=B_SPLINE_SURFACE_WITH_KNOTS('',3,1,((#13088,#13089),(#13090,#13091),
(#13092,#13093),(#13094,#13095)),.SURF_OF_LINEAR_EXTRUSION.,.F.,.F.,.F.,
(4,4),(2,2),(0.,1.),(0.,1.),.PIECEWISE_BEZIER_KNOTS.);
#119=B_SPLINE_SURFACE_WITH_KNOTS('',3,1,((#13104,#13105),(#13106,#13107),
(#13108,#13109),(#13110,#13111)),.SURF_OF_LINEAR_EXTRUSION.,.F.,.F.,.F.,
(4,4),(2,2),(0.,1.),(0.,1.),.PIECEWISE_BEZIER_KNOTS.);
#120=B_SPLINE_SURFACE_WITH_KNOTS('',3,1,((#13119,#13120),(#13121,#13122),
(#13123,#13124),(#13125,#13126)),.SURF_OF_LINEAR_EXTRUSION.,.F.,.F.,.F.,
(4,4),(2,2),(0.,1.),(0.,1.),.PIECEWISE_BEZIER_KNOTS.);
#121=B_SPLINE_SURFACE_WITH_KNOTS('',3,1,((#13148,#13149),(#13150,#13151),
(#13152,#13153),(#13154,#13155)),.SURF_OF_LINEAR_EXTRUSION.,.F.,.F.,.F.,
(4,4),(2,2),(0.,1.),(0.,1.),.PIECEWISE_BEZIER_KNOTS.);
#122=B_SPLINE_SURFACE_WITH_KNOTS('',3,1,((#13161,#13162),(#13163,#13164),
(#13165,#13166),(#13167,#13168)),.SURF_OF_LINEAR_EXTRUSION.,.F.,.F.,.F.,
(4,4),(2,2),(0.,1.),(0.,1.),.PIECEWISE_BEZIER_KNOTS.);
#123=B_SPLINE_SURFACE_WITH_KNOTS('',3,1,((#13182,#13183),(#13184,#13185),
(#13186,#13187),(#13188,#13189)),.SURF_OF_LINEAR_EXTRUSION.,.F.,.F.,.F.,
(4,4),(2,2),(0.,1.),(0.,1.),.PIECEWISE_BEZIER_KNOTS.);
#124=B_SPLINE_SURFACE_WITH_KNOTS('',3,1,((#13195,#13196),(#13197,#13198),
(#13199,#13200),(#13201,#13202)),.SURF_OF_LINEAR_EXTRUSION.,.F.,.F.,.F.,
(4,4),(2,2),(0.,1.),(0.,1.),.PIECEWISE_BEZIER_KNOTS.);
#125=B_SPLINE_SURFACE_WITH_KNOTS('',3,1,((#13208,#13209),(#13210,#13211),
(#13212,#13213),(#13214,#13215)),.SURF_OF_LINEAR_EXTRUSION.,.F.,.F.,.F.,
(4,4),(2,2),(0.,1.),(0.,1.),.PIECEWISE_BEZIER_KNOTS.);
#126=B_SPLINE_SURFACE_WITH_KNOTS('',3,1,((#13221,#13222),(#13223,#13224),
(#13225,#13226),(#13227,#13228)),.SURF_OF_LINEAR_EXTRUSION.,.F.,.F.,.F.,
(4,4),(2,2),(0.,1.),(0.,1.),.PIECEWISE_BEZIER_KNOTS.);
#127=B_SPLINE_SURFACE_WITH_KNOTS('',3,1,((#13234,#13235),(#13236,#13237),
(#13238,#13239),(#13240,#13241)),.SURF_OF_LINEAR_EXTRUSION.,.F.,.F.,.F.,
(4,4),(2,2),(0.,1.),(0.,1.),.PIECEWISE_BEZIER_KNOTS.);
#128=B_SPLINE_SURFACE_WITH_KNOTS('',3,1,((#13254,#13255),(#13256,#13257),
(#13258,#13259),(#13260,#13261)),.SURF_OF_LINEAR_EXTRUSION.,.F.,.F.,.F.,
(4,4),(2,2),(0.,1.),(0.,1.),.PIECEWISE_BEZIER_KNOTS.);
#129=B_SPLINE_SURFACE_WITH_KNOTS('',3,1,((#13271,#13272),(#13273,#13274),
(#13275,#13276),(#13277,#13278)),.SURF_OF_LINEAR_EXTRUSION.,.F.,.F.,.F.,
(4,4),(2,2),(0.,1.),(0.,1.),.PIECEWISE_BEZIER_KNOTS.);
#130=B_SPLINE_SURFACE_WITH_KNOTS('',3,1,((#13294,#13295),(#13296,#13297),
(#13298,#13299),(#13300,#13301)),.SURF_OF_LINEAR_EXTRUSION.,.F.,.F.,.F.,
(4,4),(2,2),(0.,1.),(0.,1.),.PIECEWISE_BEZIER_KNOTS.);
#131=B_SPLINE_SURFACE_WITH_KNOTS('',3,1,((#13308,#13309),(#13310,#13311),
(#13312,#13313),(#13314,#13315)),.SURF_OF_LINEAR_EXTRUSION.,.F.,.F.,.F.,
(4,4),(2,2),(0.,1.),(0.,1.),.PIECEWISE_BEZIER_KNOTS.);
#132=B_SPLINE_SURFACE_WITH_KNOTS('',3,1,((#13351,#13352),(#13353,#13354),
(#13355,#13356),(#13357,#13358)),.SURF_OF_LINEAR_EXTRUSION.,.F.,.F.,.F.,
(4,4),(2,2),(0.,1.),(0.,1.),.PIECEWISE_BEZIER_KNOTS.);
#133=B_SPLINE_SURFACE_WITH_KNOTS('',3,1,((#13376,#13377),(#13378,#13379),
(#13380,#13381),(#13382,#13383)),.SURF_OF_LINEAR_EXTRUSION.,.F.,.F.,.F.,
(4,4),(2,2),(0.,1.),(0.,1.),.PIECEWISE_BEZIER_KNOTS.);
#134=B_SPLINE_SURFACE_WITH_KNOTS('',3,1,((#13389,#13390),(#13391,#13392),
(#13393,#13394),(#13395,#13396)),.SURF_OF_LINEAR_EXTRUSION.,.F.,.F.,.F.,
(4,4),(2,2),(0.,1.),(0.,1.),.PIECEWISE_BEZIER_KNOTS.);
#135=B_SPLINE_SURFACE_WITH_KNOTS('',3,1,((#13402,#13403),(#13404,#13405),
(#13406,#13407),(#13408,#13409)),.SURF_OF_LINEAR_EXTRUSION.,.F.,.F.,.F.,
(4,4),(2,2),(0.,1.),(0.,1.),.PIECEWISE_BEZIER_KNOTS.);
#136=B_SPLINE_SURFACE_WITH_KNOTS('',3,1,((#13439,#13440),(#13441,#13442),
(#13443,#13444),(#13445,#13446)),.SURF_OF_LINEAR_EXTRUSION.,.F.,.F.,.F.,
(4,4),(2,2),(0.,1.),(0.,1.),.PIECEWISE_BEZIER_KNOTS.);
#137=B_SPLINE_SURFACE_WITH_KNOTS('',3,1,((#13452,#13453),(#13454,#13455),
(#13456,#13457),(#13458,#13459)),.SURF_OF_LINEAR_EXTRUSION.,.F.,.F.,.F.,
(4,4),(2,2),(0.,1.),(0.,1.),.PIECEWISE_BEZIER_KNOTS.);
#138=B_SPLINE_SURFACE_WITH_KNOTS('',3,1,((#13465,#13466),(#13467,#13468),
(#13469,#13470),(#13471,#13472)),.SURF_OF_LINEAR_EXTRUSION.,.F.,.F.,.F.,
(4,4),(2,2),(0.,1.),(0.,1.),.PIECEWISE_BEZIER_KNOTS.);
#139=B_SPLINE_SURFACE_WITH_KNOTS('',3,1,((#13496,#13497),(#13498,#13499),
(#13500,#13501),(#13502,#13503)),.SURF_OF_LINEAR_EXTRUSION.,.F.,.F.,.F.,
(4,4),(2,2),(0.,1.),(0.,1.),.PIECEWISE_BEZIER_KNOTS.);
#140=B_SPLINE_SURFACE_WITH_KNOTS('',3,1,((#13513,#13514),(#13515,#13516),
(#13517,#13518),(#13519,#13520)),.SURF_OF_LINEAR_EXTRUSION.,.F.,.F.,.F.,
(4,4),(2,2),(0.,1.),(0.,1.),.PIECEWISE_BEZIER_KNOTS.);
#141=B_SPLINE_SURFACE_WITH_KNOTS('',3,1,((#13530,#13531),(#13532,#13533),
(#13534,#13535),(#13536,#13537)),.SURF_OF_LINEAR_EXTRUSION.,.F.,.F.,.F.,
(4,4),(2,2),(0.,1.),(0.,1.),.PIECEWISE_BEZIER_KNOTS.);
#142=B_SPLINE_SURFACE_WITH_KNOTS('',3,1,((#13547,#13548),(#13549,#13550),
(#13551,#13552),(#13553,#13554)),.SURF_OF_LINEAR_EXTRUSION.,.F.,.F.,.F.,
(4,4),(2,2),(0.,1.),(0.,1.),.PIECEWISE_BEZIER_KNOTS.);
#143=B_SPLINE_SURFACE_WITH_KNOTS('',3,1,((#13578,#13579),(#13580,#13581),
(#13582,#13583),(#13584,#13585)),.SURF_OF_LINEAR_EXTRUSION.,.F.,.F.,.F.,
(4,4),(2,2),(0.,1.),(0.,1.),.PIECEWISE_BEZIER_KNOTS.);
#144=B_SPLINE_SURFACE_WITH_KNOTS('',3,1,((#13591,#13592),(#13593,#13594),
(#13595,#13596),(#13597,#13598)),.SURF_OF_LINEAR_EXTRUSION.,.F.,.F.,.F.,
(4,4),(2,2),(0.,1.),(0.,1.),.PIECEWISE_BEZIER_KNOTS.);
#145=B_SPLINE_SURFACE_WITH_KNOTS('',3,1,((#13604,#13605),(#13606,#13607),
(#13608,#13609),(#13610,#13611)),.SURF_OF_LINEAR_EXTRUSION.,.F.,.F.,.F.,
(4,4),(2,2),(0.,1.),(0.,1.),.PIECEWISE_BEZIER_KNOTS.);
#146=B_SPLINE_SURFACE_WITH_KNOTS('',3,1,((#13621,#13622),(#13623,#13624),
(#13625,#13626),(#13627,#13628)),.SURF_OF_LINEAR_EXTRUSION.,.F.,.F.,.F.,
(4,4),(2,2),(0.,1.),(0.,1.),.PIECEWISE_BEZIER_KNOTS.);
#147=B_SPLINE_SURFACE_WITH_KNOTS('',3,1,((#13634,#13635),(#13636,#13637),
(#13638,#13639),(#13640,#13641)),.SURF_OF_LINEAR_EXTRUSION.,.F.,.F.,.F.,
(4,4),(2,2),(0.,1.),(0.,1.),.PIECEWISE_BEZIER_KNOTS.);
#148=B_SPLINE_SURFACE_WITH_KNOTS('',3,1,((#13655,#13656),(#13657,#13658),
(#13659,#13660),(#13661,#13662)),.SURF_OF_LINEAR_EXTRUSION.,.F.,.F.,.F.,
(4,4),(2,2),(0.,1.),(0.,1.),.PIECEWISE_BEZIER_KNOTS.);
#149=B_SPLINE_SURFACE_WITH_KNOTS('',3,1,((#13668,#13669),(#13670,#13671),
(#13672,#13673),(#13674,#13675)),.SURF_OF_LINEAR_EXTRUSION.,.F.,.F.,.F.,
(4,4),(2,2),(0.,1.),(0.,1.),.PIECEWISE_BEZIER_KNOTS.);
#150=B_SPLINE_SURFACE_WITH_KNOTS('',3,1,((#13681,#13682),(#13683,#13684),
(#13685,#13686),(#13687,#13688)),.SURF_OF_LINEAR_EXTRUSION.,.F.,.F.,.F.,
(4,4),(2,2),(0.,1.),(0.,1.),.PIECEWISE_BEZIER_KNOTS.);
#151=B_SPLINE_SURFACE_WITH_KNOTS('',3,1,((#13694,#13695),(#13696,#13697),
(#13698,#13699),(#13700,#13701)),.SURF_OF_LINEAR_EXTRUSION.,.F.,.F.,.F.,
(4,4),(2,2),(0.,1.),(0.,1.),.PIECEWISE_BEZIER_KNOTS.);
#152=B_SPLINE_SURFACE_WITH_KNOTS('',3,1,((#13707,#13708),(#13709,#13710),
(#13711,#13712),(#13713,#13714)),.SURF_OF_LINEAR_EXTRUSION.,.F.,.F.,.F.,
(4,4),(2,2),(0.,1.),(0.,1.),.PIECEWISE_BEZIER_KNOTS.);
#153=B_SPLINE_SURFACE_WITH_KNOTS('',3,1,((#13720,#13721),(#13722,#13723),
(#13724,#13725),(#13726,#13727)),.SURF_OF_LINEAR_EXTRUSION.,.F.,.F.,.F.,
(4,4),(2,2),(0.,1.),(0.,1.),.PIECEWISE_BEZIER_KNOTS.);
#154=B_SPLINE_SURFACE_WITH_KNOTS('',3,1,((#13735,#13736),(#13737,#13738),
(#13739,#13740),(#13741,#13742)),.SURF_OF_LINEAR_EXTRUSION.,.F.,.F.,.F.,
(4,4),(2,2),(0.,1.),(0.,1.),.PIECEWISE_BEZIER_KNOTS.);
#155=B_SPLINE_SURFACE_WITH_KNOTS('',3,1,((#13751,#13752),(#13753,#13754),
(#13755,#13756),(#13757,#13758)),.SURF_OF_LINEAR_EXTRUSION.,.F.,.F.,.F.,
(4,4),(2,2),(0.,1.),(0.,1.),.PIECEWISE_BEZIER_KNOTS.);
#156=B_SPLINE_SURFACE_WITH_KNOTS('',3,1,((#13766,#13767),(#13768,#13769),
(#13770,#13771),(#13772,#13773)),.SURF_OF_LINEAR_EXTRUSION.,.F.,.F.,.F.,
(4,4),(2,2),(0.,1.),(0.,1.),.PIECEWISE_BEZIER_KNOTS.);
#157=B_SPLINE_SURFACE_WITH_KNOTS('',3,1,((#13779,#13780),(#13781,#13782),
(#13783,#13784),(#13785,#13786)),.SURF_OF_LINEAR_EXTRUSION.,.F.,.F.,.F.,
(4,4),(2,2),(0.,1.),(0.,1.),.PIECEWISE_BEZIER_KNOTS.);
#158=B_SPLINE_SURFACE_WITH_KNOTS('',3,1,((#13836,#13837),(#13838,#13839),
(#13840,#13841),(#13842,#13843)),.SURF_OF_LINEAR_EXTRUSION.,.F.,.F.,.F.,
(4,4),(2,2),(0.,1.),(0.,1.),.PIECEWISE_BEZIER_KNOTS.);
#159=B_SPLINE_SURFACE_WITH_KNOTS('',3,1,((#13849,#13850),(#13851,#13852),
(#13853,#13854),(#13855,#13856)),.SURF_OF_LINEAR_EXTRUSION.,.F.,.F.,.F.,
(4,4),(2,2),(0.,1.),(0.,1.),.PIECEWISE_BEZIER_KNOTS.);
#160=B_SPLINE_SURFACE_WITH_KNOTS('',3,1,((#13862,#13863),(#13864,#13865),
(#13866,#13867),(#13868,#13869)),.SURF_OF_LINEAR_EXTRUSION.,.F.,.F.,.F.,
(4,4),(2,2),(0.,1.),(0.,1.),.PIECEWISE_BEZIER_KNOTS.);
#161=B_SPLINE_SURFACE_WITH_KNOTS('',3,1,((#13878,#13879),(#13880,#13881),
(#13882,#13883),(#13884,#13885)),.SURF_OF_LINEAR_EXTRUSION.,.F.,.F.,.F.,
(4,4),(2,2),(0.,1.),(0.,1.),.PIECEWISE_BEZIER_KNOTS.);
#162=B_SPLINE_SURFACE_WITH_KNOTS('',3,1,((#13893,#13894),(#13895,#13896),
(#13897,#13898),(#13899,#13900)),.SURF_OF_LINEAR_EXTRUSION.,.F.,.F.,.F.,
(4,4),(2,2),(0.,1.),(0.,1.),.PIECEWISE_BEZIER_KNOTS.);
#163=B_SPLINE_SURFACE_WITH_KNOTS('',3,1,((#13922,#13923),(#13924,#13925),
(#13926,#13927),(#13928,#13929)),.SURF_OF_LINEAR_EXTRUSION.,.F.,.F.,.F.,
(4,4),(2,2),(0.,1.),(0.,1.),.PIECEWISE_BEZIER_KNOTS.);
#164=B_SPLINE_SURFACE_WITH_KNOTS('',3,1,((#13935,#13936),(#13937,#13938),
(#13939,#13940),(#13941,#13942)),.SURF_OF_LINEAR_EXTRUSION.,.F.,.F.,.F.,
(4,4),(2,2),(0.,1.),(0.,1.),.PIECEWISE_BEZIER_KNOTS.);
#165=B_SPLINE_SURFACE_WITH_KNOTS('',3,1,((#13960,#13961),(#13962,#13963),
(#13964,#13965),(#13966,#13967)),.SURF_OF_LINEAR_EXTRUSION.,.F.,.F.,.F.,
(4,4),(2,2),(0.,1.),(0.,1.),.PIECEWISE_BEZIER_KNOTS.);
#166=B_SPLINE_SURFACE_WITH_KNOTS('',3,1,((#13973,#13974),(#13975,#13976),
(#13977,#13978),(#13979,#13980)),.SURF_OF_LINEAR_EXTRUSION.,.F.,.F.,.F.,
(4,4),(2,2),(0.,1.),(0.,1.),.PIECEWISE_BEZIER_KNOTS.);
#167=B_SPLINE_SURFACE_WITH_KNOTS('',3,1,((#13986,#13987),(#13988,#13989),
(#13990,#13991),(#13992,#13993)),.SURF_OF_LINEAR_EXTRUSION.,.F.,.F.,.F.,
(4,4),(2,2),(0.,1.),(0.,1.),.PIECEWISE_BEZIER_KNOTS.);
#168=B_SPLINE_SURFACE_WITH_KNOTS('',3,1,((#13998,#13999),(#14000,#14001),
(#14002,#14003),(#14004,#14005)),.SURF_OF_LINEAR_EXTRUSION.,.F.,.F.,.F.,
(4,4),(2,2),(0.,1.),(0.,1.),.PIECEWISE_BEZIER_KNOTS.);
#169=B_SPLINE_SURFACE_WITH_KNOTS('',3,1,((#14013,#14014),(#14015,#14016),
(#14017,#14018),(#14019,#14020)),.SURF_OF_LINEAR_EXTRUSION.,.F.,.F.,.F.,
(4,4),(2,2),(0.,1.),(0.,1.),.PIECEWISE_BEZIER_KNOTS.);
#170=B_SPLINE_SURFACE_WITH_KNOTS('',3,1,((#14026,#14027),(#14028,#14029),
(#14030,#14031),(#14032,#14033)),.SURF_OF_LINEAR_EXTRUSION.,.F.,.F.,.F.,
(4,4),(2,2),(0.,1.),(0.,1.),.PIECEWISE_BEZIER_KNOTS.);
#171=B_SPLINE_SURFACE_WITH_KNOTS('',3,1,((#14051,#14052),(#14053,#14054),
(#14055,#14056),(#14057,#14058)),.SURF_OF_LINEAR_EXTRUSION.,.F.,.F.,.F.,
(4,4),(2,2),(0.,1.),(0.,1.),.PIECEWISE_BEZIER_KNOTS.);
#172=B_SPLINE_SURFACE_WITH_KNOTS('',3,1,((#14064,#14065),(#14066,#14067),
(#14068,#14069),(#14070,#14071)),.SURF_OF_LINEAR_EXTRUSION.,.F.,.F.,.F.,
(4,4),(2,2),(0.,1.),(0.,1.),.PIECEWISE_BEZIER_KNOTS.);
#173=B_SPLINE_SURFACE_WITH_KNOTS('',3,1,((#14098,#14099),(#14100,#14101),
(#14102,#14103),(#14104,#14105)),.SURF_OF_LINEAR_EXTRUSION.,.F.,.F.,.F.,
(4,4),(2,2),(0.,1.),(0.,1.),.PIECEWISE_BEZIER_KNOTS.);
#174=B_SPLINE_SURFACE_WITH_KNOTS('',3,1,((#14127,#14128),(#14129,#14130),
(#14131,#14132),(#14133,#14134)),.SURF_OF_LINEAR_EXTRUSION.,.F.,.F.,.F.,
(4,4),(2,2),(0.,1.),(0.,1.),.PIECEWISE_BEZIER_KNOTS.);
#175=B_SPLINE_SURFACE_WITH_KNOTS('',3,1,((#14140,#14141),(#14142,#14143),
(#14144,#14145),(#14146,#14147)),.SURF_OF_LINEAR_EXTRUSION.,.F.,.F.,.F.,
(4,4),(2,2),(0.,1.),(0.,1.),.PIECEWISE_BEZIER_KNOTS.);
#176=B_SPLINE_SURFACE_WITH_KNOTS('',3,1,((#14173,#14174),(#14175,#14176),
(#14177,#14178),(#14179,#14180)),.SURF_OF_LINEAR_EXTRUSION.,.F.,.F.,.F.,
(4,4),(2,2),(0.,1.),(0.,1.),.PIECEWISE_BEZIER_KNOTS.);
#177=B_SPLINE_SURFACE_WITH_KNOTS('',3,1,((#14189,#14190),(#14191,#14192),
(#14193,#14194),(#14195,#14196)),.SURF_OF_LINEAR_EXTRUSION.,.F.,.F.,.F.,
(4,4),(2,2),(0.,1.),(0.,1.),.PIECEWISE_BEZIER_KNOTS.);
#178=B_SPLINE_SURFACE_WITH_KNOTS('',3,1,((#14209,#14210),(#14211,#14212),
(#14213,#14214),(#14215,#14216)),.SURF_OF_LINEAR_EXTRUSION.,.F.,.F.,.F.,
(4,4),(2,2),(0.,1.),(0.,1.),.PIECEWISE_BEZIER_KNOTS.);
#179=B_SPLINE_SURFACE_WITH_KNOTS('',3,1,((#14226,#14227),(#14228,#14229),
(#14230,#14231),(#14232,#14233)),.SURF_OF_LINEAR_EXTRUSION.,.F.,.F.,.F.,
(4,4),(2,2),(0.,1.),(0.,1.),.PIECEWISE_BEZIER_KNOTS.);
#180=B_SPLINE_SURFACE_WITH_KNOTS('',3,1,((#14243,#14244),(#14245,#14246),
(#14247,#14248),(#14249,#14250)),.SURF_OF_LINEAR_EXTRUSION.,.F.,.F.,.F.,
(4,4),(2,2),(0.,1.),(0.,1.),.PIECEWISE_BEZIER_KNOTS.);
#181=B_SPLINE_SURFACE_WITH_KNOTS('',3,1,((#14260,#14261),(#14262,#14263),
(#14264,#14265),(#14266,#14267)),.SURF_OF_LINEAR_EXTRUSION.,.F.,.F.,.F.,
(4,4),(2,2),(0.,1.),(0.,1.),.PIECEWISE_BEZIER_KNOTS.);
#182=B_SPLINE_SURFACE_WITH_KNOTS('',3,1,((#14277,#14278),(#14279,#14280),
(#14281,#14282),(#14283,#14284)),.SURF_OF_LINEAR_EXTRUSION.,.F.,.F.,.F.,
(4,4),(2,2),(0.,1.),(0.,1.),.PIECEWISE_BEZIER_KNOTS.);
#183=B_SPLINE_SURFACE_WITH_KNOTS('',3,1,((#14294,#14295),(#14296,#14297),
(#14298,#14299),(#14300,#14301)),.SURF_OF_LINEAR_EXTRUSION.,.F.,.F.,.F.,
(4,4),(2,2),(0.,1.),(0.,1.),.PIECEWISE_BEZIER_KNOTS.);
#184=B_SPLINE_SURFACE_WITH_KNOTS('',3,1,((#14317,#14318),(#14319,#14320),
(#14321,#14322),(#14323,#14324)),.SURF_OF_LINEAR_EXTRUSION.,.F.,.F.,.F.,
(4,4),(2,2),(0.,1.),(0.,1.),.PIECEWISE_BEZIER_KNOTS.);
#185=B_SPLINE_SURFACE_WITH_KNOTS('',3,1,((#14332,#14333),(#14334,#14335),
(#14336,#14337),(#14338,#14339)),.SURF_OF_LINEAR_EXTRUSION.,.F.,.F.,.F.,
(4,4),(2,2),(0.,1.),(0.,1.),.PIECEWISE_BEZIER_KNOTS.);
#186=B_SPLINE_SURFACE_WITH_KNOTS('',3,1,((#14349,#14350),(#14351,#14352),
(#14353,#14354),(#14355,#14356)),.SURF_OF_LINEAR_EXTRUSION.,.F.,.F.,.F.,
(4,4),(2,2),(0.,1.),(0.,1.),.PIECEWISE_BEZIER_KNOTS.);
#187=B_SPLINE_SURFACE_WITH_KNOTS('',3,1,((#14386,#14387),(#14388,#14389),
(#14390,#14391),(#14392,#14393)),.SURF_OF_LINEAR_EXTRUSION.,.F.,.F.,.F.,
(4,4),(2,2),(0.,1.),(0.,1.),.PIECEWISE_BEZIER_KNOTS.);
#188=B_SPLINE_SURFACE_WITH_KNOTS('',3,1,((#14399,#14400),(#14401,#14402),
(#14403,#14404),(#14405,#14406)),.SURF_OF_LINEAR_EXTRUSION.,.F.,.F.,.F.,
(4,4),(2,2),(0.,1.),(0.,1.),.PIECEWISE_BEZIER_KNOTS.);
#189=B_SPLINE_SURFACE_WITH_KNOTS('',3,1,((#14412,#14413),(#14414,#14415),
(#14416,#14417),(#14418,#14419)),.SURF_OF_LINEAR_EXTRUSION.,.F.,.F.,.F.,
(4,4),(2,2),(0.,1.),(0.,1.),.PIECEWISE_BEZIER_KNOTS.);
#190=B_SPLINE_SURFACE_WITH_KNOTS('',3,1,((#14425,#14426),(#14427,#14428),
(#14429,#14430),(#14431,#14432)),.SURF_OF_LINEAR_EXTRUSION.,.F.,.F.,.F.,
(4,4),(2,2),(0.,1.),(0.,1.),.PIECEWISE_BEZIER_KNOTS.);
#191=B_SPLINE_SURFACE_WITH_KNOTS('',3,1,((#14436,#14437),(#14438,#14439),
(#14440,#14441),(#14442,#14443)),.SURF_OF_LINEAR_EXTRUSION.,.F.,.F.,.F.,
(4,4),(2,2),(0.,1.),(0.,1.),.PIECEWISE_BEZIER_KNOTS.);
#192=B_SPLINE_SURFACE_WITH_KNOTS('',3,1,((#14452,#14453),(#14454,#14455),
(#14456,#14457),(#14458,#14459)),.SURF_OF_LINEAR_EXTRUSION.,.F.,.F.,.F.,
(4,4),(2,2),(0.,1.),(0.,1.),.PIECEWISE_BEZIER_KNOTS.);
#193=B_SPLINE_SURFACE_WITH_KNOTS('',3,1,((#14467,#14468),(#14469,#14470),
(#14471,#14472),(#14473,#14474)),.SURF_OF_LINEAR_EXTRUSION.,.F.,.F.,.F.,
(4,4),(2,2),(0.,1.),(0.,1.),.PIECEWISE_BEZIER_KNOTS.);
#194=B_SPLINE_SURFACE_WITH_KNOTS('',3,1,((#14496,#14497),(#14498,#14499),
(#14500,#14501),(#14502,#14503)),.SURF_OF_LINEAR_EXTRUSION.,.F.,.F.,.F.,
(4,4),(2,2),(0.,1.),(0.,1.),.PIECEWISE_BEZIER_KNOTS.);
#195=B_SPLINE_SURFACE_WITH_KNOTS('',3,1,((#14509,#14510),(#14511,#14512),
(#14513,#14514),(#14515,#14516)),.SURF_OF_LINEAR_EXTRUSION.,.F.,.F.,.F.,
(4,4),(2,2),(0.,1.),(0.,1.),.PIECEWISE_BEZIER_KNOTS.);
#196=B_SPLINE_SURFACE_WITH_KNOTS('',3,1,((#14530,#14531),(#14532,#14533),
(#14534,#14535),(#14536,#14537)),.SURF_OF_LINEAR_EXTRUSION.,.F.,.F.,.F.,
(4,4),(2,2),(0.,1.),(0.,1.),.PIECEWISE_BEZIER_KNOTS.);
#197=B_SPLINE_SURFACE_WITH_KNOTS('',3,1,((#14543,#14544),(#14545,#14546),
(#14547,#14548),(#14549,#14550)),.SURF_OF_LINEAR_EXTRUSION.,.F.,.F.,.F.,
(4,4),(2,2),(0.,1.),(0.,1.),.PIECEWISE_BEZIER_KNOTS.);
#198=B_SPLINE_SURFACE_WITH_KNOTS('',3,1,((#14556,#14557),(#14558,#14559),
(#14560,#14561),(#14562,#14563)),.SURF_OF_LINEAR_EXTRUSION.,.F.,.F.,.F.,
(4,4),(2,2),(0.,1.),(0.,1.),.PIECEWISE_BEZIER_KNOTS.);
#199=B_SPLINE_SURFACE_WITH_KNOTS('',3,1,((#14569,#14570),(#14571,#14572),
(#14573,#14574),(#14575,#14576)),.SURF_OF_LINEAR_EXTRUSION.,.F.,.F.,.F.,
(4,4),(2,2),(0.,1.),(0.,1.),.PIECEWISE_BEZIER_KNOTS.);
#200=B_SPLINE_SURFACE_WITH_KNOTS('',3,1,((#14582,#14583),(#14584,#14585),
(#14586,#14587),(#14588,#14589)),.SURF_OF_LINEAR_EXTRUSION.,.F.,.F.,.F.,
(4,4),(2,2),(0.,1.),(0.,1.),.PIECEWISE_BEZIER_KNOTS.);
#201=B_SPLINE_SURFACE_WITH_KNOTS('',3,1,((#14602,#14603),(#14604,#14605),
(#14606,#14607),(#14608,#14609)),.SURF_OF_LINEAR_EXTRUSION.,.F.,.F.,.F.,
(4,4),(2,2),(0.,1.),(0.,1.),.PIECEWISE_BEZIER_KNOTS.);
#202=B_SPLINE_SURFACE_WITH_KNOTS('',3,1,((#14619,#14620),(#14621,#14622),
(#14623,#14624),(#14625,#14626)),.SURF_OF_LINEAR_EXTRUSION.,.F.,.F.,.F.,
(4,4),(2,2),(0.,1.),(0.,1.),.PIECEWISE_BEZIER_KNOTS.);
#203=B_SPLINE_SURFACE_WITH_KNOTS('',3,1,((#14642,#14643),(#14644,#14645),
(#14646,#14647),(#14648,#14649)),.SURF_OF_LINEAR_EXTRUSION.,.F.,.F.,.F.,
(4,4),(2,2),(0.,1.),(0.,1.),.PIECEWISE_BEZIER_KNOTS.);
#204=B_SPLINE_SURFACE_WITH_KNOTS('',3,1,((#14656,#14657),(#14658,#14659),
(#14660,#14661),(#14662,#14663)),.SURF_OF_LINEAR_EXTRUSION.,.F.,.F.,.F.,
(4,4),(2,2),(0.,1.),(0.,1.),.PIECEWISE_BEZIER_KNOTS.);
#205=B_SPLINE_SURFACE_WITH_KNOTS('',3,1,((#14679,#14680),(#14681,#14682),
(#14683,#14684),(#14685,#14686)),.SURF_OF_LINEAR_EXTRUSION.,.F.,.F.,.F.,
(4,4),(2,2),(0.,1.),(0.,1.),.PIECEWISE_BEZIER_KNOTS.);
#206=B_SPLINE_SURFACE_WITH_KNOTS('',3,1,((#14692,#14693),(#14694,#14695),
(#14696,#14697),(#14698,#14699)),.SURF_OF_LINEAR_EXTRUSION.,.F.,.F.,.F.,
(4,4),(2,2),(0.,1.),(0.,1.),.PIECEWISE_BEZIER_KNOTS.);
#207=B_SPLINE_SURFACE_WITH_KNOTS('',3,1,((#14705,#14706),(#14707,#14708),
(#14709,#14710),(#14711,#14712)),.SURF_OF_LINEAR_EXTRUSION.,.F.,.F.,.F.,
(4,4),(2,2),(0.,1.),(0.,1.),.PIECEWISE_BEZIER_KNOTS.);
#208=B_SPLINE_SURFACE_WITH_KNOTS('',3,1,((#14726,#14727),(#14728,#14729),
(#14730,#14731),(#14732,#14733)),.SURF_OF_LINEAR_EXTRUSION.,.F.,.F.,.F.,
(4,4),(2,2),(0.,1.),(0.,1.),.PIECEWISE_BEZIER_KNOTS.);
#209=B_SPLINE_SURFACE_WITH_KNOTS('',3,1,((#14759,#14760),(#14761,#14762),
(#14763,#14764),(#14765,#14766)),.SURF_OF_LINEAR_EXTRUSION.,.F.,.F.,.F.,
(4,4),(2,2),(0.,1.),(0.,1.),.PIECEWISE_BEZIER_KNOTS.);
#210=B_SPLINE_SURFACE_WITH_KNOTS('',3,1,((#14772,#14773),(#14774,#14775),
(#14776,#14777),(#14778,#14779)),.SURF_OF_LINEAR_EXTRUSION.,.F.,.F.,.F.,
(4,4),(2,2),(0.,1.),(0.,1.),.PIECEWISE_BEZIER_KNOTS.);
#211=B_SPLINE_SURFACE_WITH_KNOTS('',3,1,((#14785,#14786),(#14787,#14788),
(#14789,#14790),(#14791,#14792)),.SURF_OF_LINEAR_EXTRUSION.,.F.,.F.,.F.,
(4,4),(2,2),(0.,1.),(0.,1.),.PIECEWISE_BEZIER_KNOTS.);
#212=B_SPLINE_SURFACE_WITH_KNOTS('',3,1,((#14871,#14872),(#14873,#14874),
(#14875,#14876),(#14877,#14878)),.SURF_OF_LINEAR_EXTRUSION.,.F.,.F.,.F.,
(4,4),(2,2),(0.,1.),(0.,1.),.PIECEWISE_BEZIER_KNOTS.);
#213=B_SPLINE_SURFACE_WITH_KNOTS('',3,1,((#14902,#14903),(#14904,#14905),
(#14906,#14907),(#14908,#14909)),.SURF_OF_LINEAR_EXTRUSION.,.F.,.F.,.F.,
(4,4),(2,2),(0.,1.),(0.,1.),.PIECEWISE_BEZIER_KNOTS.);
#214=B_SPLINE_SURFACE_WITH_KNOTS('',3,1,((#14919,#14920),(#14921,#14922),
(#14923,#14924),(#14925,#14926)),.SURF_OF_LINEAR_EXTRUSION.,.F.,.F.,.F.,
(4,4),(2,2),(0.,1.),(0.,1.),.PIECEWISE_BEZIER_KNOTS.);
#215=B_SPLINE_SURFACE_WITH_KNOTS('',3,1,((#14936,#14937),(#14938,#14939),
(#14940,#14941),(#14942,#14943)),.SURF_OF_LINEAR_EXTRUSION.,.F.,.F.,.F.,
(4,4),(2,2),(0.,1.),(0.,1.),.PIECEWISE_BEZIER_KNOTS.);
#216=B_SPLINE_SURFACE_WITH_KNOTS('',3,1,((#14953,#14954),(#14955,#14956),
(#14957,#14958),(#14959,#14960)),.SURF_OF_LINEAR_EXTRUSION.,.F.,.F.,.F.,
(4,4),(2,2),(0.,1.),(0.,1.),.PIECEWISE_BEZIER_KNOTS.);
#217=B_SPLINE_SURFACE_WITH_KNOTS('',3,1,((#14984,#14985),(#14986,#14987),
(#14988,#14989),(#14990,#14991)),.SURF_OF_LINEAR_EXTRUSION.,.F.,.F.,.F.,
(4,4),(2,2),(0.,1.),(0.,1.),.PIECEWISE_BEZIER_KNOTS.);
#218=B_SPLINE_SURFACE_WITH_KNOTS('',3,1,((#14997,#14998),(#14999,#15000),
(#15001,#15002),(#15003,#15004)),.SURF_OF_LINEAR_EXTRUSION.,.F.,.F.,.F.,
(4,4),(2,2),(0.,1.),(0.,1.),.PIECEWISE_BEZIER_KNOTS.);
#219=B_SPLINE_SURFACE_WITH_KNOTS('',3,1,((#15010,#15011),(#15012,#15013),
(#15014,#15015),(#15016,#15017)),.SURF_OF_LINEAR_EXTRUSION.,.F.,.F.,.F.,
(4,4),(2,2),(0.,1.),(0.,1.),.PIECEWISE_BEZIER_KNOTS.);
#220=B_SPLINE_SURFACE_WITH_KNOTS('',3,1,((#15027,#15028),(#15029,#15030),
(#15031,#15032),(#15033,#15034)),.SURF_OF_LINEAR_EXTRUSION.,.F.,.F.,.F.,
(4,4),(2,2),(0.,1.),(0.,1.),.PIECEWISE_BEZIER_KNOTS.);
#221=B_SPLINE_SURFACE_WITH_KNOTS('',3,1,((#15040,#15041),(#15042,#15043),
(#15044,#15045),(#15046,#15047)),.SURF_OF_LINEAR_EXTRUSION.,.F.,.F.,.F.,
(4,4),(2,2),(0.,1.),(0.,1.),.PIECEWISE_BEZIER_KNOTS.);
#222=B_SPLINE_SURFACE_WITH_KNOTS('',3,1,((#15061,#15062),(#15063,#15064),
(#15065,#15066),(#15067,#15068)),.SURF_OF_LINEAR_EXTRUSION.,.F.,.F.,.F.,
(4,4),(2,2),(0.,1.),(0.,1.),.PIECEWISE_BEZIER_KNOTS.);
#223=B_SPLINE_SURFACE_WITH_KNOTS('',3,1,((#15074,#15075),(#15076,#15077),
(#15078,#15079),(#15080,#15081)),.SURF_OF_LINEAR_EXTRUSION.,.F.,.F.,.F.,
(4,4),(2,2),(0.,1.),(0.,1.),.PIECEWISE_BEZIER_KNOTS.);
#224=B_SPLINE_SURFACE_WITH_KNOTS('',3,1,((#15087,#15088),(#15089,#15090),
(#15091,#15092),(#15093,#15094)),.SURF_OF_LINEAR_EXTRUSION.,.F.,.F.,.F.,
(4,4),(2,2),(0.,1.),(0.,1.),.PIECEWISE_BEZIER_KNOTS.);
#225=B_SPLINE_SURFACE_WITH_KNOTS('',3,1,((#15100,#15101),(#15102,#15103),
(#15104,#15105),(#15106,#15107)),.SURF_OF_LINEAR_EXTRUSION.,.F.,.F.,.F.,
(4,4),(2,2),(0.,1.),(0.,1.),.PIECEWISE_BEZIER_KNOTS.);
#226=B_SPLINE_SURFACE_WITH_KNOTS('',3,1,((#15113,#15114),(#15115,#15116),
(#15117,#15118),(#15119,#15120)),.SURF_OF_LINEAR_EXTRUSION.,.F.,.F.,.F.,
(4,4),(2,2),(0.,1.),(0.,1.),.PIECEWISE_BEZIER_KNOTS.);
#227=B_SPLINE_SURFACE_WITH_KNOTS('',3,1,((#15126,#15127),(#15128,#15129),
(#15130,#15131),(#15132,#15133)),.SURF_OF_LINEAR_EXTRUSION.,.F.,.F.,.F.,
(4,4),(2,2),(0.,1.),(0.,1.),.PIECEWISE_BEZIER_KNOTS.);
#228=B_SPLINE_SURFACE_WITH_KNOTS('',3,1,((#15141,#15142),(#15143,#15144),
(#15145,#15146),(#15147,#15148)),.SURF_OF_LINEAR_EXTRUSION.,.F.,.F.,.F.,
(4,4),(2,2),(0.,1.),(0.,1.),.PIECEWISE_BEZIER_KNOTS.);
#229=B_SPLINE_SURFACE_WITH_KNOTS('',3,1,((#15157,#15158),(#15159,#15160),
(#15161,#15162),(#15163,#15164)),.SURF_OF_LINEAR_EXTRUSION.,.F.,.F.,.F.,
(4,4),(2,2),(0.,1.),(0.,1.),.PIECEWISE_BEZIER_KNOTS.);
#230=B_SPLINE_SURFACE_WITH_KNOTS('',3,1,((#15177,#15178),(#15179,#15180),
(#15181,#15182),(#15183,#15184)),.SURF_OF_LINEAR_EXTRUSION.,.F.,.F.,.F.,
(4,4),(2,2),(0.,1.),(0.,1.),.PIECEWISE_BEZIER_KNOTS.);
#231=B_SPLINE_SURFACE_WITH_KNOTS('',3,1,((#15194,#15195),(#15196,#15197),
(#15198,#15199),(#15200,#15201)),.SURF_OF_LINEAR_EXTRUSION.,.F.,.F.,.F.,
(4,4),(2,2),(0.,1.),(0.,1.),.PIECEWISE_BEZIER_KNOTS.);
#232=B_SPLINE_SURFACE_WITH_KNOTS('',3,1,((#15211,#15212),(#15213,#15214),
(#15215,#15216),(#15217,#15218)),.SURF_OF_LINEAR_EXTRUSION.,.F.,.F.,.F.,
(4,4),(2,2),(0.,1.),(0.,1.),.PIECEWISE_BEZIER_KNOTS.);
#233=B_SPLINE_SURFACE_WITH_KNOTS('',3,1,((#15228,#15229),(#15230,#15231),
(#15232,#15233),(#15234,#15235)),.SURF_OF_LINEAR_EXTRUSION.,.F.,.F.,.F.,
(4,4),(2,2),(0.,1.),(0.,1.),.PIECEWISE_BEZIER_KNOTS.);
#234=B_SPLINE_SURFACE_WITH_KNOTS('',3,1,((#15245,#15246),(#15247,#15248),
(#15249,#15250),(#15251,#15252)),.SURF_OF_LINEAR_EXTRUSION.,.F.,.F.,.F.,
(4,4),(2,2),(0.,1.),(0.,1.),.PIECEWISE_BEZIER_KNOTS.);
#235=B_SPLINE_SURFACE_WITH_KNOTS('',3,1,((#15262,#15263),(#15264,#15265),
(#15266,#15267),(#15268,#15269)),.SURF_OF_LINEAR_EXTRUSION.,.F.,.F.,.F.,
(4,4),(2,2),(0.,1.),(0.,1.),.PIECEWISE_BEZIER_KNOTS.);
#236=B_SPLINE_SURFACE_WITH_KNOTS('',3,1,((#15285,#15286),(#15287,#15288),
(#15289,#15290),(#15291,#15292)),.SURF_OF_LINEAR_EXTRUSION.,.F.,.F.,.F.,
(4,4),(2,2),(0.,1.),(0.,1.),.PIECEWISE_BEZIER_KNOTS.);
#237=B_SPLINE_SURFACE_WITH_KNOTS('',3,1,((#15300,#15301),(#15302,#15303),
(#15304,#15305),(#15306,#15307)),.SURF_OF_LINEAR_EXTRUSION.,.F.,.F.,.F.,
(4,4),(2,2),(0.,1.),(0.,1.),.PIECEWISE_BEZIER_KNOTS.);
#238=B_SPLINE_SURFACE_WITH_KNOTS('',3,1,((#15337,#15338),(#15339,#15340),
(#15341,#15342),(#15343,#15344)),.SURF_OF_LINEAR_EXTRUSION.,.F.,.F.,.F.,
(4,4),(2,2),(0.,1.),(0.,1.),.PIECEWISE_BEZIER_KNOTS.);
#239=B_SPLINE_SURFACE_WITH_KNOTS('',3,1,((#15354,#15355),(#15356,#15357),
(#15358,#15359),(#15360,#15361)),.SURF_OF_LINEAR_EXTRUSION.,.F.,.F.,.F.,
(4,4),(2,2),(0.,1.),(0.,1.),.PIECEWISE_BEZIER_KNOTS.);
#240=B_SPLINE_SURFACE_WITH_KNOTS('',3,1,((#15367,#15368),(#15369,#15370),
(#15371,#15372),(#15373,#15374)),.SURF_OF_LINEAR_EXTRUSION.,.F.,.F.,.F.,
(4,4),(2,2),(0.,1.),(0.,1.),.PIECEWISE_BEZIER_KNOTS.);
#241=B_SPLINE_SURFACE_WITH_KNOTS('',3,1,((#15380,#15381),(#15382,#15383),
(#15384,#15385),(#15386,#15387)),.SURF_OF_LINEAR_EXTRUSION.,.F.,.F.,.F.,
(4,4),(2,2),(0.,1.),(0.,1.),.PIECEWISE_BEZIER_KNOTS.);
#242=B_SPLINE_SURFACE_WITH_KNOTS('',3,1,((#15393,#15394),(#15395,#15396),
(#15397,#15398),(#15399,#15400)),.SURF_OF_LINEAR_EXTRUSION.,.F.,.F.,.F.,
(4,4),(2,2),(0.,1.),(0.,1.),.PIECEWISE_BEZIER_KNOTS.);
#243=B_SPLINE_SURFACE_WITH_KNOTS('',3,1,((#15404,#15405),(#15406,#15407),
(#15408,#15409),(#15410,#15411)),.SURF_OF_LINEAR_EXTRUSION.,.F.,.F.,.F.,
(4,4),(2,2),(0.,1.),(0.,1.),.PIECEWISE_BEZIER_KNOTS.);
#244=CIRCLE('',#8812,0.0216346762744684);
#245=CIRCLE('',#8813,0.157212230012434);
#246=CIRCLE('',#8814,0.00393750884351581);
#247=CIRCLE('',#8815,0.00446166007904204);
#248=CIRCLE('',#8816,0.00336033344793396);
#249=CIRCLE('',#8817,0.00398943108750488);
#250=CIRCLE('',#8818,0.00325628727905179);
#251=CIRCLE('',#8819,0.00242803795306554);
#252=CIRCLE('',#8820,0.00101183385765147);
#253=CIRCLE('',#8821,0.00287722248542785);
#254=CIRCLE('',#8822,0.00981302861553509);
#255=CIRCLE('',#8823,0.00273616776329802);
#256=CIRCLE('',#8824,0.00345746745891196);
#257=CIRCLE('',#8825,0.00371611633780349);
#258=CIRCLE('',#8826,0.00313306826268058);
#259=CIRCLE('',#8827,0.025064326456407);
#260=CIRCLE('',#8828,0.0261100018839859);
#261=CIRCLE('',#8829,0.0216228253537425);
#262=CIRCLE('',#8830,0.0231062690975266);
#263=CIRCLE('',#8831,0.00534813708169052);
#264=CIRCLE('',#8832,0.00606006758661436);
#265=CIRCLE('',#8833,0.00456418628764332);
#266=CIRCLE('',#8834,0.00267726725406807);
#267=CIRCLE('',#8835,0.00220328355937629);
#268=CIRCLE('',#8836,0.0252776338289297);
#269=CIRCLE('',#8837,0.00251393190087588);
#270=CIRCLE('',#8838,0.00235276122874911);
#271=CIRCLE('',#8839,0.00167016911600159);
#272=CIRCLE('',#8840,0.00197110944022778);
#273=CIRCLE('',#8841,0.00162214400403473);
#274=CIRCLE('',#8842,0.000600448139982682);
#275=CIRCLE('',#8843,0.00211917787958795);
#276=CIRCLE('',#8844,0.00403999477555457);
#277=CIRCLE('',#8845,0.00697473221834182);
#278=CIRCLE('',#8846,0.00291109740696777);
#279=CIRCLE('',#8847,0.000621099042505746);
#280=CIRCLE('',#8877,0.000621099042505746);
#281=CIRCLE('',#8879,0.00291109740696777);
#282=CIRCLE('',#8882,0.00697473221834182);
#283=CIRCLE('',#8884,0.00403999477555457);
#284=CIRCLE('',#8886,0.00211917787958795);
#285=CIRCLE('',#8888,0.000600448139982682);
#286=CIRCLE('',#8892,0.00235276122874911);
#287=CIRCLE('',#8894,0.00162214400403473);
#288=CIRCLE('',#8896,0.00197110944022778);
#289=CIRCLE('',#8904,0.00167016911600159);
#290=CIRCLE('',#8932,0.00251393190087588);
#291=CIRCLE('',#8941,0.0252776338289297);
#292=CIRCLE('',#8956,0.00220328355937629);
#293=CIRCLE('',#8958,0.00267726725406807);
#294=CIRCLE('',#8968,0.00456418628764332);
#295=CIRCLE('',#8971,0.00606006758661436);
#296=CIRCLE('',#8973,0.00534813708169052);
#297=CIRCLE('',#8984,0.0231062690975266);
#298=CIRCLE('',#8986,0.0216228253537425);
#299=CIRCLE('',#8988,0.0261100018839859);
#300=CIRCLE('',#8998,0.025064326456407);
#301=CIRCLE('',#9026,0.00313306826268058);
#302=CIRCLE('',#9029,0.00371611633780349);
#303=CIRCLE('',#9031,0.00345746745891196);
#304=CIRCLE('',#9033,0.00273616776329802);
#305=CIRCLE('',#9035,0.00981302861553509);
#306=CIRCLE('',#9042,0.00287722248542785);
#307=CIRCLE('',#9049,0.00101183385765147);
#308=CIRCLE('',#9051,0.00242803795306554);
#309=CIRCLE('',#9054,0.00325628727905179);
#310=CIRCLE('',#9059,0.00398943108750488);
#311=CIRCLE('',#9074,0.00336033344793396);
#312=CIRCLE('',#9077,0.00446166007904204);
#313=CIRCLE('',#9079,0.00393750884351581);
#314=CIRCLE('',#9101,0.157212230012434);
#315=CIRCLE('',#9103,0.0216346762744684);
#316=B_SPLINE_CURVE_WITH_KNOTS('',2,(#10732,#10733,#10734),
 .UNSPECIFIED.,.F.,.F.,(3,3),(0.,1.),.PIECEWISE_BEZIER_KNOTS.);
#317=B_SPLINE_CURVE_WITH_KNOTS('',2,(#10737,#10738,#10739),
 .UNSPECIFIED.,.F.,.F.,(3,3),(0.,1.),.PIECEWISE_BEZIER_KNOTS.);
#318=B_SPLINE_CURVE_WITH_KNOTS('',2,(#10741,#10742,#10743),
 .UNSPECIFIED.,.F.,.F.,(3,3),(0.,1.),.PIECEWISE_BEZIER_KNOTS.);
#319=B_SPLINE_CURVE_WITH_KNOTS('',2,(#10745,#10746,#10747),
 .UNSPECIFIED.,.F.,.F.,(3,3),(0.,1.),.PIECEWISE_BEZIER_KNOTS.);
#320=B_SPLINE_CURVE_WITH_KNOTS('',2,(#10749,#10750,#10751),
 .UNSPECIFIED.,.F.,.F.,(3,3),(0.,1.),.PIECEWISE_BEZIER_KNOTS.);
#321=B_SPLINE_CURVE_WITH_KNOTS('',2,(#10755,#10756,#10757),
 .UNSPECIFIED.,.F.,.F.,(3,3),(0.,1.),.PIECEWISE_BEZIER_KNOTS.);
#322=B_SPLINE_CURVE_WITH_KNOTS('',2,(#10771,#10772,#10773),
 .UNSPECIFIED.,.F.,.F.,(3,3),(0.,1.),.PIECEWISE_BEZIER_KNOTS.);
#323=B_SPLINE_CURVE_WITH_KNOTS('',2,(#10779,#10780,#10781),
 .UNSPECIFIED.,.F.,.F.,(3,3),(0.,1.),.PIECEWISE_BEZIER_KNOTS.);
#324=B_SPLINE_CURVE_WITH_KNOTS('',2,(#10783,#10784,#10785),
 .UNSPECIFIED.,.F.,.F.,(3,3),(0.,1.),.PIECEWISE_BEZIER_KNOTS.);
#325=B_SPLINE_CURVE_WITH_KNOTS('',2,(#10787,#10788,#10789),
 .UNSPECIFIED.,.F.,.F.,(3,3),(0.,1.),.PIECEWISE_BEZIER_KNOTS.);
#326=B_SPLINE_CURVE_WITH_KNOTS('',2,(#10791,#10792,#10793),
 .UNSPECIFIED.,.F.,.F.,(3,3),(0.,1.),.PIECEWISE_BEZIER_KNOTS.);
#327=B_SPLINE_CURVE_WITH_KNOTS('',2,(#10795,#10796,#10797),
 .UNSPECIFIED.,.F.,.F.,(3,3),(0.,1.),.PIECEWISE_BEZIER_KNOTS.);
#328=B_SPLINE_CURVE_WITH_KNOTS('',2,(#10799,#10800,#10801),
 .UNSPECIFIED.,.F.,.F.,(3,3),(0.,1.),.PIECEWISE_BEZIER_KNOTS.);
#329=B_SPLINE_CURVE_WITH_KNOTS('',2,(#10807,#10808,#10809),
 .UNSPECIFIED.,.F.,.F.,(3,3),(0.,1.),.PIECEWISE_BEZIER_KNOTS.);
#330=B_SPLINE_CURVE_WITH_KNOTS('',2,(#10811,#10812,#10813),
 .UNSPECIFIED.,.F.,.F.,(3,3),(0.,1.),.PIECEWISE_BEZIER_KNOTS.);
#331=B_SPLINE_CURVE_WITH_KNOTS('',2,(#10817,#10818,#10819),
 .UNSPECIFIED.,.F.,.F.,(3,3),(0.,1.),.PIECEWISE_BEZIER_KNOTS.);
#332=B_SPLINE_CURVE_WITH_KNOTS('',2,(#10821,#10822,#10823),
 .UNSPECIFIED.,.F.,.F.,(3,3),(0.,1.),.PIECEWISE_BEZIER_KNOTS.);
#333=B_SPLINE_CURVE_WITH_KNOTS('',2,(#10825,#10826,#10827),
 .UNSPECIFIED.,.F.,.F.,(3,3),(0.,1.),.PIECEWISE_BEZIER_KNOTS.);
#334=B_SPLINE_CURVE_WITH_KNOTS('',2,(#10837,#10838,#10839),
 .UNSPECIFIED.,.F.,.F.,(3,3),(0.,1.),.PIECEWISE_BEZIER_KNOTS.);
#335=B_SPLINE_CURVE_WITH_KNOTS('',2,(#10877,#10878,#10879),
 .UNSPECIFIED.,.F.,.F.,(3,3),(0.,1.),.PIECEWISE_BEZIER_KNOTS.);
#336=B_SPLINE_CURVE_WITH_KNOTS('',2,(#10881,#10882,#10883),
 .UNSPECIFIED.,.F.,.F.,(3,3),(0.,1.),.PIECEWISE_BEZIER_KNOTS.);
#337=B_SPLINE_CURVE_WITH_KNOTS('',2,(#10885,#10886,#10887),
 .UNSPECIFIED.,.F.,.F.,(3,3),(0.,1.),.PIECEWISE_BEZIER_KNOTS.);
#338=B_SPLINE_CURVE_WITH_KNOTS('',2,(#10899,#10900,#10901),
 .UNSPECIFIED.,.F.,.F.,(3,3),(0.,1.),.PIECEWISE_BEZIER_KNOTS.);
#339=B_SPLINE_CURVE_WITH_KNOTS('',2,(#10907,#10908,#10909),
 .UNSPECIFIED.,.F.,.F.,(3,3),(0.,1.),.PIECEWISE_BEZIER_KNOTS.);
#340=B_SPLINE_CURVE_WITH_KNOTS('',2,(#10911,#10912,#10913),
 .UNSPECIFIED.,.F.,.F.,(3,3),(0.,1.),.PIECEWISE_BEZIER_KNOTS.);
#341=B_SPLINE_CURVE_WITH_KNOTS('',2,(#10915,#10916,#10917),
 .UNSPECIFIED.,.F.,.F.,(3,3),(0.,1.),.PIECEWISE_BEZIER_KNOTS.);
#342=B_SPLINE_CURVE_WITH_KNOTS('',2,(#10920,#10921,#10922),
 .UNSPECIFIED.,.F.,.F.,(3,3),(0.,1.),.PIECEWISE_BEZIER_KNOTS.);
#343=B_SPLINE_CURVE_WITH_KNOTS('',2,(#10925,#10926,#10927),
 .UNSPECIFIED.,.F.,.F.,(3,3),(0.,1.),.PIECEWISE_BEZIER_KNOTS.);
#344=B_SPLINE_CURVE_WITH_KNOTS('',2,(#10929,#10930,#10931),
 .UNSPECIFIED.,.F.,.F.,(3,3),(0.,1.),.PIECEWISE_BEZIER_KNOTS.);
#345=B_SPLINE_CURVE_WITH_KNOTS('',2,(#10933,#10934,#10935),
 .UNSPECIFIED.,.F.,.F.,(3,3),(0.,1.),.PIECEWISE_BEZIER_KNOTS.);
#346=B_SPLINE_CURVE_WITH_KNOTS('',2,(#10937,#10938,#10939),
 .UNSPECIFIED.,.F.,.F.,(3,3),(0.,1.),.PIECEWISE_BEZIER_KNOTS.);
#347=B_SPLINE_CURVE_WITH_KNOTS('',2,(#10941,#10942,#10943),
 .UNSPECIFIED.,.F.,.F.,(3,3),(0.,1.),.PIECEWISE_BEZIER_KNOTS.);
#348=B_SPLINE_CURVE_WITH_KNOTS('',2,(#10949,#10950,#10951),
 .UNSPECIFIED.,.F.,.F.,(3,3),(0.,1.),.PIECEWISE_BEZIER_KNOTS.);
#349=B_SPLINE_CURVE_WITH_KNOTS('',2,(#10953,#10954,#10955),
 .UNSPECIFIED.,.F.,.F.,(3,3),(0.,1.),.PIECEWISE_BEZIER_KNOTS.);
#350=B_SPLINE_CURVE_WITH_KNOTS('',2,(#10965,#10966,#10967),
 .UNSPECIFIED.,.F.,.F.,(3,3),(0.,1.),.PIECEWISE_BEZIER_KNOTS.);
#351=B_SPLINE_CURVE_WITH_KNOTS('',2,(#10968,#10969,#10970),
 .UNSPECIFIED.,.F.,.F.,(3,3),(0.,1.),.PIECEWISE_BEZIER_KNOTS.);
#352=B_SPLINE_CURVE_WITH_KNOTS('',2,(#10973,#10974,#10975),
 .UNSPECIFIED.,.F.,.F.,(3,3),(0.,1.),.PIECEWISE_BEZIER_KNOTS.);
#353=B_SPLINE_CURVE_WITH_KNOTS('',2,(#10977,#10978,#10979),
 .UNSPECIFIED.,.F.,.F.,(3,3),(0.,1.),.PIECEWISE_BEZIER_KNOTS.);
#354=B_SPLINE_CURVE_WITH_KNOTS('',2,(#10981,#10982,#10983),
 .UNSPECIFIED.,.F.,.F.,(3,3),(0.,1.),.PIECEWISE_BEZIER_KNOTS.);
#355=B_SPLINE_CURVE_WITH_KNOTS('',2,(#10985,#10986,#10987),
 .UNSPECIFIED.,.F.,.F.,(3,3),(0.,1.),.PIECEWISE_BEZIER_KNOTS.);
#356=B_SPLINE_CURVE_WITH_KNOTS('',2,(#11001,#11002,#11003),
 .UNSPECIFIED.,.F.,.F.,(3,3),(0.,1.),.PIECEWISE_BEZIER_KNOTS.);
#357=B_SPLINE_CURVE_WITH_KNOTS('',2,(#11007,#11008,#11009),
 .UNSPECIFIED.,.F.,.F.,(3,3),(0.,1.),.PIECEWISE_BEZIER_KNOTS.);
#358=B_SPLINE_CURVE_WITH_KNOTS('',2,(#11015,#11016,#11017),
 .UNSPECIFIED.,.F.,.F.,(3,3),(0.,1.),.PIECEWISE_BEZIER_KNOTS.);
#359=B_SPLINE_CURVE_WITH_KNOTS('',2,(#11029,#11030,#11031),
 .UNSPECIFIED.,.F.,.F.,(3,3),(0.,1.),.PIECEWISE_BEZIER_KNOTS.);
#360=B_SPLINE_CURVE_WITH_KNOTS('',2,(#11033,#11034,#11035),
 .UNSPECIFIED.,.F.,.F.,(3,3),(0.,1.),.PIECEWISE_BEZIER_KNOTS.);
#361=B_SPLINE_CURVE_WITH_KNOTS('',2,(#11045,#11046,#11047),
 .UNSPECIFIED.,.F.,.F.,(3,3),(0.,1.),.PIECEWISE_BEZIER_KNOTS.);
#362=B_SPLINE_CURVE_WITH_KNOTS('',2,(#11052,#11053,#11054),
 .UNSPECIFIED.,.F.,.F.,(3,3),(0.,1.),.PIECEWISE_BEZIER_KNOTS.);
#363=B_SPLINE_CURVE_WITH_KNOTS('',2,(#11061,#11062,#11063),
 .UNSPECIFIED.,.F.,.F.,(3,3),(0.,1.),.PIECEWISE_BEZIER_KNOTS.);
#364=B_SPLINE_CURVE_WITH_KNOTS('',2,(#11065,#11066,#11067),
 .UNSPECIFIED.,.F.,.F.,(3,3),(0.,1.),.PIECEWISE_BEZIER_KNOTS.);
#365=B_SPLINE_CURVE_WITH_KNOTS('',2,(#11075,#11076,#11077),
 .UNSPECIFIED.,.F.,.F.,(3,3),(0.,1.),.PIECEWISE_BEZIER_KNOTS.);
#366=B_SPLINE_CURVE_WITH_KNOTS('',2,(#11079,#11080,#11081),
 .UNSPECIFIED.,.F.,.F.,(3,3),(0.,1.),.PIECEWISE_BEZIER_KNOTS.);
#367=B_SPLINE_CURVE_WITH_KNOTS('',2,(#11082,#11083,#11084),
 .UNSPECIFIED.,.F.,.F.,(3,3),(0.,1.),.PIECEWISE_BEZIER_KNOTS.);
#368=B_SPLINE_CURVE_WITH_KNOTS('',2,(#11087,#11088,#11089),
 .UNSPECIFIED.,.F.,.F.,(3,3),(0.,1.),.PIECEWISE_BEZIER_KNOTS.);
#369=B_SPLINE_CURVE_WITH_KNOTS('',2,(#11091,#11092,#11093),
 .UNSPECIFIED.,.F.,.F.,(3,3),(0.,1.),.PIECEWISE_BEZIER_KNOTS.);
#370=B_SPLINE_CURVE_WITH_KNOTS('',2,(#11095,#11096,#11097),
 .UNSPECIFIED.,.F.,.F.,(3,3),(0.,1.),.PIECEWISE_BEZIER_KNOTS.);
#371=B_SPLINE_CURVE_WITH_KNOTS('',2,(#11105,#11106,#11107),
 .UNSPECIFIED.,.F.,.F.,(3,3),(0.,1.),.PIECEWISE_BEZIER_KNOTS.);
#372=B_SPLINE_CURVE_WITH_KNOTS('',2,(#11109,#11110,#11111),
 .UNSPECIFIED.,.F.,.F.,(3,3),(0.,1.),.PIECEWISE_BEZIER_KNOTS.);
#373=B_SPLINE_CURVE_WITH_KNOTS('',2,(#11121,#11122,#11123),
 .UNSPECIFIED.,.F.,.F.,(3,3),(0.,1.),.PIECEWISE_BEZIER_KNOTS.);
#374=B_SPLINE_CURVE_WITH_KNOTS('',2,(#11124,#11125,#11126),
 .UNSPECIFIED.,.F.,.F.,(3,3),(0.,1.),.PIECEWISE_BEZIER_KNOTS.);
#375=B_SPLINE_CURVE_WITH_KNOTS('',2,(#11131,#11132,#11133),
 .UNSPECIFIED.,.F.,.F.,(3,3),(0.,1.),.PIECEWISE_BEZIER_KNOTS.);
#376=B_SPLINE_CURVE_WITH_KNOTS('',2,(#11135,#11136,#11137),
 .UNSPECIFIED.,.F.,.F.,(3,3),(0.,1.),.PIECEWISE_BEZIER_KNOTS.);
#377=B_SPLINE_CURVE_WITH_KNOTS('',2,(#11139,#11140,#11141),
 .UNSPECIFIED.,.F.,.F.,(3,3),(0.,1.),.PIECEWISE_BEZIER_KNOTS.);
#378=B_SPLINE_CURVE_WITH_KNOTS('',2,(#11165,#11166,#11167),
 .UNSPECIFIED.,.F.,.F.,(3,3),(0.,1.),.PIECEWISE_BEZIER_KNOTS.);
#379=B_SPLINE_CURVE_WITH_KNOTS('',2,(#11169,#11170,#11171),
 .UNSPECIFIED.,.F.,.F.,(3,3),(0.,1.),.PIECEWISE_BEZIER_KNOTS.);
#380=B_SPLINE_CURVE_WITH_KNOTS('',2,(#11177,#11178,#11179),
 .UNSPECIFIED.,.F.,.F.,(3,3),(0.,1.),.PIECEWISE_BEZIER_KNOTS.);
#381=B_SPLINE_CURVE_WITH_KNOTS('',2,(#11181,#11182,#11183),
 .UNSPECIFIED.,.F.,.F.,(3,3),(0.,1.),.PIECEWISE_BEZIER_KNOTS.);
#382=B_SPLINE_CURVE_WITH_KNOTS('',2,(#11185,#11186,#11187),
 .UNSPECIFIED.,.F.,.F.,(3,3),(0.,1.),.PIECEWISE_BEZIER_KNOTS.);
#383=B_SPLINE_CURVE_WITH_KNOTS('',2,(#11189,#11190,#11191),
 .UNSPECIFIED.,.F.,.F.,(3,3),(0.,1.),.PIECEWISE_BEZIER_KNOTS.);
#384=B_SPLINE_CURVE_WITH_KNOTS('',2,(#11193,#11194,#11195),
 .UNSPECIFIED.,.F.,.F.,(3,3),(0.,1.),.PIECEWISE_BEZIER_KNOTS.);
#385=B_SPLINE_CURVE_WITH_KNOTS('',2,(#11197,#11198,#11199),
 .UNSPECIFIED.,.F.,.F.,(3,3),(0.,1.),.PIECEWISE_BEZIER_KNOTS.);
#386=B_SPLINE_CURVE_WITH_KNOTS('',2,(#11205,#11206,#11207),
 .UNSPECIFIED.,.F.,.F.,(3,3),(0.,1.),.PIECEWISE_BEZIER_KNOTS.);
#387=B_SPLINE_CURVE_WITH_KNOTS('',2,(#11209,#11210,#11211),
 .UNSPECIFIED.,.F.,.F.,(3,3),(0.,1.),.PIECEWISE_BEZIER_KNOTS.);
#388=B_SPLINE_CURVE_WITH_KNOTS('',2,(#11215,#11216,#11217),
 .UNSPECIFIED.,.F.,.F.,(3,3),(0.,1.),.PIECEWISE_BEZIER_KNOTS.);
#389=B_SPLINE_CURVE_WITH_KNOTS('',2,(#11219,#11220,#11221),
 .UNSPECIFIED.,.F.,.F.,(3,3),(0.,1.),.PIECEWISE_BEZIER_KNOTS.);
#390=B_SPLINE_CURVE_WITH_KNOTS('',2,(#11223,#11224,#11225),
 .UNSPECIFIED.,.F.,.F.,(3,3),(0.,1.),.PIECEWISE_BEZIER_KNOTS.);
#391=B_SPLINE_CURVE_WITH_KNOTS('',2,(#11235,#11236,#11237),
 .UNSPECIFIED.,.F.,.F.,(3,3),(0.,1.),.PIECEWISE_BEZIER_KNOTS.);
#392=B_SPLINE_CURVE_WITH_KNOTS('',2,(#11239,#11240,#11241),
 .UNSPECIFIED.,.F.,.F.,(3,3),(0.,1.),.PIECEWISE_BEZIER_KNOTS.);
#393=B_SPLINE_CURVE_WITH_KNOTS('',2,(#11243,#11244,#11245),
 .UNSPECIFIED.,.F.,.F.,(3,3),(0.,1.),.PIECEWISE_BEZIER_KNOTS.);
#394=B_SPLINE_CURVE_WITH_KNOTS('',2,(#11259,#11260,#11261),
 .UNSPECIFIED.,.F.,.F.,(3,3),(0.,1.),.PIECEWISE_BEZIER_KNOTS.);
#395=B_SPLINE_CURVE_WITH_KNOTS('',2,(#11263,#11264,#11265),
 .UNSPECIFIED.,.F.,.F.,(3,3),(0.,1.),.PIECEWISE_BEZIER_KNOTS.);
#396=B_SPLINE_CURVE_WITH_KNOTS('',2,(#11267,#11268,#11269),
 .UNSPECIFIED.,.F.,.F.,(3,3),(0.,1.),.PIECEWISE_BEZIER_KNOTS.);
#397=B_SPLINE_CURVE_WITH_KNOTS('',2,(#11277,#11278,#11279),
 .UNSPECIFIED.,.F.,.F.,(3,3),(0.,1.),.PIECEWISE_BEZIER_KNOTS.);
#398=B_SPLINE_CURVE_WITH_KNOTS('',2,(#11292,#11293,#11294),
 .UNSPECIFIED.,.F.,.F.,(3,3),(0.,1.),.PIECEWISE_BEZIER_KNOTS.);
#399=B_SPLINE_CURVE_WITH_KNOTS('',2,(#11297,#11298,#11299),
 .UNSPECIFIED.,.F.,.F.,(3,3),(0.,1.),.PIECEWISE_BEZIER_KNOTS.);
#400=B_SPLINE_CURVE_WITH_KNOTS('',2,(#11301,#11302,#11303),
 .UNSPECIFIED.,.F.,.F.,(3,3),(0.,1.),.PIECEWISE_BEZIER_KNOTS.);
#401=B_SPLINE_CURVE_WITH_KNOTS('',2,(#11305,#11306,#11307),
 .UNSPECIFIED.,.F.,.F.,(3,3),(0.,1.),.PIECEWISE_BEZIER_KNOTS.);
#402=B_SPLINE_CURVE_WITH_KNOTS('',2,(#11309,#11310,#11311),
 .UNSPECIFIED.,.F.,.F.,(3,3),(0.,1.),.PIECEWISE_BEZIER_KNOTS.);
#403=B_SPLINE_CURVE_WITH_KNOTS('',2,(#11313,#11314,#11315),
 .UNSPECIFIED.,.F.,.F.,(3,3),(0.,1.),.PIECEWISE_BEZIER_KNOTS.);
#404=B_SPLINE_CURVE_WITH_KNOTS('',2,(#11321,#11322,#11323),
 .UNSPECIFIED.,.F.,.F.,(3,3),(0.,1.),.PIECEWISE_BEZIER_KNOTS.);
#405=B_SPLINE_CURVE_WITH_KNOTS('',2,(#11325,#11326,#11327),
 .UNSPECIFIED.,.F.,.F.,(3,3),(0.,1.),.PIECEWISE_BEZIER_KNOTS.);
#406=B_SPLINE_CURVE_WITH_KNOTS('',2,(#11337,#11338,#11339),
 .UNSPECIFIED.,.F.,.F.,(3,3),(0.,1.),.PIECEWISE_BEZIER_KNOTS.);
#407=B_SPLINE_CURVE_WITH_KNOTS('',2,(#11340,#11341,#11342),
 .UNSPECIFIED.,.F.,.F.,(3,3),(0.,1.),.PIECEWISE_BEZIER_KNOTS.);
#408=B_SPLINE_CURVE_WITH_KNOTS('',2,(#11347,#11348,#11349),
 .UNSPECIFIED.,.F.,.F.,(3,3),(0.,1.),.PIECEWISE_BEZIER_KNOTS.);
#409=B_SPLINE_CURVE_WITH_KNOTS('',2,(#11351,#11352,#11353),
 .UNSPECIFIED.,.F.,.F.,(3,3),(0.,1.),.PIECEWISE_BEZIER_KNOTS.);
#410=B_SPLINE_CURVE_WITH_KNOTS('',2,(#11355,#11356,#11357),
 .UNSPECIFIED.,.F.,.F.,(3,3),(0.,1.),.PIECEWISE_BEZIER_KNOTS.);
#411=B_SPLINE_CURVE_WITH_KNOTS('',2,(#11382,#11383,#11384),
 .UNSPECIFIED.,.F.,.F.,(3,3),(0.,1.),.PIECEWISE_BEZIER_KNOTS.);
#412=B_SPLINE_CURVE_WITH_KNOTS('',2,(#11387,#11388,#11389),
 .UNSPECIFIED.,.F.,.F.,(3,3),(0.,1.),.PIECEWISE_BEZIER_KNOTS.);
#413=B_SPLINE_CURVE_WITH_KNOTS('',2,(#11391,#11392,#11393),
 .UNSPECIFIED.,.F.,.F.,(3,3),(0.,1.),.PIECEWISE_BEZIER_KNOTS.);
#414=B_SPLINE_CURVE_WITH_KNOTS('',2,(#11395,#11396,#11397),
 .UNSPECIFIED.,.F.,.F.,(3,3),(0.,1.),.PIECEWISE_BEZIER_KNOTS.);
#415=B_SPLINE_CURVE_WITH_KNOTS('',2,(#11399,#11400,#11401),
 .UNSPECIFIED.,.F.,.F.,(3,3),(0.,1.),.PIECEWISE_BEZIER_KNOTS.);
#416=B_SPLINE_CURVE_WITH_KNOTS('',2,(#11407,#11408,#11409),
 .UNSPECIFIED.,.F.,.F.,(3,3),(0.,1.),.PIECEWISE_BEZIER_KNOTS.);
#417=B_SPLINE_CURVE_WITH_KNOTS('',2,(#11411,#11412,#11413),
 .UNSPECIFIED.,.F.,.F.,(3,3),(0.,1.),.PIECEWISE_BEZIER_KNOTS.);
#418=B_SPLINE_CURVE_WITH_KNOTS('',2,(#11415,#11416,#11417),
 .UNSPECIFIED.,.F.,.F.,(3,3),(0.,1.),.PIECEWISE_BEZIER_KNOTS.);
#419=B_SPLINE_CURVE_WITH_KNOTS('',2,(#11435,#11436,#11437),
 .UNSPECIFIED.,.F.,.F.,(3,3),(0.,1.),.PIECEWISE_BEZIER_KNOTS.);
#420=B_SPLINE_CURVE_WITH_KNOTS('',2,(#11439,#11440,#11441),
 .UNSPECIFIED.,.F.,.F.,(3,3),(0.,1.),.PIECEWISE_BEZIER_KNOTS.);
#421=B_SPLINE_CURVE_WITH_KNOTS('',2,(#11443,#11444,#11445),
 .UNSPECIFIED.,.F.,.F.,(3,3),(0.,1.),.PIECEWISE_BEZIER_KNOTS.);
#422=B_SPLINE_CURVE_WITH_KNOTS('',2,(#11448,#11449,#11450),
 .UNSPECIFIED.,.F.,.F.,(3,3),(0.,1.),.PIECEWISE_BEZIER_KNOTS.);
#423=B_SPLINE_CURVE_WITH_KNOTS('',2,(#11453,#11454,#11455),
 .UNSPECIFIED.,.F.,.F.,(3,3),(0.,1.),.PIECEWISE_BEZIER_KNOTS.);
#424=B_SPLINE_CURVE_WITH_KNOTS('',2,(#11457,#11458,#11459),
 .UNSPECIFIED.,.F.,.F.,(3,3),(0.,1.),.PIECEWISE_BEZIER_KNOTS.);
#425=B_SPLINE_CURVE_WITH_KNOTS('',2,(#11461,#11462,#11463),
 .UNSPECIFIED.,.F.,.F.,(3,3),(0.,1.),.PIECEWISE_BEZIER_KNOTS.);
#426=B_SPLINE_CURVE_WITH_KNOTS('',2,(#11465,#11466,#11467),
 .UNSPECIFIED.,.F.,.F.,(3,3),(0.,1.),.PIECEWISE_BEZIER_KNOTS.);
#427=B_SPLINE_CURVE_WITH_KNOTS('',2,(#11468,#11469,#11470),
 .UNSPECIFIED.,.F.,.F.,(3,3),(0.,1.),.PIECEWISE_BEZIER_KNOTS.);
#428=B_SPLINE_CURVE_WITH_KNOTS('',2,(#11477,#11478,#11479),
 .UNSPECIFIED.,.F.,.F.,(3,3),(0.,1.),.PIECEWISE_BEZIER_KNOTS.);
#429=B_SPLINE_CURVE_WITH_KNOTS('',2,(#11481,#11482,#11483),
 .UNSPECIFIED.,.F.,.F.,(3,3),(0.,1.),.PIECEWISE_BEZIER_KNOTS.);
#430=B_SPLINE_CURVE_WITH_KNOTS('',2,(#11491,#11492,#11493),
 .UNSPECIFIED.,.F.,.F.,(3,3),(0.,1.),.PIECEWISE_BEZIER_KNOTS.);
#431=B_SPLINE_CURVE_WITH_KNOTS('',2,(#11495,#11496,#11497),
 .UNSPECIFIED.,.F.,.F.,(3,3),(0.,1.),.PIECEWISE_BEZIER_KNOTS.);
#432=B_SPLINE_CURVE_WITH_KNOTS('',2,(#11503,#11504,#11505),
 .UNSPECIFIED.,.F.,.F.,(3,3),(0.,1.),.PIECEWISE_BEZIER_KNOTS.);
#433=B_SPLINE_CURVE_WITH_KNOTS('',2,(#11507,#11508,#11509),
 .UNSPECIFIED.,.F.,.F.,(3,3),(0.,1.),.PIECEWISE_BEZIER_KNOTS.);
#434=B_SPLINE_CURVE_WITH_KNOTS('',2,(#11511,#11512,#11513),
 .UNSPECIFIED.,.F.,.F.,(3,3),(0.,1.),.PIECEWISE_BEZIER_KNOTS.);
#435=B_SPLINE_CURVE_WITH_KNOTS('',2,(#11515,#11516,#11517),
 .UNSPECIFIED.,.F.,.F.,(3,3),(0.,1.),.PIECEWISE_BEZIER_KNOTS.);
#436=B_SPLINE_CURVE_WITH_KNOTS('',2,(#11525,#11526,#11527),
 .UNSPECIFIED.,.F.,.F.,(3,3),(0.,1.),.PIECEWISE_BEZIER_KNOTS.);
#437=B_SPLINE_CURVE_WITH_KNOTS('',2,(#11529,#11530,#11531),
 .UNSPECIFIED.,.F.,.F.,(3,3),(0.,1.),.PIECEWISE_BEZIER_KNOTS.);
#438=B_SPLINE_CURVE_WITH_KNOTS('',2,(#11533,#11534,#11535),
 .UNSPECIFIED.,.F.,.F.,(3,3),(0.,1.),.PIECEWISE_BEZIER_KNOTS.);
#439=B_SPLINE_CURVE_WITH_KNOTS('',2,(#11537,#11538,#11539),
 .UNSPECIFIED.,.F.,.F.,(3,3),(0.,1.),.PIECEWISE_BEZIER_KNOTS.);
#440=B_SPLINE_CURVE_WITH_KNOTS('',2,(#11553,#11554,#11555),
 .UNSPECIFIED.,.F.,.F.,(3,3),(0.,1.),.PIECEWISE_BEZIER_KNOTS.);
#441=B_SPLINE_CURVE_WITH_KNOTS('',2,(#11557,#11558,#11559),
 .UNSPECIFIED.,.F.,.F.,(3,3),(0.,1.),.PIECEWISE_BEZIER_KNOTS.);
#442=B_SPLINE_CURVE_WITH_KNOTS('',2,(#11561,#11562,#11563),
 .UNSPECIFIED.,.F.,.F.,(3,3),(0.,1.),.PIECEWISE_BEZIER_KNOTS.);
#443=B_SPLINE_CURVE_WITH_KNOTS('',2,(#11565,#11566,#11567),
 .UNSPECIFIED.,.F.,.F.,(3,3),(0.,1.),.PIECEWISE_BEZIER_KNOTS.);
#444=B_SPLINE_CURVE_WITH_KNOTS('',2,(#11569,#11570,#11571),
 .UNSPECIFIED.,.F.,.F.,(3,3),(0.,1.),.PIECEWISE_BEZIER_KNOTS.);
#445=B_SPLINE_CURVE_WITH_KNOTS('',2,(#11573,#11574,#11575),
 .UNSPECIFIED.,.F.,.F.,(3,3),(0.,1.),.PIECEWISE_BEZIER_KNOTS.);
#446=B_SPLINE_CURVE_WITH_KNOTS('',2,(#11581,#11582,#11583),
 .UNSPECIFIED.,.F.,.F.,(3,3),(0.,1.),.PIECEWISE_BEZIER_KNOTS.);
#447=B_SPLINE_CURVE_WITH_KNOTS('',2,(#11585,#11586,#11587),
 .UNSPECIFIED.,.F.,.F.,(3,3),(0.,1.),.PIECEWISE_BEZIER_KNOTS.);
#448=B_SPLINE_CURVE_WITH_KNOTS('',2,(#11591,#11592,#11593),
 .UNSPECIFIED.,.F.,.F.,(3,3),(0.,1.),.PIECEWISE_BEZIER_KNOTS.);
#449=B_SPLINE_CURVE_WITH_KNOTS('',2,(#11595,#11596,#11597),
 .UNSPECIFIED.,.F.,.F.,(3,3),(0.,1.),.PIECEWISE_BEZIER_KNOTS.);
#450=B_SPLINE_CURVE_WITH_KNOTS('',2,(#11599,#11600,#11601),
 .UNSPECIFIED.,.F.,.F.,(3,3),(0.,1.),.PIECEWISE_BEZIER_KNOTS.);
#451=B_SPLINE_CURVE_WITH_KNOTS('',2,(#11613,#11614,#11615),
 .UNSPECIFIED.,.F.,.F.,(3,3),(0.,1.),.PIECEWISE_BEZIER_KNOTS.);
#452=B_SPLINE_CURVE_WITH_KNOTS('',2,(#11617,#11618,#11619),
 .UNSPECIFIED.,.F.,.F.,(3,3),(0.,1.),.PIECEWISE_BEZIER_KNOTS.);
#453=B_SPLINE_CURVE_WITH_KNOTS('',2,(#11636,#11637,#11638),
 .UNSPECIFIED.,.F.,.F.,(3,3),(0.,1.),.PIECEWISE_BEZIER_KNOTS.);
#454=B_SPLINE_CURVE_WITH_KNOTS('',2,(#11641,#11642,#11643),
 .UNSPECIFIED.,.F.,.F.,(3,3),(0.,1.),.PIECEWISE_BEZIER_KNOTS.);
#455=B_SPLINE_CURVE_WITH_KNOTS('',2,(#11645,#11646,#11647),
 .UNSPECIFIED.,.F.,.F.,(3,3),(0.,1.),.PIECEWISE_BEZIER_KNOTS.);
#456=B_SPLINE_CURVE_WITH_KNOTS('',2,(#11651,#11652,#11653),
 .UNSPECIFIED.,.F.,.F.,(3,3),(0.,1.),.PIECEWISE_BEZIER_KNOTS.);
#457=B_SPLINE_CURVE_WITH_KNOTS('',2,(#11655,#11656,#11657),
 .UNSPECIFIED.,.F.,.F.,(3,3),(0.,1.),.PIECEWISE_BEZIER_KNOTS.);
#458=B_SPLINE_CURVE_WITH_KNOTS('',2,(#11659,#11660,#11661),
 .UNSPECIFIED.,.F.,.F.,(3,3),(0.,1.),.PIECEWISE_BEZIER_KNOTS.);
#459=B_SPLINE_CURVE_WITH_KNOTS('',2,(#11663,#11664,#11665),
 .UNSPECIFIED.,.F.,.F.,(3,3),(0.,1.),.PIECEWISE_BEZIER_KNOTS.);
#460=B_SPLINE_CURVE_WITH_KNOTS('',2,(#11669,#11670,#11671),
 .UNSPECIFIED.,.F.,.F.,(3,3),(0.,1.),.PIECEWISE_BEZIER_KNOTS.);
#461=B_SPLINE_CURVE_WITH_KNOTS('',2,(#11673,#11674,#11675),
 .UNSPECIFIED.,.F.,.F.,(3,3),(0.,1.),.PIECEWISE_BEZIER_KNOTS.);
#462=B_SPLINE_CURVE_WITH_KNOTS('',2,(#11677,#11678,#11679),
 .UNSPECIFIED.,.F.,.F.,(3,3),(0.,1.),.PIECEWISE_BEZIER_KNOTS.);
#463=B_SPLINE_CURVE_WITH_KNOTS('',2,(#11683,#11684,#11685),
 .UNSPECIFIED.,.F.,.F.,(3,3),(0.,1.),.PIECEWISE_BEZIER_KNOTS.);
#464=B_SPLINE_CURVE_WITH_KNOTS('',2,(#11687,#11688,#11689),
 .UNSPECIFIED.,.F.,.F.,(3,3),(0.,1.),.PIECEWISE_BEZIER_KNOTS.);
#465=B_SPLINE_CURVE_WITH_KNOTS('',2,(#11691,#11692,#11693),
 .UNSPECIFIED.,.F.,.F.,(3,3),(0.,1.),.PIECEWISE_BEZIER_KNOTS.);
#466=B_SPLINE_CURVE_WITH_KNOTS('',2,(#11701,#11702,#11703),
 .UNSPECIFIED.,.F.,.F.,(3,3),(0.,1.),.PIECEWISE_BEZIER_KNOTS.);
#467=B_SPLINE_CURVE_WITH_KNOTS('',2,(#11707,#11708,#11709),
 .UNSPECIFIED.,.F.,.F.,(3,3),(0.,1.),.PIECEWISE_BEZIER_KNOTS.);
#468=B_SPLINE_CURVE_WITH_KNOTS('',2,(#11711,#11712,#11713),
 .UNSPECIFIED.,.F.,.F.,(3,3),(0.,1.),.PIECEWISE_BEZIER_KNOTS.);
#469=B_SPLINE_CURVE_WITH_KNOTS('',2,(#11717,#11718,#11719),
 .UNSPECIFIED.,.F.,.F.,(3,3),(0.,1.),.PIECEWISE_BEZIER_KNOTS.);
#470=B_SPLINE_CURVE_WITH_KNOTS('',2,(#11721,#11722,#11723),
 .UNSPECIFIED.,.F.,.F.,(3,3),(0.,1.),.PIECEWISE_BEZIER_KNOTS.);
#471=B_SPLINE_CURVE_WITH_KNOTS('',2,(#11725,#11726,#11727),
 .UNSPECIFIED.,.F.,.F.,(3,3),(0.,1.),.PIECEWISE_BEZIER_KNOTS.);
#472=B_SPLINE_CURVE_WITH_KNOTS('',2,(#11729,#11730,#11731),
 .UNSPECIFIED.,.F.,.F.,(3,3),(0.,1.),.PIECEWISE_BEZIER_KNOTS.);
#473=B_SPLINE_CURVE_WITH_KNOTS('',2,(#11892,#11893,#11894),
 .UNSPECIFIED.,.F.,.F.,(3,3),(0.,1.),.PIECEWISE_BEZIER_KNOTS.);
#474=B_SPLINE_CURVE_WITH_KNOTS('',2,(#11907,#11908,#11909),
 .UNSPECIFIED.,.F.,.F.,(3,3),(0.,1.),.PIECEWISE_BEZIER_KNOTS.);
#475=B_SPLINE_CURVE_WITH_KNOTS('',2,(#11920,#11921,#11922),
 .UNSPECIFIED.,.F.,.F.,(3,3),(0.,1.),.PIECEWISE_BEZIER_KNOTS.);
#476=B_SPLINE_CURVE_WITH_KNOTS('',2,(#11933,#11934,#11935),
 .UNSPECIFIED.,.F.,.F.,(3,3),(0.,1.),.PIECEWISE_BEZIER_KNOTS.);
#477=B_SPLINE_CURVE_WITH_KNOTS('',2,(#11946,#11947,#11948),
 .UNSPECIFIED.,.F.,.F.,(3,3),(0.,1.),.PIECEWISE_BEZIER_KNOTS.);
#478=B_SPLINE_CURVE_WITH_KNOTS('',2,(#11963,#11964,#11965),
 .UNSPECIFIED.,.F.,.F.,(3,3),(0.,1.),.PIECEWISE_BEZIER_KNOTS.);
#479=B_SPLINE_CURVE_WITH_KNOTS('',2,(#11976,#11977,#11978),
 .UNSPECIFIED.,.F.,.F.,(3,3),(0.,1.),.PIECEWISE_BEZIER_KNOTS.);
#480=B_SPLINE_CURVE_WITH_KNOTS('',2,(#11993,#11994,#11995),
 .UNSPECIFIED.,.F.,.F.,(3,3),(0.,1.),.PIECEWISE_BEZIER_KNOTS.);
#481=B_SPLINE_CURVE_WITH_KNOTS('',2,(#12018,#12019,#12020),
 .UNSPECIFIED.,.F.,.F.,(3,3),(0.,1.),.PIECEWISE_BEZIER_KNOTS.);
#482=B_SPLINE_CURVE_WITH_KNOTS('',2,(#12031,#12032,#12033),
 .UNSPECIFIED.,.F.,.F.,(3,3),(0.,1.),.PIECEWISE_BEZIER_KNOTS.);
#483=B_SPLINE_CURVE_WITH_KNOTS('',2,(#12044,#12045,#12046),
 .UNSPECIFIED.,.F.,.F.,(3,3),(0.,1.),.PIECEWISE_BEZIER_KNOTS.);
#484=B_SPLINE_CURVE_WITH_KNOTS('',2,(#12061,#12062,#12063),
 .UNSPECIFIED.,.F.,.F.,(3,3),(0.,1.),.PIECEWISE_BEZIER_KNOTS.);
#485=B_SPLINE_CURVE_WITH_KNOTS('',2,(#12074,#12075,#12076),
 .UNSPECIFIED.,.F.,.F.,(3,3),(0.,1.),.PIECEWISE_BEZIER_KNOTS.);
#486=B_SPLINE_CURVE_WITH_KNOTS('',2,(#12087,#12088,#12089),
 .UNSPECIFIED.,.F.,.F.,(3,3),(0.,1.),.PIECEWISE_BEZIER_KNOTS.);
#487=B_SPLINE_CURVE_WITH_KNOTS('',2,(#12104,#12105,#12106),
 .UNSPECIFIED.,.F.,.F.,(3,3),(0.,1.),.PIECEWISE_BEZIER_KNOTS.);
#488=B_SPLINE_CURVE_WITH_KNOTS('',2,(#12117,#12118,#12119),
 .UNSPECIFIED.,.F.,.F.,(3,3),(0.,1.),.PIECEWISE_BEZIER_KNOTS.);
#489=B_SPLINE_CURVE_WITH_KNOTS('',2,(#12130,#12131,#12132),
 .UNSPECIFIED.,.F.,.F.,(3,3),(0.,1.),.PIECEWISE_BEZIER_KNOTS.);
#490=B_SPLINE_CURVE_WITH_KNOTS('',2,(#12143,#12144,#12145),
 .UNSPECIFIED.,.F.,.F.,(3,3),(0.,1.),.PIECEWISE_BEZIER_KNOTS.);
#491=B_SPLINE_CURVE_WITH_KNOTS('',2,(#12160,#12161,#12162),
 .UNSPECIFIED.,.F.,.F.,(3,3),(0.,1.),.PIECEWISE_BEZIER_KNOTS.);
#492=B_SPLINE_CURVE_WITH_KNOTS('',2,(#12171,#12172,#12173),
 .UNSPECIFIED.,.F.,.F.,(3,3),(0.,1.),.PIECEWISE_BEZIER_KNOTS.);
#493=B_SPLINE_CURVE_WITH_KNOTS('',2,(#12223,#12224,#12225),
 .UNSPECIFIED.,.F.,.F.,(3,3),(0.,1.),.PIECEWISE_BEZIER_KNOTS.);
#494=B_SPLINE_CURVE_WITH_KNOTS('',2,(#12236,#12237,#12238),
 .UNSPECIFIED.,.F.,.F.,(3,3),(0.,1.),.PIECEWISE_BEZIER_KNOTS.);
#495=B_SPLINE_CURVE_WITH_KNOTS('',2,(#12269,#12270,#12271),
 .UNSPECIFIED.,.F.,.F.,(3,3),(0.,1.),.PIECEWISE_BEZIER_KNOTS.);
#496=B_SPLINE_CURVE_WITH_KNOTS('',2,(#12275,#12276,#12277),
 .UNSPECIFIED.,.F.,.F.,(3,3),(0.,1.),.PIECEWISE_BEZIER_KNOTS.);
#497=B_SPLINE_CURVE_WITH_KNOTS('',2,(#12286,#12287,#12288),
 .UNSPECIFIED.,.F.,.F.,(3,3),(0.,1.),.PIECEWISE_BEZIER_KNOTS.);
#498=B_SPLINE_CURVE_WITH_KNOTS('',2,(#12292,#12293,#12294),
 .UNSPECIFIED.,.F.,.F.,(3,3),(0.,1.),.PIECEWISE_BEZIER_KNOTS.);
#499=B_SPLINE_CURVE_WITH_KNOTS('',2,(#12303,#12304,#12305),
 .UNSPECIFIED.,.F.,.F.,(3,3),(0.,1.),.PIECEWISE_BEZIER_KNOTS.);
#500=B_SPLINE_CURVE_WITH_KNOTS('',2,(#12309,#12310,#12311),
 .UNSPECIFIED.,.F.,.F.,(3,3),(0.,1.),.PIECEWISE_BEZIER_KNOTS.);
#501=B_SPLINE_CURVE_WITH_KNOTS('',2,(#12320,#12321,#12322),
 .UNSPECIFIED.,.F.,.F.,(3,3),(0.,1.),.PIECEWISE_BEZIER_KNOTS.);
#502=B_SPLINE_CURVE_WITH_KNOTS('',2,(#12326,#12327,#12328),
 .UNSPECIFIED.,.F.,.F.,(3,3),(0.,1.),.PIECEWISE_BEZIER_KNOTS.);
#503=B_SPLINE_CURVE_WITH_KNOTS('',2,(#12353,#12354,#12355),
 .UNSPECIFIED.,.F.,.F.,(3,3),(0.,1.),.PIECEWISE_BEZIER_KNOTS.);
#504=B_SPLINE_CURVE_WITH_KNOTS('',2,(#12366,#12367,#12368),
 .UNSPECIFIED.,.F.,.F.,(3,3),(0.,1.),.PIECEWISE_BEZIER_KNOTS.);
#505=B_SPLINE_CURVE_WITH_KNOTS('',2,(#12379,#12380,#12381),
 .UNSPECIFIED.,.F.,.F.,(3,3),(0.,1.),.PIECEWISE_BEZIER_KNOTS.);
#506=B_SPLINE_CURVE_WITH_KNOTS('',2,(#12396,#12397,#12398),
 .UNSPECIFIED.,.F.,.F.,(3,3),(0.,1.),.PIECEWISE_BEZIER_KNOTS.);
#507=B_SPLINE_CURVE_WITH_KNOTS('',2,(#12409,#12410,#12411),
 .UNSPECIFIED.,.F.,.F.,(3,3),(0.,1.),.PIECEWISE_BEZIER_KNOTS.);
#508=B_SPLINE_CURVE_WITH_KNOTS('',2,(#12430,#12431,#12432),
 .UNSPECIFIED.,.F.,.F.,(3,3),(0.,1.),.PIECEWISE_BEZIER_KNOTS.);
#509=B_SPLINE_CURVE_WITH_KNOTS('',2,(#12443,#12444,#12445),
 .UNSPECIFIED.,.F.,.F.,(3,3),(0.,1.),.PIECEWISE_BEZIER_KNOTS.);
#510=B_SPLINE_CURVE_WITH_KNOTS('',2,(#12456,#12457,#12458),
 .UNSPECIFIED.,.F.,.F.,(3,3),(0.,1.),.PIECEWISE_BEZIER_KNOTS.);
#511=B_SPLINE_CURVE_WITH_KNOTS('',2,(#12469,#12470,#12471),
 .UNSPECIFIED.,.F.,.F.,(3,3),(0.,1.),.PIECEWISE_BEZIER_KNOTS.);
#512=B_SPLINE_CURVE_WITH_KNOTS('',2,(#12482,#12483,#12484),
 .UNSPECIFIED.,.F.,.F.,(3,3),(0.,1.),.PIECEWISE_BEZIER_KNOTS.);
#513=B_SPLINE_CURVE_WITH_KNOTS('',2,(#12495,#12496,#12497),
 .UNSPECIFIED.,.F.,.F.,(3,3),(0.,1.),.PIECEWISE_BEZIER_KNOTS.);
#514=B_SPLINE_CURVE_WITH_KNOTS('',2,(#12508,#12509,#12510),
 .UNSPECIFIED.,.F.,.F.,(3,3),(0.,1.),.PIECEWISE_BEZIER_KNOTS.);
#515=B_SPLINE_CURVE_WITH_KNOTS('',2,(#12511,#12512,#12513),
 .UNSPECIFIED.,.F.,.F.,(3,3),(0.,1.),.PIECEWISE_BEZIER_KNOTS.);
#516=B_SPLINE_CURVE_WITH_KNOTS('',2,(#12548,#12549,#12550),
 .UNSPECIFIED.,.F.,.F.,(3,3),(0.,1.),.PIECEWISE_BEZIER_KNOTS.);
#517=B_SPLINE_CURVE_WITH_KNOTS('',2,(#12561,#12562,#12563),
 .UNSPECIFIED.,.F.,.F.,(3,3),(0.,1.),.PIECEWISE_BEZIER_KNOTS.);
#518=B_SPLINE_CURVE_WITH_KNOTS('',2,(#12574,#12575,#12576),
 .UNSPECIFIED.,.F.,.F.,(3,3),(0.,1.),.PIECEWISE_BEZIER_KNOTS.);
#519=B_SPLINE_CURVE_WITH_KNOTS('',2,(#12587,#12588,#12589),
 .UNSPECIFIED.,.F.,.F.,(3,3),(0.,1.),.PIECEWISE_BEZIER_KNOTS.);
#520=B_SPLINE_CURVE_WITH_KNOTS('',2,(#12612,#12613,#12614),
 .UNSPECIFIED.,.F.,.F.,(3,3),(0.,1.),.PIECEWISE_BEZIER_KNOTS.);
#521=B_SPLINE_CURVE_WITH_KNOTS('',2,(#12625,#12626,#12627),
 .UNSPECIFIED.,.F.,.F.,(3,3),(0.,1.),.PIECEWISE_BEZIER_KNOTS.);
#522=B_SPLINE_CURVE_WITH_KNOTS('',2,(#12638,#12639,#12640),
 .UNSPECIFIED.,.F.,.F.,(3,3),(0.,1.),.PIECEWISE_BEZIER_KNOTS.);
#523=B_SPLINE_CURVE_WITH_KNOTS('',2,(#12651,#12652,#12653),
 .UNSPECIFIED.,.F.,.F.,(3,3),(0.,1.),.PIECEWISE_BEZIER_KNOTS.);
#524=B_SPLINE_CURVE_WITH_KNOTS('',2,(#12667,#12668,#12669),
 .UNSPECIFIED.,.F.,.F.,(3,3),(0.,1.),.PIECEWISE_BEZIER_KNOTS.);
#525=B_SPLINE_CURVE_WITH_KNOTS('',2,(#12682,#12683,#12684),
 .UNSPECIFIED.,.F.,.F.,(3,3),(0.,1.),.PIECEWISE_BEZIER_KNOTS.);
#526=B_SPLINE_CURVE_WITH_KNOTS('',2,(#12695,#12696,#12697),
 .UNSPECIFIED.,.F.,.F.,(3,3),(0.,1.),.PIECEWISE_BEZIER_KNOTS.);
#527=B_SPLINE_CURVE_WITH_KNOTS('',2,(#12720,#12721,#12722),
 .UNSPECIFIED.,.F.,.F.,(3,3),(0.,1.),.PIECEWISE_BEZIER_KNOTS.);
#528=B_SPLINE_CURVE_WITH_KNOTS('',2,(#12733,#12734,#12735),
 .UNSPECIFIED.,.F.,.F.,(3,3),(0.,1.),.PIECEWISE_BEZIER_KNOTS.);
#529=B_SPLINE_CURVE_WITH_KNOTS('',2,(#12753,#12754,#12755),
 .UNSPECIFIED.,.F.,.F.,(3,3),(0.,1.),.PIECEWISE_BEZIER_KNOTS.);
#530=B_SPLINE_CURVE_WITH_KNOTS('',2,(#12768,#12769,#12770),
 .UNSPECIFIED.,.F.,.F.,(3,3),(0.,1.),.PIECEWISE_BEZIER_KNOTS.);
#531=B_SPLINE_CURVE_WITH_KNOTS('',2,(#12781,#12782,#12783),
 .UNSPECIFIED.,.F.,.F.,(3,3),(0.,1.),.PIECEWISE_BEZIER_KNOTS.);
#532=B_SPLINE_CURVE_WITH_KNOTS('',2,(#12794,#12795,#12796),
 .UNSPECIFIED.,.F.,.F.,(3,3),(0.,1.),.PIECEWISE_BEZIER_KNOTS.);
#533=B_SPLINE_CURVE_WITH_KNOTS('',2,(#12805,#12806,#12807),
 .UNSPECIFIED.,.F.,.F.,(3,3),(0.,1.),.PIECEWISE_BEZIER_KNOTS.);
#534=B_SPLINE_CURVE_WITH_KNOTS('',2,(#12829,#12830,#12831),
 .UNSPECIFIED.,.F.,.F.,(3,3),(0.,1.),.PIECEWISE_BEZIER_KNOTS.);
#535=B_SPLINE_CURVE_WITH_KNOTS('',2,(#12842,#12843,#12844),
 .UNSPECIFIED.,.F.,.F.,(3,3),(0.,1.),.PIECEWISE_BEZIER_KNOTS.);
#536=B_SPLINE_CURVE_WITH_KNOTS('',2,(#12855,#12856,#12857),
 .UNSPECIFIED.,.F.,.F.,(3,3),(0.,1.),.PIECEWISE_BEZIER_KNOTS.);
#537=B_SPLINE_CURVE_WITH_KNOTS('',2,(#12900,#12901,#12902),
 .UNSPECIFIED.,.F.,.F.,(3,3),(0.,1.),.PIECEWISE_BEZIER_KNOTS.);
#538=B_SPLINE_CURVE_WITH_KNOTS('',2,(#12913,#12914,#12915),
 .UNSPECIFIED.,.F.,.F.,(3,3),(0.,1.),.PIECEWISE_BEZIER_KNOTS.);
#539=B_SPLINE_CURVE_WITH_KNOTS('',2,(#12926,#12927,#12928),
 .UNSPECIFIED.,.F.,.F.,(3,3),(0.,1.),.PIECEWISE_BEZIER_KNOTS.);
#540=B_SPLINE_CURVE_WITH_KNOTS('',2,(#12942,#12943,#12944),
 .UNSPECIFIED.,.F.,.F.,(3,3),(0.,1.),.PIECEWISE_BEZIER_KNOTS.);
#541=B_SPLINE_CURVE_WITH_KNOTS('',2,(#12957,#12958,#12959),
 .UNSPECIFIED.,.F.,.F.,(3,3),(0.,1.),.PIECEWISE_BEZIER_KNOTS.);
#542=B_SPLINE_CURVE_WITH_KNOTS('',2,(#12970,#12971,#12972),
 .UNSPECIFIED.,.F.,.F.,(3,3),(0.,1.),.PIECEWISE_BEZIER_KNOTS.);
#543=B_SPLINE_CURVE_WITH_KNOTS('',2,(#12983,#12984,#12985),
 .UNSPECIFIED.,.F.,.F.,(3,3),(0.,1.),.PIECEWISE_BEZIER_KNOTS.);
#544=B_SPLINE_CURVE_WITH_KNOTS('',2,(#12994,#12995,#12996),
 .UNSPECIFIED.,.F.,.F.,(3,3),(0.,1.),.PIECEWISE_BEZIER_KNOTS.);
#545=B_SPLINE_CURVE_WITH_KNOTS('',2,(#13025,#13026,#13027),
 .UNSPECIFIED.,.F.,.F.,(3,3),(0.,1.),.PIECEWISE_BEZIER_KNOTS.);
#546=B_SPLINE_CURVE_WITH_KNOTS('',2,(#13072,#13073,#13074),
 .UNSPECIFIED.,.F.,.F.,(3,3),(0.,1.),.PIECEWISE_BEZIER_KNOTS.);
#547=B_SPLINE_CURVE_WITH_KNOTS('',2,(#13085,#13086,#13087),
 .UNSPECIFIED.,.F.,.F.,(3,3),(0.,1.),.PIECEWISE_BEZIER_KNOTS.);
#548=B_SPLINE_CURVE_WITH_KNOTS('',2,(#13098,#13099,#13100),
 .UNSPECIFIED.,.F.,.F.,(3,3),(0.,1.),.PIECEWISE_BEZIER_KNOTS.);
#549=B_SPLINE_CURVE_WITH_KNOTS('',2,(#13114,#13115,#13116),
 .UNSPECIFIED.,.F.,.F.,(3,3),(0.,1.),.PIECEWISE_BEZIER_KNOTS.);
#550=B_SPLINE_CURVE_WITH_KNOTS('',2,(#13129,#13130,#13131),
 .UNSPECIFIED.,.F.,.F.,(3,3),(0.,1.),.PIECEWISE_BEZIER_KNOTS.);
#551=B_SPLINE_CURVE_WITH_KNOTS('',2,(#13158,#13159,#13160),
 .UNSPECIFIED.,.F.,.F.,(3,3),(0.,1.),.PIECEWISE_BEZIER_KNOTS.);
#552=B_SPLINE_CURVE_WITH_KNOTS('',2,(#13171,#13172,#13173),
 .UNSPECIFIED.,.F.,.F.,(3,3),(0.,1.),.PIECEWISE_BEZIER_KNOTS.);
#553=B_SPLINE_CURVE_WITH_KNOTS('',2,(#13192,#13193,#13194),
 .UNSPECIFIED.,.F.,.F.,(3,3),(0.,1.),.PIECEWISE_BEZIER_KNOTS.);
#554=B_SPLINE_CURVE_WITH_KNOTS('',2,(#13205,#13206,#13207),
 .UNSPECIFIED.,.F.,.F.,(3,3),(0.,1.),.PIECEWISE_BEZIER_KNOTS.);
#555=B_SPLINE_CURVE_WITH_KNOTS('',2,(#13218,#13219,#13220),
 .UNSPECIFIED.,.F.,.F.,(3,3),(0.,1.),.PIECEWISE_BEZIER_KNOTS.);
#556=B_SPLINE_CURVE_WITH_KNOTS('',2,(#13231,#13232,#13233),
 .UNSPECIFIED.,.F.,.F.,(3,3),(0.,1.),.PIECEWISE_BEZIER_KNOTS.);
#557=B_SPLINE_CURVE_WITH_KNOTS('',2,(#13242,#13243,#13244),
 .UNSPECIFIED.,.F.,.F.,(3,3),(0.,1.),.PIECEWISE_BEZIER_KNOTS.);
#558=B_SPLINE_CURVE_WITH_KNOTS('',2,(#13249,#13250,#13251),
 .UNSPECIFIED.,.F.,.F.,(3,3),(0.,1.),.PIECEWISE_BEZIER_KNOTS.);
#559=B_SPLINE_CURVE_WITH_KNOTS('',2,(#13262,#13263,#13264),
 .UNSPECIFIED.,.F.,.F.,(3,3),(0.,1.),.PIECEWISE_BEZIER_KNOTS.);
#560=B_SPLINE_CURVE_WITH_KNOTS('',2,(#13268,#13269,#13270),
 .UNSPECIFIED.,.F.,.F.,(3,3),(0.,1.),.PIECEWISE_BEZIER_KNOTS.);
#561=B_SPLINE_CURVE_WITH_KNOTS('',2,(#13279,#13280,#13281),
 .UNSPECIFIED.,.F.,.F.,(3,3),(0.,1.),.PIECEWISE_BEZIER_KNOTS.);
#562=B_SPLINE_CURVE_WITH_KNOTS('',2,(#13285,#13286,#13287),
 .UNSPECIFIED.,.F.,.F.,(3,3),(0.,1.),.PIECEWISE_BEZIER_KNOTS.);
#563=B_SPLINE_CURVE_WITH_KNOTS('',2,(#13302,#13303,#13304),
 .UNSPECIFIED.,.F.,.F.,(3,3),(0.,1.),.PIECEWISE_BEZIER_KNOTS.);
#564=B_SPLINE_CURVE_WITH_KNOTS('',2,(#13305,#13306,#13307),
 .UNSPECIFIED.,.F.,.F.,(3,3),(0.,1.),.PIECEWISE_BEZIER_KNOTS.);
#565=B_SPLINE_CURVE_WITH_KNOTS('',2,(#13316,#13317,#13318),
 .UNSPECIFIED.,.F.,.F.,(3,3),(0.,1.),.PIECEWISE_BEZIER_KNOTS.);
#566=B_SPLINE_CURVE_WITH_KNOTS('',2,(#13361,#13362,#13363),
 .UNSPECIFIED.,.F.,.F.,(3,3),(0.,1.),.PIECEWISE_BEZIER_KNOTS.);
#567=B_SPLINE_CURVE_WITH_KNOTS('',2,(#13386,#13387,#13388),
 .UNSPECIFIED.,.F.,.F.,(3,3),(0.,1.),.PIECEWISE_BEZIER_KNOTS.);
#568=B_SPLINE_CURVE_WITH_KNOTS('',2,(#13399,#13400,#13401),
 .UNSPECIFIED.,.F.,.F.,(3,3),(0.,1.),.PIECEWISE_BEZIER_KNOTS.);
#569=B_SPLINE_CURVE_WITH_KNOTS('',2,(#13412,#13413,#13414),
 .UNSPECIFIED.,.F.,.F.,(3,3),(0.,1.),.PIECEWISE_BEZIER_KNOTS.);
#570=B_SPLINE_CURVE_WITH_KNOTS('',2,(#13449,#13450,#13451),
 .UNSPECIFIED.,.F.,.F.,(3,3),(0.,1.),.PIECEWISE_BEZIER_KNOTS.);
#571=B_SPLINE_CURVE_WITH_KNOTS('',2,(#13462,#13463,#13464),
 .UNSPECIFIED.,.F.,.F.,(3,3),(0.,1.),.PIECEWISE_BEZIER_KNOTS.);
#572=B_SPLINE_CURVE_WITH_KNOTS('',2,(#13475,#13476,#13477),
 .UNSPECIFIED.,.F.,.F.,(3,3),(0.,1.),.PIECEWISE_BEZIER_KNOTS.);
#573=B_SPLINE_CURVE_WITH_KNOTS('',2,(#13504,#13505,#13506),
 .UNSPECIFIED.,.F.,.F.,(3,3),(0.,1.),.PIECEWISE_BEZIER_KNOTS.);
#574=B_SPLINE_CURVE_WITH_KNOTS('',2,(#13510,#13511,#13512),
 .UNSPECIFIED.,.F.,.F.,(3,3),(0.,1.),.PIECEWISE_BEZIER_KNOTS.);
#575=B_SPLINE_CURVE_WITH_KNOTS('',2,(#13521,#13522,#13523),
 .UNSPECIFIED.,.F.,.F.,(3,3),(0.,1.),.PIECEWISE_BEZIER_KNOTS.);
#576=B_SPLINE_CURVE_WITH_KNOTS('',2,(#13527,#13528,#13529),
 .UNSPECIFIED.,.F.,.F.,(3,3),(0.,1.),.PIECEWISE_BEZIER_KNOTS.);
#577=B_SPLINE_CURVE_WITH_KNOTS('',2,(#13538,#13539,#13540),
 .UNSPECIFIED.,.F.,.F.,(3,3),(0.,1.),.PIECEWISE_BEZIER_KNOTS.);
#578=B_SPLINE_CURVE_WITH_KNOTS('',2,(#13544,#13545,#13546),
 .UNSPECIFIED.,.F.,.F.,(3,3),(0.,1.),.PIECEWISE_BEZIER_KNOTS.);
#579=B_SPLINE_CURVE_WITH_KNOTS('',2,(#13555,#13556,#13557),
 .UNSPECIFIED.,.F.,.F.,(3,3),(0.,1.),.PIECEWISE_BEZIER_KNOTS.);
#580=B_SPLINE_CURVE_WITH_KNOTS('',2,(#13561,#13562,#13563),
 .UNSPECIFIED.,.F.,.F.,(3,3),(0.,1.),.PIECEWISE_BEZIER_KNOTS.);
#581=B_SPLINE_CURVE_WITH_KNOTS('',2,(#13588,#13589,#13590),
 .UNSPECIFIED.,.F.,.F.,(3,3),(0.,1.),.PIECEWISE_BEZIER_KNOTS.);
#582=B_SPLINE_CURVE_WITH_KNOTS('',2,(#13601,#13602,#13603),
 .UNSPECIFIED.,.F.,.F.,(3,3),(0.,1.),.PIECEWISE_BEZIER_KNOTS.);
#583=B_SPLINE_CURVE_WITH_KNOTS('',2,(#13614,#13615,#13616),
 .UNSPECIFIED.,.F.,.F.,(3,3),(0.,1.),.PIECEWISE_BEZIER_KNOTS.);
#584=B_SPLINE_CURVE_WITH_KNOTS('',2,(#13631,#13632,#13633),
 .UNSPECIFIED.,.F.,.F.,(3,3),(0.,1.),.PIECEWISE_BEZIER_KNOTS.);
#585=B_SPLINE_CURVE_WITH_KNOTS('',2,(#13644,#13645,#13646),
 .UNSPECIFIED.,.F.,.F.,(3,3),(0.,1.),.PIECEWISE_BEZIER_KNOTS.);
#586=B_SPLINE_CURVE_WITH_KNOTS('',2,(#13665,#13666,#13667),
 .UNSPECIFIED.,.F.,.F.,(3,3),(0.,1.),.PIECEWISE_BEZIER_KNOTS.);
#587=B_SPLINE_CURVE_WITH_KNOTS('',2,(#13678,#13679,#13680),
 .UNSPECIFIED.,.F.,.F.,(3,3),(0.,1.),.PIECEWISE_BEZIER_KNOTS.);
#588=B_SPLINE_CURVE_WITH_KNOTS('',2,(#13691,#13692,#13693),
 .UNSPECIFIED.,.F.,.F.,(3,3),(0.,1.),.PIECEWISE_BEZIER_KNOTS.);
#589=B_SPLINE_CURVE_WITH_KNOTS('',2,(#13704,#13705,#13706),
 .UNSPECIFIED.,.F.,.F.,(3,3),(0.,1.),.PIECEWISE_BEZIER_KNOTS.);
#590=B_SPLINE_CURVE_WITH_KNOTS('',2,(#13717,#13718,#13719),
 .UNSPECIFIED.,.F.,.F.,(3,3),(0.,1.),.PIECEWISE_BEZIER_KNOTS.);
#591=B_SPLINE_CURVE_WITH_KNOTS('',2,(#13730,#13731,#13732),
 .UNSPECIFIED.,.F.,.F.,(3,3),(0.,1.),.PIECEWISE_BEZIER_KNOTS.);
#592=B_SPLINE_CURVE_WITH_KNOTS('',2,(#13743,#13744,#13745),
 .UNSPECIFIED.,.F.,.F.,(3,3),(0.,1.),.PIECEWISE_BEZIER_KNOTS.);
#593=B_SPLINE_CURVE_WITH_KNOTS('',2,(#13746,#13747,#13748),
 .UNSPECIFIED.,.F.,.F.,(3,3),(0.,1.),.PIECEWISE_BEZIER_KNOTS.);
#594=B_SPLINE_CURVE_WITH_KNOTS('',2,(#13761,#13762,#13763),
 .UNSPECIFIED.,.F.,.F.,(3,3),(0.,1.),.PIECEWISE_BEZIER_KNOTS.);
#595=B_SPLINE_CURVE_WITH_KNOTS('',2,(#13776,#13777,#13778),
 .UNSPECIFIED.,.F.,.F.,(3,3),(0.,1.),.PIECEWISE_BEZIER_KNOTS.);
#596=B_SPLINE_CURVE_WITH_KNOTS('',2,(#13789,#13790,#13791),
 .UNSPECIFIED.,.F.,.F.,(3,3),(0.,1.),.PIECEWISE_BEZIER_KNOTS.);
#597=B_SPLINE_CURVE_WITH_KNOTS('',2,(#13846,#13847,#13848),
 .UNSPECIFIED.,.F.,.F.,(3,3),(0.,1.),.PIECEWISE_BEZIER_KNOTS.);
#598=B_SPLINE_CURVE_WITH_KNOTS('',2,(#13859,#13860,#13861),
 .UNSPECIFIED.,.F.,.F.,(3,3),(0.,1.),.PIECEWISE_BEZIER_KNOTS.);
#599=B_SPLINE_CURVE_WITH_KNOTS('',2,(#13872,#13873,#13874),
 .UNSPECIFIED.,.F.,.F.,(3,3),(0.,1.),.PIECEWISE_BEZIER_KNOTS.);
#600=B_SPLINE_CURVE_WITH_KNOTS('',2,(#13888,#13889,#13890),
 .UNSPECIFIED.,.F.,.F.,(3,3),(0.,1.),.PIECEWISE_BEZIER_KNOTS.);
#601=B_SPLINE_CURVE_WITH_KNOTS('',2,(#13903,#13904,#13905),
 .UNSPECIFIED.,.F.,.F.,(3,3),(0.,1.),.PIECEWISE_BEZIER_KNOTS.);
#602=B_SPLINE_CURVE_WITH_KNOTS('',2,(#13932,#13933,#13934),
 .UNSPECIFIED.,.F.,.F.,(3,3),(0.,1.),.PIECEWISE_BEZIER_KNOTS.);
#603=B_SPLINE_CURVE_WITH_KNOTS('',2,(#13945,#13946,#13947),
 .UNSPECIFIED.,.F.,.F.,(3,3),(0.,1.),.PIECEWISE_BEZIER_KNOTS.);
#604=B_SPLINE_CURVE_WITH_KNOTS('',2,(#13970,#13971,#13972),
 .UNSPECIFIED.,.F.,.F.,(3,3),(0.,1.),.PIECEWISE_BEZIER_KNOTS.);
#605=B_SPLINE_CURVE_WITH_KNOTS('',2,(#13983,#13984,#13985),
 .UNSPECIFIED.,.F.,.F.,(3,3),(0.,1.),.PIECEWISE_BEZIER_KNOTS.);
#606=B_SPLINE_CURVE_WITH_KNOTS('',2,(#13994,#13995,#13996),
 .UNSPECIFIED.,.F.,.F.,(3,3),(0.,1.),.PIECEWISE_BEZIER_KNOTS.);
#607=B_SPLINE_CURVE_WITH_KNOTS('',2,(#14008,#14009,#14010),
 .UNSPECIFIED.,.F.,.F.,(3,3),(0.,1.),.PIECEWISE_BEZIER_KNOTS.);
#608=B_SPLINE_CURVE_WITH_KNOTS('',2,(#14023,#14024,#14025),
 .UNSPECIFIED.,.F.,.F.,(3,3),(0.,1.),.PIECEWISE_BEZIER_KNOTS.);
#609=B_SPLINE_CURVE_WITH_KNOTS('',2,(#14036,#14037,#14038),
 .UNSPECIFIED.,.F.,.F.,(3,3),(0.,1.),.PIECEWISE_BEZIER_KNOTS.);
#610=B_SPLINE_CURVE_WITH_KNOTS('',2,(#14061,#14062,#14063),
 .UNSPECIFIED.,.F.,.F.,(3,3),(0.,1.),.PIECEWISE_BEZIER_KNOTS.);
#611=B_SPLINE_CURVE_WITH_KNOTS('',2,(#14074,#14075,#14076),
 .UNSPECIFIED.,.F.,.F.,(3,3),(0.,1.),.PIECEWISE_BEZIER_KNOTS.);
#612=B_SPLINE_CURVE_WITH_KNOTS('',2,(#14108,#14109,#14110),
 .UNSPECIFIED.,.F.,.F.,(3,3),(0.,1.),.PIECEWISE_BEZIER_KNOTS.);
#613=B_SPLINE_CURVE_WITH_KNOTS('',2,(#14137,#14138,#14139),
 .UNSPECIFIED.,.F.,.F.,(3,3),(0.,1.),.PIECEWISE_BEZIER_KNOTS.);
#614=B_SPLINE_CURVE_WITH_KNOTS('',2,(#14150,#14151,#14152),
 .UNSPECIFIED.,.F.,.F.,(3,3),(0.,1.),.PIECEWISE_BEZIER_KNOTS.);
#615=B_SPLINE_CURVE_WITH_KNOTS('',2,(#14183,#14184,#14185),
 .UNSPECIFIED.,.F.,.F.,(3,3),(0.,1.),.PIECEWISE_BEZIER_KNOTS.);
#616=B_SPLINE_CURVE_WITH_KNOTS('',2,(#14197,#14198,#14199),
 .UNSPECIFIED.,.F.,.F.,(3,3),(0.,1.),.PIECEWISE_BEZIER_KNOTS.);
#617=B_SPLINE_CURVE_WITH_KNOTS('',2,(#14204,#14205,#14206),
 .UNSPECIFIED.,.F.,.F.,(3,3),(0.,1.),.PIECEWISE_BEZIER_KNOTS.);
#618=B_SPLINE_CURVE_WITH_KNOTS('',2,(#14217,#14218,#14219),
 .UNSPECIFIED.,.F.,.F.,(3,3),(0.,1.),.PIECEWISE_BEZIER_KNOTS.);
#619=B_SPLINE_CURVE_WITH_KNOTS('',2,(#14223,#14224,#14225),
 .UNSPECIFIED.,.F.,.F.,(3,3),(0.,1.),.PIECEWISE_BEZIER_KNOTS.);
#620=B_SPLINE_CURVE_WITH_KNOTS('',2,(#14234,#14235,#14236),
 .UNSPECIFIED.,.F.,.F.,(3,3),(0.,1.),.PIECEWISE_BEZIER_KNOTS.);
#621=B_SPLINE_CURVE_WITH_KNOTS('',2,(#14240,#14241,#14242),
 .UNSPECIFIED.,.F.,.F.,(3,3),(0.,1.),.PIECEWISE_BEZIER_KNOTS.);
#622=B_SPLINE_CURVE_WITH_KNOTS('',2,(#14251,#14252,#14253),
 .UNSPECIFIED.,.F.,.F.,(3,3),(0.,1.),.PIECEWISE_BEZIER_KNOTS.);
#623=B_SPLINE_CURVE_WITH_KNOTS('',2,(#14257,#14258,#14259),
 .UNSPECIFIED.,.F.,.F.,(3,3),(0.,1.),.PIECEWISE_BEZIER_KNOTS.);
#624=B_SPLINE_CURVE_WITH_KNOTS('',2,(#14268,#14269,#14270),
 .UNSPECIFIED.,.F.,.F.,(3,3),(0.,1.),.PIECEWISE_BEZIER_KNOTS.);
#625=B_SPLINE_CURVE_WITH_KNOTS('',2,(#14274,#14275,#14276),
 .UNSPECIFIED.,.F.,.F.,(3,3),(0.,1.),.PIECEWISE_BEZIER_KNOTS.);
#626=B_SPLINE_CURVE_WITH_KNOTS('',2,(#14285,#14286,#14287),
 .UNSPECIFIED.,.F.,.F.,(3,3),(0.,1.),.PIECEWISE_BEZIER_KNOTS.);
#627=B_SPLINE_CURVE_WITH_KNOTS('',2,(#14291,#14292,#14293),
 .UNSPECIFIED.,.F.,.F.,(3,3),(0.,1.),.PIECEWISE_BEZIER_KNOTS.);
#628=B_SPLINE_CURVE_WITH_KNOTS('',2,(#14302,#14303,#14304),
 .UNSPECIFIED.,.F.,.F.,(3,3),(0.,1.),.PIECEWISE_BEZIER_KNOTS.);
#629=B_SPLINE_CURVE_WITH_KNOTS('',2,(#14308,#14309,#14310),
 .UNSPECIFIED.,.F.,.F.,(3,3),(0.,1.),.PIECEWISE_BEZIER_KNOTS.);
#630=B_SPLINE_CURVE_WITH_KNOTS('',2,(#14327,#14328,#14329),
 .UNSPECIFIED.,.F.,.F.,(3,3),(0.,1.),.PIECEWISE_BEZIER_KNOTS.);
#631=B_SPLINE_CURVE_WITH_KNOTS('',2,(#14342,#14343,#14344),
 .UNSPECIFIED.,.F.,.F.,(3,3),(0.,1.),.PIECEWISE_BEZIER_KNOTS.);
#632=B_SPLINE_CURVE_WITH_KNOTS('',2,(#14359,#14360,#14361),
 .UNSPECIFIED.,.F.,.F.,(3,3),(0.,1.),.PIECEWISE_BEZIER_KNOTS.);
#633=B_SPLINE_CURVE_WITH_KNOTS('',2,(#14396,#14397,#14398),
 .UNSPECIFIED.,.F.,.F.,(3,3),(0.,1.),.PIECEWISE_BEZIER_KNOTS.);
#634=B_SPLINE_CURVE_WITH_KNOTS('',2,(#14409,#14410,#14411),
 .UNSPECIFIED.,.F.,.F.,(3,3),(0.,1.),.PIECEWISE_BEZIER_KNOTS.);
#635=B_SPLINE_CURVE_WITH_KNOTS('',2,(#14422,#14423,#14424),
 .UNSPECIFIED.,.F.,.F.,(3,3),(0.,1.),.PIECEWISE_BEZIER_KNOTS.);
#636=B_SPLINE_CURVE_WITH_KNOTS('',2,(#14433,#14434,#14435),
 .UNSPECIFIED.,.F.,.F.,(3,3),(0.,1.),.PIECEWISE_BEZIER_KNOTS.);
#637=B_SPLINE_CURVE_WITH_KNOTS('',2,(#14444,#14445,#14446),
 .UNSPECIFIED.,.F.,.F.,(3,3),(0.,1.),.PIECEWISE_BEZIER_KNOTS.);
#638=B_SPLINE_CURVE_WITH_KNOTS('',2,(#14447,#14448,#14449),
 .UNSPECIFIED.,.F.,.F.,(3,3),(0.,1.),.PIECEWISE_BEZIER_KNOTS.);
#639=B_SPLINE_CURVE_WITH_KNOTS('',2,(#14462,#14463,#14464),
 .UNSPECIFIED.,.F.,.F.,(3,3),(0.,1.),.PIECEWISE_BEZIER_KNOTS.);
#640=B_SPLINE_CURVE_WITH_KNOTS('',2,(#14477,#14478,#14479),
 .UNSPECIFIED.,.F.,.F.,(3,3),(0.,1.),.PIECEWISE_BEZIER_KNOTS.);
#641=B_SPLINE_CURVE_WITH_KNOTS('',2,(#14506,#14507,#14508),
 .UNSPECIFIED.,.F.,.F.,(3,3),(0.,1.),.PIECEWISE_BEZIER_KNOTS.);
#642=B_SPLINE_CURVE_WITH_KNOTS('',2,(#14519,#14520,#14521),
 .UNSPECIFIED.,.F.,.F.,(3,3),(0.,1.),.PIECEWISE_BEZIER_KNOTS.);
#643=B_SPLINE_CURVE_WITH_KNOTS('',2,(#14540,#14541,#14542),
 .UNSPECIFIED.,.F.,.F.,(3,3),(0.,1.),.PIECEWISE_BEZIER_KNOTS.);
#644=B_SPLINE_CURVE_WITH_KNOTS('',2,(#14553,#14554,#14555),
 .UNSPECIFIED.,.F.,.F.,(3,3),(0.,1.),.PIECEWISE_BEZIER_KNOTS.);
#645=B_SPLINE_CURVE_WITH_KNOTS('',2,(#14566,#14567,#14568),
 .UNSPECIFIED.,.F.,.F.,(3,3),(0.,1.),.PIECEWISE_BEZIER_KNOTS.);
#646=B_SPLINE_CURVE_WITH_KNOTS('',2,(#14579,#14580,#14581),
 .UNSPECIFIED.,.F.,.F.,(3,3),(0.,1.),.PIECEWISE_BEZIER_KNOTS.);
#647=B_SPLINE_CURVE_WITH_KNOTS('',2,(#14590,#14591,#14592),
 .UNSPECIFIED.,.F.,.F.,(3,3),(0.,1.),.PIECEWISE_BEZIER_KNOTS.);
#648=B_SPLINE_CURVE_WITH_KNOTS('',2,(#14597,#14598,#14599),
 .UNSPECIFIED.,.F.,.F.,(3,3),(0.,1.),.PIECEWISE_BEZIER_KNOTS.);
#649=B_SPLINE_CURVE_WITH_KNOTS('',2,(#14610,#14611,#14612),
 .UNSPECIFIED.,.F.,.F.,(3,3),(0.,1.),.PIECEWISE_BEZIER_KNOTS.);
#650=B_SPLINE_CURVE_WITH_KNOTS('',2,(#14616,#14617,#14618),
 .UNSPECIFIED.,.F.,.F.,(3,3),(0.,1.),.PIECEWISE_BEZIER_KNOTS.);
#651=B_SPLINE_CURVE_WITH_KNOTS('',2,(#14627,#14628,#14629),
 .UNSPECIFIED.,.F.,.F.,(3,3),(0.,1.),.PIECEWISE_BEZIER_KNOTS.);
#652=B_SPLINE_CURVE_WITH_KNOTS('',2,(#14633,#14634,#14635),
 .UNSPECIFIED.,.F.,.F.,(3,3),(0.,1.),.PIECEWISE_BEZIER_KNOTS.);
#653=B_SPLINE_CURVE_WITH_KNOTS('',2,(#14650,#14651,#14652),
 .UNSPECIFIED.,.F.,.F.,(3,3),(0.,1.),.PIECEWISE_BEZIER_KNOTS.);
#654=B_SPLINE_CURVE_WITH_KNOTS('',2,(#14653,#14654,#14655),
 .UNSPECIFIED.,.F.,.F.,(3,3),(0.,1.),.PIECEWISE_BEZIER_KNOTS.);
#655=B_SPLINE_CURVE_WITH_KNOTS('',2,(#14664,#14665,#14666),
 .UNSPECIFIED.,.F.,.F.,(3,3),(0.,1.),.PIECEWISE_BEZIER_KNOTS.);
#656=B_SPLINE_CURVE_WITH_KNOTS('',2,(#14689,#14690,#14691),
 .UNSPECIFIED.,.F.,.F.,(3,3),(0.,1.),.PIECEWISE_BEZIER_KNOTS.);
#657=B_SPLINE_CURVE_WITH_KNOTS('',2,(#14702,#14703,#14704),
 .UNSPECIFIED.,.F.,.F.,(3,3),(0.,1.),.PIECEWISE_BEZIER_KNOTS.);
#658=B_SPLINE_CURVE_WITH_KNOTS('',2,(#14715,#14716,#14717),
 .UNSPECIFIED.,.F.,.F.,(3,3),(0.,1.),.PIECEWISE_BEZIER_KNOTS.);
#659=B_SPLINE_CURVE_WITH_KNOTS('',2,(#14736,#14737,#14738),
 .UNSPECIFIED.,.F.,.F.,(3,3),(0.,1.),.PIECEWISE_BEZIER_KNOTS.);
#660=B_SPLINE_CURVE_WITH_KNOTS('',2,(#14769,#14770,#14771),
 .UNSPECIFIED.,.F.,.F.,(3,3),(0.,1.),.PIECEWISE_BEZIER_KNOTS.);
#661=B_SPLINE_CURVE_WITH_KNOTS('',2,(#14782,#14783,#14784),
 .UNSPECIFIED.,.F.,.F.,(3,3),(0.,1.),.PIECEWISE_BEZIER_KNOTS.);
#662=B_SPLINE_CURVE_WITH_KNOTS('',2,(#14795,#14796,#14797),
 .UNSPECIFIED.,.F.,.F.,(3,3),(0.,1.),.PIECEWISE_BEZIER_KNOTS.);
#663=B_SPLINE_CURVE_WITH_KNOTS('',2,(#14881,#14882,#14883),
 .UNSPECIFIED.,.F.,.F.,(3,3),(0.,1.),.PIECEWISE_BEZIER_KNOTS.);
#664=B_SPLINE_CURVE_WITH_KNOTS('',2,(#14910,#14911,#14912),
 .UNSPECIFIED.,.F.,.F.,(3,3),(0.,1.),.PIECEWISE_BEZIER_KNOTS.);
#665=B_SPLINE_CURVE_WITH_KNOTS('',2,(#14916,#14917,#14918),
 .UNSPECIFIED.,.F.,.F.,(3,3),(0.,1.),.PIECEWISE_BEZIER_KNOTS.);
#666=B_SPLINE_CURVE_WITH_KNOTS('',2,(#14927,#14928,#14929),
 .UNSPECIFIED.,.F.,.F.,(3,3),(0.,1.),.PIECEWISE_BEZIER_KNOTS.);
#667=B_SPLINE_CURVE_WITH_KNOTS('',2,(#14933,#14934,#14935),
 .UNSPECIFIED.,.F.,.F.,(3,3),(0.,1.),.PIECEWISE_BEZIER_KNOTS.);
#668=B_SPLINE_CURVE_WITH_KNOTS('',2,(#14944,#14945,#14946),
 .UNSPECIFIED.,.F.,.F.,(3,3),(0.,1.),.PIECEWISE_BEZIER_KNOTS.);
#669=B_SPLINE_CURVE_WITH_KNOTS('',2,(#14950,#14951,#14952),
 .UNSPECIFIED.,.F.,.F.,(3,3),(0.,1.),.PIECEWISE_BEZIER_KNOTS.);
#670=B_SPLINE_CURVE_WITH_KNOTS('',2,(#14961,#14962,#14963),
 .UNSPECIFIED.,.F.,.F.,(3,3),(0.,1.),.PIECEWISE_BEZIER_KNOTS.);
#671=B_SPLINE_CURVE_WITH_KNOTS('',2,(#14967,#14968,#14969),
 .UNSPECIFIED.,.F.,.F.,(3,3),(0.,1.),.PIECEWISE_BEZIER_KNOTS.);
#672=B_SPLINE_CURVE_WITH_KNOTS('',2,(#14994,#14995,#14996),
 .UNSPECIFIED.,.F.,.F.,(3,3),(0.,1.),.PIECEWISE_BEZIER_KNOTS.);
#673=B_SPLINE_CURVE_WITH_KNOTS('',2,(#15007,#15008,#15009),
 .UNSPECIFIED.,.F.,.F.,(3,3),(0.,1.),.PIECEWISE_BEZIER_KNOTS.);
#674=B_SPLINE_CURVE_WITH_KNOTS('',2,(#15020,#15021,#15022),
 .UNSPECIFIED.,.F.,.F.,(3,3),(0.,1.),.PIECEWISE_BEZIER_KNOTS.);
#675=B_SPLINE_CURVE_WITH_KNOTS('',2,(#15037,#15038,#15039),
 .UNSPECIFIED.,.F.,.F.,(3,3),(0.,1.),.PIECEWISE_BEZIER_KNOTS.);
#676=B_SPLINE_CURVE_WITH_KNOTS('',2,(#15050,#15051,#15052),
 .UNSPECIFIED.,.F.,.F.,(3,3),(0.,1.),.PIECEWISE_BEZIER_KNOTS.);
#677=B_SPLINE_CURVE_WITH_KNOTS('',2,(#15071,#15072,#15073),
 .UNSPECIFIED.,.F.,.F.,(3,3),(0.,1.),.PIECEWISE_BEZIER_KNOTS.);
#678=B_SPLINE_CURVE_WITH_KNOTS('',2,(#15084,#15085,#15086),
 .UNSPECIFIED.,.F.,.F.,(3,3),(0.,1.),.PIECEWISE_BEZIER_KNOTS.);
#679=B_SPLINE_CURVE_WITH_KNOTS('',2,(#15097,#15098,#15099),
 .UNSPECIFIED.,.F.,.F.,(3,3),(0.,1.),.PIECEWISE_BEZIER_KNOTS.);
#680=B_SPLINE_CURVE_WITH_KNOTS('',2,(#15110,#15111,#15112),
 .UNSPECIFIED.,.F.,.F.,(3,3),(0.,1.),.PIECEWISE_BEZIER_KNOTS.);
#681=B_SPLINE_CURVE_WITH_KNOTS('',2,(#15123,#15124,#15125),
 .UNSPECIFIED.,.F.,.F.,(3,3),(0.,1.),.PIECEWISE_BEZIER_KNOTS.);
#682=B_SPLINE_CURVE_WITH_KNOTS('',2,(#15136,#15137,#15138),
 .UNSPECIFIED.,.F.,.F.,(3,3),(0.,1.),.PIECEWISE_BEZIER_KNOTS.);
#683=B_SPLINE_CURVE_WITH_KNOTS('',2,(#15149,#15150,#15151),
 .UNSPECIFIED.,.F.,.F.,(3,3),(0.,1.),.PIECEWISE_BEZIER_KNOTS.);
#684=B_SPLINE_CURVE_WITH_KNOTS('',2,(#15152,#15153,#15154),
 .UNSPECIFIED.,.F.,.F.,(3,3),(0.,1.),.PIECEWISE_BEZIER_KNOTS.);
#685=B_SPLINE_CURVE_WITH_KNOTS('',2,(#15165,#15166,#15167),
 .UNSPECIFIED.,.F.,.F.,(3,3),(0.,1.),.PIECEWISE_BEZIER_KNOTS.);
#686=B_SPLINE_CURVE_WITH_KNOTS('',2,(#15172,#15173,#15174),
 .UNSPECIFIED.,.F.,.F.,(3,3),(0.,1.),.PIECEWISE_BEZIER_KNOTS.);
#687=B_SPLINE_CURVE_WITH_KNOTS('',2,(#15185,#15186,#15187),
 .UNSPECIFIED.,.F.,.F.,(3,3),(0.,1.),.PIECEWISE_BEZIER_KNOTS.);
#688=B_SPLINE_CURVE_WITH_KNOTS('',2,(#15191,#15192,#15193),
 .UNSPECIFIED.,.F.,.F.,(3,3),(0.,1.),.PIECEWISE_BEZIER_KNOTS.);
#689=B_SPLINE_CURVE_WITH_KNOTS('',2,(#15202,#15203,#15204),
 .UNSPECIFIED.,.F.,.F.,(3,3),(0.,1.),.PIECEWISE_BEZIER_KNOTS.);
#690=B_SPLINE_CURVE_WITH_KNOTS('',2,(#15208,#15209,#15210),
 .UNSPECIFIED.,.F.,.F.,(3,3),(0.,1.),.PIECEWISE_BEZIER_KNOTS.);
#691=B_SPLINE_CURVE_WITH_KNOTS('',2,(#15219,#15220,#15221),
 .UNSPECIFIED.,.F.,.F.,(3,3),(0.,1.),.PIECEWISE_BEZIER_KNOTS.);
#692=B_SPLINE_CURVE_WITH_KNOTS('',2,(#15225,#15226,#15227),
 .UNSPECIFIED.,.F.,.F.,(3,3),(0.,1.),.PIECEWISE_BEZIER_KNOTS.);
#693=B_SPLINE_CURVE_WITH_KNOTS('',2,(#15236,#15237,#15238),
 .UNSPECIFIED.,.F.,.F.,(3,3),(0.,1.),.PIECEWISE_BEZIER_KNOTS.);
#694=B_SPLINE_CURVE_WITH_KNOTS('',2,(#15242,#15243,#15244),
 .UNSPECIFIED.,.F.,.F.,(3,3),(0.,1.),.PIECEWISE_BEZIER_KNOTS.);
#695=B_SPLINE_CURVE_WITH_KNOTS('',2,(#15253,#15254,#15255),
 .UNSPECIFIED.,.F.,.F.,(3,3),(0.,1.),.PIECEWISE_BEZIER_KNOTS.);
#696=B_SPLINE_CURVE_WITH_KNOTS('',2,(#15259,#15260,#15261),
 .UNSPECIFIED.,.F.,.F.,(3,3),(0.,1.),.PIECEWISE_BEZIER_KNOTS.);
#697=B_SPLINE_CURVE_WITH_KNOTS('',2,(#15270,#15271,#15272),
 .UNSPECIFIED.,.F.,.F.,(3,3),(0.,1.),.PIECEWISE_BEZIER_KNOTS.);
#698=B_SPLINE_CURVE_WITH_KNOTS('',2,(#15276,#15277,#15278),
 .UNSPECIFIED.,.F.,.F.,(3,3),(0.,1.),.PIECEWISE_BEZIER_KNOTS.);
#699=B_SPLINE_CURVE_WITH_KNOTS('',2,(#15295,#15296,#15297),
 .UNSPECIFIED.,.F.,.F.,(3,3),(0.,1.),.PIECEWISE_BEZIER_KNOTS.);
#700=B_SPLINE_CURVE_WITH_KNOTS('',2,(#15310,#15311,#15312),
 .UNSPECIFIED.,.F.,.F.,(3,3),(0.,1.),.PIECEWISE_BEZIER_KNOTS.);
#701=B_SPLINE_CURVE_WITH_KNOTS('',2,(#15347,#15348,#15349),
 .UNSPECIFIED.,.F.,.F.,(3,3),(0.,1.),.PIECEWISE_BEZIER_KNOTS.);
#702=B_SPLINE_CURVE_WITH_KNOTS('',2,(#15364,#15365,#15366),
 .UNSPECIFIED.,.F.,.F.,(3,3),(0.,1.),.PIECEWISE_BEZIER_KNOTS.);
#703=B_SPLINE_CURVE_WITH_KNOTS('',2,(#15377,#15378,#15379),
 .UNSPECIFIED.,.F.,.F.,(3,3),(0.,1.),.PIECEWISE_BEZIER_KNOTS.);
#704=B_SPLINE_CURVE_WITH_KNOTS('',2,(#15390,#15391,#15392),
 .UNSPECIFIED.,.F.,.F.,(3,3),(0.,1.),.PIECEWISE_BEZIER_KNOTS.);
#705=B_SPLINE_CURVE_WITH_KNOTS('',2,(#15401,#15402,#15403),
 .UNSPECIFIED.,.F.,.F.,(3,3),(0.,1.),.PIECEWISE_BEZIER_KNOTS.);
#706=B_SPLINE_CURVE_WITH_KNOTS('',2,(#15412,#15413,#15414),
 .UNSPECIFIED.,.F.,.F.,(3,3),(0.,1.),.PIECEWISE_BEZIER_KNOTS.);
#707=B_SPLINE_CURVE_WITH_KNOTS('',2,(#15415,#15416,#15417),
 .UNSPECIFIED.,.F.,.F.,(3,3),(0.,1.),.PIECEWISE_BEZIER_KNOTS.);
#708=ORIENTED_EDGE('',*,*,#3288,.F.);
#709=ORIENTED_EDGE('',*,*,#3289,.T.);
#710=ORIENTED_EDGE('',*,*,#3290,.T.);
#711=ORIENTED_EDGE('',*,*,#3291,.T.);
#712=ORIENTED_EDGE('',*,*,#3292,.F.);
#713=ORIENTED_EDGE('',*,*,#3293,.T.);
#714=ORIENTED_EDGE('',*,*,#3294,.T.);
#715=ORIENTED_EDGE('',*,*,#3295,.F.);
#716=ORIENTED_EDGE('',*,*,#3296,.F.);
#717=ORIENTED_EDGE('',*,*,#3297,.T.);
#718=ORIENTED_EDGE('',*,*,#3298,.T.);
#719=ORIENTED_EDGE('',*,*,#3299,.T.);
#720=ORIENTED_EDGE('',*,*,#3289,.F.);
#721=ORIENTED_EDGE('',*,*,#3300,.T.);
#722=ORIENTED_EDGE('',*,*,#3301,.F.);
#723=ORIENTED_EDGE('',*,*,#3302,.F.);
#724=ORIENTED_EDGE('',*,*,#3297,.F.);
#725=ORIENTED_EDGE('',*,*,#3303,.T.);
#726=ORIENTED_EDGE('',*,*,#3304,.T.);
#727=ORIENTED_EDGE('',*,*,#3305,.F.);
#728=ORIENTED_EDGE('',*,*,#3293,.F.);
#729=ORIENTED_EDGE('',*,*,#3306,.T.);
#730=ORIENTED_EDGE('',*,*,#3307,.F.);
#731=ORIENTED_EDGE('',*,*,#3308,.F.);
#732=ORIENTED_EDGE('',*,*,#3295,.T.);
#733=ORIENTED_EDGE('',*,*,#3309,.T.);
#734=ORIENTED_EDGE('',*,*,#3310,.F.);
#735=ORIENTED_EDGE('',*,*,#3311,.F.);
#736=ORIENTED_EDGE('',*,*,#3312,.F.);
#737=ORIENTED_EDGE('',*,*,#3303,.F.);
#738=ORIENTED_EDGE('',*,*,#3296,.T.);
#739=ORIENTED_EDGE('',*,*,#3311,.T.);
#740=ORIENTED_EDGE('',*,*,#3313,.T.);
#741=ORIENTED_EDGE('',*,*,#3314,.F.);
#742=ORIENTED_EDGE('',*,*,#3315,.F.);
#743=ORIENTED_EDGE('',*,*,#3301,.T.);
#744=ORIENTED_EDGE('',*,*,#3316,.F.);
#745=ORIENTED_EDGE('',*,*,#3299,.F.);
#746=ORIENTED_EDGE('',*,*,#3317,.T.);
#747=ORIENTED_EDGE('',*,*,#3314,.T.);
#748=ORIENTED_EDGE('',*,*,#3315,.T.);
#749=ORIENTED_EDGE('',*,*,#3317,.F.);
#750=ORIENTED_EDGE('',*,*,#3298,.F.);
#751=ORIENTED_EDGE('',*,*,#3302,.T.);
#752=ORIENTED_EDGE('',*,*,#3313,.F.);
#753=ORIENTED_EDGE('',*,*,#3300,.F.);
#754=ORIENTED_EDGE('',*,*,#3288,.T.);
#755=ORIENTED_EDGE('',*,*,#3316,.T.);
#756=ORIENTED_EDGE('',*,*,#3318,.F.);
#757=ORIENTED_EDGE('',*,*,#3319,.T.);
#758=ORIENTED_EDGE('',*,*,#3320,.T.);
#759=ORIENTED_EDGE('',*,*,#3321,.F.);
#760=ORIENTED_EDGE('',*,*,#3304,.F.);
#761=ORIENTED_EDGE('',*,*,#3312,.T.);
#762=ORIENTED_EDGE('',*,*,#3310,.T.);
#763=ORIENTED_EDGE('',*,*,#3322,.F.);
#764=ORIENTED_EDGE('',*,*,#3322,.T.);
#765=ORIENTED_EDGE('',*,*,#3309,.F.);
#766=ORIENTED_EDGE('',*,*,#3294,.F.);
#767=ORIENTED_EDGE('',*,*,#3305,.T.);
#768=ORIENTED_EDGE('',*,*,#3323,.T.);
#769=ORIENTED_EDGE('',*,*,#3324,.F.);
#770=ORIENTED_EDGE('',*,*,#3290,.F.);
#771=ORIENTED_EDGE('',*,*,#3308,.T.);
#772=ORIENTED_EDGE('',*,*,#3325,.F.);
#773=ORIENTED_EDGE('',*,*,#3306,.F.);
#774=ORIENTED_EDGE('',*,*,#3292,.T.);
#775=ORIENTED_EDGE('',*,*,#3326,.T.);
#776=ORIENTED_EDGE('',*,*,#3327,.T.);
#777=ORIENTED_EDGE('',*,*,#3326,.F.);
#778=ORIENTED_EDGE('',*,*,#3291,.F.);
#779=ORIENTED_EDGE('',*,*,#3324,.T.);
#780=ORIENTED_EDGE('',*,*,#3323,.F.);
#781=ORIENTED_EDGE('',*,*,#3307,.T.);
#782=ORIENTED_EDGE('',*,*,#3325,.T.);
#783=ORIENTED_EDGE('',*,*,#3327,.F.);
#784=ORIENTED_EDGE('',*,*,#3328,.T.);
#785=ORIENTED_EDGE('',*,*,#3329,.T.);
#786=ORIENTED_EDGE('',*,*,#3330,.T.);
#787=ORIENTED_EDGE('',*,*,#3331,.T.);
#788=ORIENTED_EDGE('',*,*,#3332,.T.);
#789=ORIENTED_EDGE('',*,*,#3333,.T.);
#790=ORIENTED_EDGE('',*,*,#3334,.T.);
#791=ORIENTED_EDGE('',*,*,#3335,.T.);
#792=ORIENTED_EDGE('',*,*,#3336,.T.);
#793=ORIENTED_EDGE('',*,*,#3337,.T.);
#794=ORIENTED_EDGE('',*,*,#3338,.T.);
#795=ORIENTED_EDGE('',*,*,#3339,.T.);
#796=ORIENTED_EDGE('',*,*,#3340,.T.);
#797=ORIENTED_EDGE('',*,*,#3341,.T.);
#798=ORIENTED_EDGE('',*,*,#3342,.T.);
#799=ORIENTED_EDGE('',*,*,#3343,.T.);
#800=ORIENTED_EDGE('',*,*,#3344,.T.);
#801=ORIENTED_EDGE('',*,*,#3345,.T.);
#802=ORIENTED_EDGE('',*,*,#3346,.T.);
#803=ORIENTED_EDGE('',*,*,#3347,.T.);
#804=ORIENTED_EDGE('',*,*,#3348,.T.);
#805=ORIENTED_EDGE('',*,*,#3349,.T.);
#806=ORIENTED_EDGE('',*,*,#3350,.T.);
#807=ORIENTED_EDGE('',*,*,#3351,.T.);
#808=ORIENTED_EDGE('',*,*,#3352,.T.);
#809=ORIENTED_EDGE('',*,*,#3353,.T.);
#810=ORIENTED_EDGE('',*,*,#3354,.T.);
#811=ORIENTED_EDGE('',*,*,#3355,.T.);
#812=ORIENTED_EDGE('',*,*,#3356,.T.);
#813=ORIENTED_EDGE('',*,*,#3357,.T.);
#814=ORIENTED_EDGE('',*,*,#3358,.T.);
#815=ORIENTED_EDGE('',*,*,#3359,.T.);
#816=ORIENTED_EDGE('',*,*,#3360,.T.);
#817=ORIENTED_EDGE('',*,*,#3361,.T.);
#818=ORIENTED_EDGE('',*,*,#3362,.T.);
#819=ORIENTED_EDGE('',*,*,#3363,.T.);
#820=ORIENTED_EDGE('',*,*,#3364,.T.);
#821=ORIENTED_EDGE('',*,*,#3365,.T.);
#822=ORIENTED_EDGE('',*,*,#3366,.T.);
#823=ORIENTED_EDGE('',*,*,#3367,.T.);
#824=ORIENTED_EDGE('',*,*,#3368,.T.);
#825=ORIENTED_EDGE('',*,*,#3369,.T.);
#826=ORIENTED_EDGE('',*,*,#3370,.T.);
#827=ORIENTED_EDGE('',*,*,#3371,.T.);
#828=ORIENTED_EDGE('',*,*,#3372,.T.);
#829=ORIENTED_EDGE('',*,*,#3373,.T.);
#830=ORIENTED_EDGE('',*,*,#3374,.T.);
#831=ORIENTED_EDGE('',*,*,#3375,.T.);
#832=ORIENTED_EDGE('',*,*,#3376,.T.);
#833=ORIENTED_EDGE('',*,*,#3377,.T.);
#834=ORIENTED_EDGE('',*,*,#3378,.T.);
#835=ORIENTED_EDGE('',*,*,#3379,.T.);
#836=ORIENTED_EDGE('',*,*,#3380,.T.);
#837=ORIENTED_EDGE('',*,*,#3381,.T.);
#838=ORIENTED_EDGE('',*,*,#3382,.T.);
#839=ORIENTED_EDGE('',*,*,#3383,.T.);
#840=ORIENTED_EDGE('',*,*,#3384,.T.);
#841=ORIENTED_EDGE('',*,*,#3385,.T.);
#842=ORIENTED_EDGE('',*,*,#3386,.T.);
#843=ORIENTED_EDGE('',*,*,#3387,.T.);
#844=ORIENTED_EDGE('',*,*,#3388,.T.);
#845=ORIENTED_EDGE('',*,*,#3389,.T.);
#846=ORIENTED_EDGE('',*,*,#3390,.T.);
#847=ORIENTED_EDGE('',*,*,#3391,.T.);
#848=ORIENTED_EDGE('',*,*,#3392,.T.);
#849=ORIENTED_EDGE('',*,*,#3393,.T.);
#850=ORIENTED_EDGE('',*,*,#3394,.T.);
#851=ORIENTED_EDGE('',*,*,#3395,.T.);
#852=ORIENTED_EDGE('',*,*,#3396,.T.);
#853=ORIENTED_EDGE('',*,*,#3397,.T.);
#854=ORIENTED_EDGE('',*,*,#3398,.T.);
#855=ORIENTED_EDGE('',*,*,#3399,.T.);
#856=ORIENTED_EDGE('',*,*,#3400,.T.);
#857=ORIENTED_EDGE('',*,*,#3401,.T.);
#858=ORIENTED_EDGE('',*,*,#3402,.T.);
#859=ORIENTED_EDGE('',*,*,#3403,.T.);
#860=ORIENTED_EDGE('',*,*,#3404,.T.);
#861=ORIENTED_EDGE('',*,*,#3405,.T.);
#862=ORIENTED_EDGE('',*,*,#3406,.T.);
#863=ORIENTED_EDGE('',*,*,#3407,.T.);
#864=ORIENTED_EDGE('',*,*,#3408,.T.);
#865=ORIENTED_EDGE('',*,*,#3409,.T.);
#866=ORIENTED_EDGE('',*,*,#3410,.T.);
#867=ORIENTED_EDGE('',*,*,#3411,.T.);
#868=ORIENTED_EDGE('',*,*,#3412,.T.);
#869=ORIENTED_EDGE('',*,*,#3413,.T.);
#870=ORIENTED_EDGE('',*,*,#3414,.T.);
#871=ORIENTED_EDGE('',*,*,#3415,.T.);
#872=ORIENTED_EDGE('',*,*,#3416,.T.);
#873=ORIENTED_EDGE('',*,*,#3417,.T.);
#874=ORIENTED_EDGE('',*,*,#3418,.T.);
#875=ORIENTED_EDGE('',*,*,#3419,.T.);
#876=ORIENTED_EDGE('',*,*,#3420,.T.);
#877=ORIENTED_EDGE('',*,*,#3421,.T.);
#878=ORIENTED_EDGE('',*,*,#3422,.T.);
#879=ORIENTED_EDGE('',*,*,#3423,.T.);
#880=ORIENTED_EDGE('',*,*,#3424,.T.);
#881=ORIENTED_EDGE('',*,*,#3425,.T.);
#882=ORIENTED_EDGE('',*,*,#3426,.T.);
#883=ORIENTED_EDGE('',*,*,#3427,.T.);
#884=ORIENTED_EDGE('',*,*,#3428,.T.);
#885=ORIENTED_EDGE('',*,*,#3429,.T.);
#886=ORIENTED_EDGE('',*,*,#3430,.T.);
#887=ORIENTED_EDGE('',*,*,#3431,.T.);
#888=ORIENTED_EDGE('',*,*,#3432,.T.);
#889=ORIENTED_EDGE('',*,*,#3433,.T.);
#890=ORIENTED_EDGE('',*,*,#3434,.T.);
#891=ORIENTED_EDGE('',*,*,#3435,.T.);
#892=ORIENTED_EDGE('',*,*,#3436,.T.);
#893=ORIENTED_EDGE('',*,*,#3437,.T.);
#894=ORIENTED_EDGE('',*,*,#3438,.T.);
#895=ORIENTED_EDGE('',*,*,#3439,.T.);
#896=ORIENTED_EDGE('',*,*,#3440,.T.);
#897=ORIENTED_EDGE('',*,*,#3441,.T.);
#898=ORIENTED_EDGE('',*,*,#3442,.T.);
#899=ORIENTED_EDGE('',*,*,#3443,.T.);
#900=ORIENTED_EDGE('',*,*,#3444,.T.);
#901=ORIENTED_EDGE('',*,*,#3445,.T.);
#902=ORIENTED_EDGE('',*,*,#3446,.T.);
#903=ORIENTED_EDGE('',*,*,#3447,.T.);
#904=ORIENTED_EDGE('',*,*,#3448,.T.);
#905=ORIENTED_EDGE('',*,*,#3449,.T.);
#906=ORIENTED_EDGE('',*,*,#3450,.T.);
#907=ORIENTED_EDGE('',*,*,#3451,.T.);
#908=ORIENTED_EDGE('',*,*,#3452,.T.);
#909=ORIENTED_EDGE('',*,*,#3453,.T.);
#910=ORIENTED_EDGE('',*,*,#3454,.T.);
#911=ORIENTED_EDGE('',*,*,#3455,.T.);
#912=ORIENTED_EDGE('',*,*,#3456,.T.);
#913=ORIENTED_EDGE('',*,*,#3457,.T.);
#914=ORIENTED_EDGE('',*,*,#3458,.T.);
#915=ORIENTED_EDGE('',*,*,#3459,.T.);
#916=ORIENTED_EDGE('',*,*,#3460,.T.);
#917=ORIENTED_EDGE('',*,*,#3461,.T.);
#918=ORIENTED_EDGE('',*,*,#3462,.T.);
#919=ORIENTED_EDGE('',*,*,#3463,.T.);
#920=ORIENTED_EDGE('',*,*,#3464,.T.);
#921=ORIENTED_EDGE('',*,*,#3465,.T.);
#922=ORIENTED_EDGE('',*,*,#3466,.T.);
#923=ORIENTED_EDGE('',*,*,#3467,.T.);
#924=ORIENTED_EDGE('',*,*,#3468,.T.);
#925=ORIENTED_EDGE('',*,*,#3469,.T.);
#926=ORIENTED_EDGE('',*,*,#3470,.T.);
#927=ORIENTED_EDGE('',*,*,#3471,.T.);
#928=ORIENTED_EDGE('',*,*,#3472,.T.);
#929=ORIENTED_EDGE('',*,*,#3473,.T.);
#930=ORIENTED_EDGE('',*,*,#3474,.T.);
#931=ORIENTED_EDGE('',*,*,#3475,.T.);
#932=ORIENTED_EDGE('',*,*,#3476,.T.);
#933=ORIENTED_EDGE('',*,*,#3477,.T.);
#934=ORIENTED_EDGE('',*,*,#3478,.T.);
#935=ORIENTED_EDGE('',*,*,#3479,.T.);
#936=ORIENTED_EDGE('',*,*,#3480,.T.);
#937=ORIENTED_EDGE('',*,*,#3481,.T.);
#938=ORIENTED_EDGE('',*,*,#3482,.T.);
#939=ORIENTED_EDGE('',*,*,#3483,.T.);
#940=ORIENTED_EDGE('',*,*,#3484,.T.);
#941=ORIENTED_EDGE('',*,*,#3485,.T.);
#942=ORIENTED_EDGE('',*,*,#3486,.T.);
#943=ORIENTED_EDGE('',*,*,#3487,.T.);
#944=ORIENTED_EDGE('',*,*,#3488,.T.);
#945=ORIENTED_EDGE('',*,*,#3489,.T.);
#946=ORIENTED_EDGE('',*,*,#3490,.T.);
#947=ORIENTED_EDGE('',*,*,#3491,.T.);
#948=ORIENTED_EDGE('',*,*,#3492,.T.);
#949=ORIENTED_EDGE('',*,*,#3493,.T.);
#950=ORIENTED_EDGE('',*,*,#3494,.T.);
#951=ORIENTED_EDGE('',*,*,#3495,.T.);
#952=ORIENTED_EDGE('',*,*,#3496,.T.);
#953=ORIENTED_EDGE('',*,*,#3497,.T.);
#954=ORIENTED_EDGE('',*,*,#3498,.T.);
#955=ORIENTED_EDGE('',*,*,#3499,.T.);
#956=ORIENTED_EDGE('',*,*,#3500,.T.);
#957=ORIENTED_EDGE('',*,*,#3501,.T.);
#958=ORIENTED_EDGE('',*,*,#3502,.T.);
#959=ORIENTED_EDGE('',*,*,#3503,.T.);
#960=ORIENTED_EDGE('',*,*,#3504,.T.);
#961=ORIENTED_EDGE('',*,*,#3505,.T.);
#962=ORIENTED_EDGE('',*,*,#3506,.T.);
#963=ORIENTED_EDGE('',*,*,#3507,.T.);
#964=ORIENTED_EDGE('',*,*,#3508,.T.);
#965=ORIENTED_EDGE('',*,*,#3509,.T.);
#966=ORIENTED_EDGE('',*,*,#3510,.T.);
#967=ORIENTED_EDGE('',*,*,#3511,.T.);
#968=ORIENTED_EDGE('',*,*,#3512,.T.);
#969=ORIENTED_EDGE('',*,*,#3513,.T.);
#970=ORIENTED_EDGE('',*,*,#3514,.T.);
#971=ORIENTED_EDGE('',*,*,#3515,.T.);
#972=ORIENTED_EDGE('',*,*,#3516,.T.);
#973=ORIENTED_EDGE('',*,*,#3517,.T.);
#974=ORIENTED_EDGE('',*,*,#3518,.T.);
#975=ORIENTED_EDGE('',*,*,#3519,.T.);
#976=ORIENTED_EDGE('',*,*,#3520,.T.);
#977=ORIENTED_EDGE('',*,*,#3521,.T.);
#978=ORIENTED_EDGE('',*,*,#3522,.T.);
#979=ORIENTED_EDGE('',*,*,#3523,.T.);
#980=ORIENTED_EDGE('',*,*,#3524,.T.);
#981=ORIENTED_EDGE('',*,*,#3525,.T.);
#982=ORIENTED_EDGE('',*,*,#3526,.T.);
#983=ORIENTED_EDGE('',*,*,#3527,.T.);
#984=ORIENTED_EDGE('',*,*,#3528,.T.);
#985=ORIENTED_EDGE('',*,*,#3529,.T.);
#986=ORIENTED_EDGE('',*,*,#3530,.T.);
#987=ORIENTED_EDGE('',*,*,#3531,.T.);
#988=ORIENTED_EDGE('',*,*,#3532,.T.);
#989=ORIENTED_EDGE('',*,*,#3533,.T.);
#990=ORIENTED_EDGE('',*,*,#3534,.T.);
#991=ORIENTED_EDGE('',*,*,#3535,.T.);
#992=ORIENTED_EDGE('',*,*,#3536,.T.);
#993=ORIENTED_EDGE('',*,*,#3537,.T.);
#994=ORIENTED_EDGE('',*,*,#3538,.T.);
#995=ORIENTED_EDGE('',*,*,#3539,.T.);
#996=ORIENTED_EDGE('',*,*,#3540,.T.);
#997=ORIENTED_EDGE('',*,*,#3541,.T.);
#998=ORIENTED_EDGE('',*,*,#3542,.T.);
#999=ORIENTED_EDGE('',*,*,#3543,.T.);
#1000=ORIENTED_EDGE('',*,*,#3544,.T.);
#1001=ORIENTED_EDGE('',*,*,#3545,.T.);
#1002=ORIENTED_EDGE('',*,*,#3546,.T.);
#1003=ORIENTED_EDGE('',*,*,#3547,.T.);
#1004=ORIENTED_EDGE('',*,*,#3548,.T.);
#1005=ORIENTED_EDGE('',*,*,#3549,.T.);
#1006=ORIENTED_EDGE('',*,*,#3550,.T.);
#1007=ORIENTED_EDGE('',*,*,#3551,.T.);
#1008=ORIENTED_EDGE('',*,*,#3552,.T.);
#1009=ORIENTED_EDGE('',*,*,#3553,.T.);
#1010=ORIENTED_EDGE('',*,*,#3554,.T.);
#1011=ORIENTED_EDGE('',*,*,#3555,.T.);
#1012=ORIENTED_EDGE('',*,*,#3556,.T.);
#1013=ORIENTED_EDGE('',*,*,#3557,.T.);
#1014=ORIENTED_EDGE('',*,*,#3558,.T.);
#1015=ORIENTED_EDGE('',*,*,#3559,.T.);
#1016=ORIENTED_EDGE('',*,*,#3560,.T.);
#1017=ORIENTED_EDGE('',*,*,#3561,.T.);
#1018=ORIENTED_EDGE('',*,*,#3562,.T.);
#1019=ORIENTED_EDGE('',*,*,#3563,.T.);
#1020=ORIENTED_EDGE('',*,*,#3564,.T.);
#1021=ORIENTED_EDGE('',*,*,#3565,.T.);
#1022=ORIENTED_EDGE('',*,*,#3566,.T.);
#1023=ORIENTED_EDGE('',*,*,#3567,.T.);
#1024=ORIENTED_EDGE('',*,*,#3568,.T.);
#1025=ORIENTED_EDGE('',*,*,#3569,.T.);
#1026=ORIENTED_EDGE('',*,*,#3570,.T.);
#1027=ORIENTED_EDGE('',*,*,#3571,.T.);
#1028=ORIENTED_EDGE('',*,*,#3572,.T.);
#1029=ORIENTED_EDGE('',*,*,#3573,.T.);
#1030=ORIENTED_EDGE('',*,*,#3574,.T.);
#1031=ORIENTED_EDGE('',*,*,#3575,.T.);
#1032=ORIENTED_EDGE('',*,*,#3576,.T.);
#1033=ORIENTED_EDGE('',*,*,#3577,.T.);
#1034=ORIENTED_EDGE('',*,*,#3578,.T.);
#1035=ORIENTED_EDGE('',*,*,#3579,.T.);
#1036=ORIENTED_EDGE('',*,*,#3580,.T.);
#1037=ORIENTED_EDGE('',*,*,#3581,.T.);
#1038=ORIENTED_EDGE('',*,*,#3582,.T.);
#1039=ORIENTED_EDGE('',*,*,#3583,.T.);
#1040=ORIENTED_EDGE('',*,*,#3584,.T.);
#1041=ORIENTED_EDGE('',*,*,#3585,.T.);
#1042=ORIENTED_EDGE('',*,*,#3586,.T.);
#1043=ORIENTED_EDGE('',*,*,#3587,.T.);
#1044=ORIENTED_EDGE('',*,*,#3588,.T.);
#1045=ORIENTED_EDGE('',*,*,#3589,.T.);
#1046=ORIENTED_EDGE('',*,*,#3590,.T.);
#1047=ORIENTED_EDGE('',*,*,#3591,.T.);
#1048=ORIENTED_EDGE('',*,*,#3592,.T.);
#1049=ORIENTED_EDGE('',*,*,#3593,.T.);
#1050=ORIENTED_EDGE('',*,*,#3594,.T.);
#1051=ORIENTED_EDGE('',*,*,#3595,.T.);
#1052=ORIENTED_EDGE('',*,*,#3596,.T.);
#1053=ORIENTED_EDGE('',*,*,#3597,.T.);
#1054=ORIENTED_EDGE('',*,*,#3598,.T.);
#1055=ORIENTED_EDGE('',*,*,#3599,.T.);
#1056=ORIENTED_EDGE('',*,*,#3600,.T.);
#1057=ORIENTED_EDGE('',*,*,#3601,.T.);
#1058=ORIENTED_EDGE('',*,*,#3602,.T.);
#1059=ORIENTED_EDGE('',*,*,#3603,.T.);
#1060=ORIENTED_EDGE('',*,*,#3604,.T.);
#1061=ORIENTED_EDGE('',*,*,#3605,.T.);
#1062=ORIENTED_EDGE('',*,*,#3606,.T.);
#1063=ORIENTED_EDGE('',*,*,#3607,.T.);
#1064=ORIENTED_EDGE('',*,*,#3608,.T.);
#1065=ORIENTED_EDGE('',*,*,#3609,.T.);
#1066=ORIENTED_EDGE('',*,*,#3610,.T.);
#1067=ORIENTED_EDGE('',*,*,#3611,.T.);
#1068=ORIENTED_EDGE('',*,*,#3612,.T.);
#1069=ORIENTED_EDGE('',*,*,#3613,.T.);
#1070=ORIENTED_EDGE('',*,*,#3614,.T.);
#1071=ORIENTED_EDGE('',*,*,#3615,.T.);
#1072=ORIENTED_EDGE('',*,*,#3616,.T.);
#1073=ORIENTED_EDGE('',*,*,#3617,.T.);
#1074=ORIENTED_EDGE('',*,*,#3618,.T.);
#1075=ORIENTED_EDGE('',*,*,#3619,.T.);
#1076=ORIENTED_EDGE('',*,*,#3620,.T.);
#1077=ORIENTED_EDGE('',*,*,#3621,.T.);
#1078=ORIENTED_EDGE('',*,*,#3622,.T.);
#1079=ORIENTED_EDGE('',*,*,#3623,.T.);
#1080=ORIENTED_EDGE('',*,*,#3624,.T.);
#1081=ORIENTED_EDGE('',*,*,#3625,.T.);
#1082=ORIENTED_EDGE('',*,*,#3626,.T.);
#1083=ORIENTED_EDGE('',*,*,#3627,.T.);
#1084=ORIENTED_EDGE('',*,*,#3628,.T.);
#1085=ORIENTED_EDGE('',*,*,#3629,.T.);
#1086=ORIENTED_EDGE('',*,*,#3630,.T.);
#1087=ORIENTED_EDGE('',*,*,#3631,.T.);
#1088=ORIENTED_EDGE('',*,*,#3632,.T.);
#1089=ORIENTED_EDGE('',*,*,#3633,.T.);
#1090=ORIENTED_EDGE('',*,*,#3634,.T.);
#1091=ORIENTED_EDGE('',*,*,#3635,.T.);
#1092=ORIENTED_EDGE('',*,*,#3636,.T.);
#1093=ORIENTED_EDGE('',*,*,#3637,.T.);
#1094=ORIENTED_EDGE('',*,*,#3638,.T.);
#1095=ORIENTED_EDGE('',*,*,#3639,.T.);
#1096=ORIENTED_EDGE('',*,*,#3640,.T.);
#1097=ORIENTED_EDGE('',*,*,#3641,.T.);
#1098=ORIENTED_EDGE('',*,*,#3642,.T.);
#1099=ORIENTED_EDGE('',*,*,#3643,.T.);
#1100=ORIENTED_EDGE('',*,*,#3644,.T.);
#1101=ORIENTED_EDGE('',*,*,#3645,.T.);
#1102=ORIENTED_EDGE('',*,*,#3646,.T.);
#1103=ORIENTED_EDGE('',*,*,#3647,.T.);
#1104=ORIENTED_EDGE('',*,*,#3648,.T.);
#1105=ORIENTED_EDGE('',*,*,#3649,.T.);
#1106=ORIENTED_EDGE('',*,*,#3650,.T.);
#1107=ORIENTED_EDGE('',*,*,#3651,.T.);
#1108=ORIENTED_EDGE('',*,*,#3652,.T.);
#1109=ORIENTED_EDGE('',*,*,#3653,.T.);
#1110=ORIENTED_EDGE('',*,*,#3654,.T.);
#1111=ORIENTED_EDGE('',*,*,#3655,.T.);
#1112=ORIENTED_EDGE('',*,*,#3656,.T.);
#1113=ORIENTED_EDGE('',*,*,#3657,.T.);
#1114=ORIENTED_EDGE('',*,*,#3658,.T.);
#1115=ORIENTED_EDGE('',*,*,#3659,.T.);
#1116=ORIENTED_EDGE('',*,*,#3660,.T.);
#1117=ORIENTED_EDGE('',*,*,#3661,.T.);
#1118=ORIENTED_EDGE('',*,*,#3662,.T.);
#1119=ORIENTED_EDGE('',*,*,#3663,.T.);
#1120=ORIENTED_EDGE('',*,*,#3664,.T.);
#1121=ORIENTED_EDGE('',*,*,#3665,.T.);
#1122=ORIENTED_EDGE('',*,*,#3666,.T.);
#1123=ORIENTED_EDGE('',*,*,#3667,.T.);
#1124=ORIENTED_EDGE('',*,*,#3668,.T.);
#1125=ORIENTED_EDGE('',*,*,#3669,.T.);
#1126=ORIENTED_EDGE('',*,*,#3670,.T.);
#1127=ORIENTED_EDGE('',*,*,#3671,.T.);
#1128=ORIENTED_EDGE('',*,*,#3672,.T.);
#1129=ORIENTED_EDGE('',*,*,#3673,.T.);
#1130=ORIENTED_EDGE('',*,*,#3674,.T.);
#1131=ORIENTED_EDGE('',*,*,#3675,.T.);
#1132=ORIENTED_EDGE('',*,*,#3676,.T.);
#1133=ORIENTED_EDGE('',*,*,#3677,.T.);
#1134=ORIENTED_EDGE('',*,*,#3678,.T.);
#1135=ORIENTED_EDGE('',*,*,#3679,.T.);
#1136=ORIENTED_EDGE('',*,*,#3680,.T.);
#1137=ORIENTED_EDGE('',*,*,#3681,.F.);
#1138=ORIENTED_EDGE('',*,*,#3682,.F.);
#1139=ORIENTED_EDGE('',*,*,#3683,.T.);
#1140=ORIENTED_EDGE('',*,*,#3684,.F.);
#1141=ORIENTED_EDGE('',*,*,#3318,.T.);
#1142=ORIENTED_EDGE('',*,*,#3685,.T.);
#1143=ORIENTED_EDGE('',*,*,#3686,.T.);
#1144=ORIENTED_EDGE('',*,*,#3687,.T.);
#1145=ORIENTED_EDGE('',*,*,#3686,.F.);
#1146=ORIENTED_EDGE('',*,*,#3688,.T.);
#1147=ORIENTED_EDGE('',*,*,#3689,.T.);
#1148=ORIENTED_EDGE('',*,*,#3690,.F.);
#1149=ORIENTED_EDGE('',*,*,#3691,.T.);
#1150=ORIENTED_EDGE('',*,*,#3692,.F.);
#1151=ORIENTED_EDGE('',*,*,#3693,.F.);
#1152=ORIENTED_EDGE('',*,*,#3682,.T.);
#1153=ORIENTED_EDGE('',*,*,#3694,.F.);
#1154=ORIENTED_EDGE('',*,*,#3695,.F.);
#1155=ORIENTED_EDGE('',*,*,#3696,.T.);
#1156=ORIENTED_EDGE('',*,*,#3697,.T.);
#1157=ORIENTED_EDGE('',*,*,#3698,.T.);
#1158=ORIENTED_EDGE('',*,*,#3699,.F.);
#1159=ORIENTED_EDGE('',*,*,#3689,.F.);
#1160=ORIENTED_EDGE('',*,*,#3700,.F.);
#1161=ORIENTED_EDGE('',*,*,#3320,.F.);
#1162=ORIENTED_EDGE('',*,*,#3701,.T.);
#1163=ORIENTED_EDGE('',*,*,#3702,.F.);
#1164=ORIENTED_EDGE('',*,*,#3692,.T.);
#1165=ORIENTED_EDGE('',*,*,#3703,.F.);
#1166=ORIENTED_EDGE('',*,*,#3687,.F.);
#1167=ORIENTED_EDGE('',*,*,#3690,.T.);
#1168=ORIENTED_EDGE('',*,*,#3699,.T.);
#1169=ORIENTED_EDGE('',*,*,#3704,.F.);
#1170=ORIENTED_EDGE('',*,*,#3683,.F.);
#1171=ORIENTED_EDGE('',*,*,#3693,.T.);
#1172=ORIENTED_EDGE('',*,*,#3702,.T.);
#1173=ORIENTED_EDGE('',*,*,#3705,.F.);
#1174=ORIENTED_EDGE('',*,*,#3706,.T.);
#1175=ORIENTED_EDGE('',*,*,#3707,.T.);
#1176=ORIENTED_EDGE('',*,*,#3708,.F.);
#1177=ORIENTED_EDGE('',*,*,#3681,.T.);
#1178=ORIENTED_EDGE('',*,*,#3703,.T.);
#1179=ORIENTED_EDGE('',*,*,#3698,.F.);
#1180=ORIENTED_EDGE('',*,*,#3691,.F.);
#1181=ORIENTED_EDGE('',*,*,#3709,.T.);
#1182=ORIENTED_EDGE('',*,*,#3710,.F.);
#1183=ORIENTED_EDGE('',*,*,#3711,.F.);
#1184=ORIENTED_EDGE('',*,*,#3695,.T.);
#1185=ORIENTED_EDGE('',*,*,#3712,.F.);
#1186=ORIENTED_EDGE('',*,*,#3697,.F.);
#1187=ORIENTED_EDGE('',*,*,#3713,.T.);
#1188=ORIENTED_EDGE('',*,*,#3714,.T.);
#1189=ORIENTED_EDGE('',*,*,#3715,.T.);
#1190=ORIENTED_EDGE('',*,*,#3714,.F.);
#1191=ORIENTED_EDGE('',*,*,#3716,.F.);
#1192=ORIENTED_EDGE('',*,*,#3710,.T.);
#1193=ORIENTED_EDGE('',*,*,#3711,.T.);
#1194=ORIENTED_EDGE('',*,*,#3716,.T.);
#1195=ORIENTED_EDGE('',*,*,#3713,.F.);
#1196=ORIENTED_EDGE('',*,*,#3696,.F.);
#1197=ORIENTED_EDGE('',*,*,#3709,.F.);
#1198=ORIENTED_EDGE('',*,*,#3694,.T.);
#1199=ORIENTED_EDGE('',*,*,#3712,.T.);
#1200=ORIENTED_EDGE('',*,*,#3715,.F.);
#1201=ORIENTED_EDGE('',*,*,#3717,.T.);
#1202=ORIENTED_EDGE('',*,*,#3718,.T.);
#1203=ORIENTED_EDGE('',*,*,#3705,.T.);
#1204=ORIENTED_EDGE('',*,*,#3701,.F.);
#1205=ORIENTED_EDGE('',*,*,#3319,.F.);
#1206=ORIENTED_EDGE('',*,*,#3684,.T.);
#1207=ORIENTED_EDGE('',*,*,#3704,.T.);
#1208=ORIENTED_EDGE('',*,*,#3719,.F.);
#1209=ORIENTED_EDGE('',*,*,#3688,.F.);
#1210=ORIENTED_EDGE('',*,*,#3685,.F.);
#1211=ORIENTED_EDGE('',*,*,#3321,.T.);
#1212=ORIENTED_EDGE('',*,*,#3700,.T.);
#1213=ORIENTED_EDGE('',*,*,#3708,.T.);
#1214=ORIENTED_EDGE('',*,*,#3720,.F.);
#1215=ORIENTED_EDGE('',*,*,#3721,.F.);
#1216=ORIENTED_EDGE('',*,*,#3719,.T.);
#1217=ORIENTED_EDGE('',*,*,#3718,.F.);
#1218=ORIENTED_EDGE('',*,*,#3722,.T.);
#1219=ORIENTED_EDGE('',*,*,#3723,.T.);
#1220=ORIENTED_EDGE('',*,*,#3706,.F.);
#1221=ORIENTED_EDGE('',*,*,#3723,.F.);
#1222=ORIENTED_EDGE('',*,*,#3724,.F.);
#1223=ORIENTED_EDGE('',*,*,#3720,.T.);
#1224=ORIENTED_EDGE('',*,*,#3707,.F.);
#1225=ORIENTED_EDGE('',*,*,#3721,.T.);
#1226=ORIENTED_EDGE('',*,*,#3724,.T.);
#1227=ORIENTED_EDGE('',*,*,#3722,.F.);
#1228=ORIENTED_EDGE('',*,*,#3717,.F.);
#1229=ORIENTED_EDGE('',*,*,#3671,.F.);
#1230=ORIENTED_EDGE('',*,*,#3725,.F.);
#1231=ORIENTED_EDGE('',*,*,#3726,.T.);
#1232=ORIENTED_EDGE('',*,*,#3727,.T.);
#1233=ORIENTED_EDGE('',*,*,#3680,.F.);
#1234=ORIENTED_EDGE('',*,*,#3728,.F.);
#1235=ORIENTED_EDGE('',*,*,#3729,.T.);
#1236=ORIENTED_EDGE('',*,*,#3725,.T.);
#1237=ORIENTED_EDGE('',*,*,#3679,.F.);
#1238=ORIENTED_EDGE('',*,*,#3730,.F.);
#1239=ORIENTED_EDGE('',*,*,#3731,.T.);
#1240=ORIENTED_EDGE('',*,*,#3728,.T.);
#1241=ORIENTED_EDGE('',*,*,#3678,.F.);
#1242=ORIENTED_EDGE('',*,*,#3732,.F.);
#1243=ORIENTED_EDGE('',*,*,#3733,.T.);
#1244=ORIENTED_EDGE('',*,*,#3730,.T.);
#1245=ORIENTED_EDGE('',*,*,#3677,.F.);
#1246=ORIENTED_EDGE('',*,*,#3734,.F.);
#1247=ORIENTED_EDGE('',*,*,#3735,.T.);
#1248=ORIENTED_EDGE('',*,*,#3732,.T.);
#1249=ORIENTED_EDGE('',*,*,#3676,.F.);
#1250=ORIENTED_EDGE('',*,*,#3736,.F.);
#1251=ORIENTED_EDGE('',*,*,#3737,.T.);
#1252=ORIENTED_EDGE('',*,*,#3734,.T.);
#1253=ORIENTED_EDGE('',*,*,#3675,.F.);
#1254=ORIENTED_EDGE('',*,*,#3738,.F.);
#1255=ORIENTED_EDGE('',*,*,#3739,.T.);
#1256=ORIENTED_EDGE('',*,*,#3736,.T.);
#1257=ORIENTED_EDGE('',*,*,#3674,.F.);
#1258=ORIENTED_EDGE('',*,*,#3740,.F.);
#1259=ORIENTED_EDGE('',*,*,#3741,.T.);
#1260=ORIENTED_EDGE('',*,*,#3738,.T.);
#1261=ORIENTED_EDGE('',*,*,#3673,.F.);
#1262=ORIENTED_EDGE('',*,*,#3742,.F.);
#1263=ORIENTED_EDGE('',*,*,#3743,.T.);
#1264=ORIENTED_EDGE('',*,*,#3740,.T.);
#1265=ORIENTED_EDGE('',*,*,#3672,.F.);
#1266=ORIENTED_EDGE('',*,*,#3727,.F.);
#1267=ORIENTED_EDGE('',*,*,#3744,.T.);
#1268=ORIENTED_EDGE('',*,*,#3742,.T.);
#1269=ORIENTED_EDGE('',*,*,#3726,.F.);
#1270=ORIENTED_EDGE('',*,*,#3729,.F.);
#1271=ORIENTED_EDGE('',*,*,#3731,.F.);
#1272=ORIENTED_EDGE('',*,*,#3733,.F.);
#1273=ORIENTED_EDGE('',*,*,#3735,.F.);
#1274=ORIENTED_EDGE('',*,*,#3737,.F.);
#1275=ORIENTED_EDGE('',*,*,#3739,.F.);
#1276=ORIENTED_EDGE('',*,*,#3741,.F.);
#1277=ORIENTED_EDGE('',*,*,#3743,.F.);
#1278=ORIENTED_EDGE('',*,*,#3744,.F.);
#1279=ORIENTED_EDGE('',*,*,#3643,.F.);
#1280=ORIENTED_EDGE('',*,*,#3745,.F.);
#1281=ORIENTED_EDGE('',*,*,#3746,.T.);
#1282=ORIENTED_EDGE('',*,*,#3747,.T.);
#1283=ORIENTED_EDGE('',*,*,#3670,.F.);
#1284=ORIENTED_EDGE('',*,*,#3748,.F.);
#1285=ORIENTED_EDGE('',*,*,#3749,.T.);
#1286=ORIENTED_EDGE('',*,*,#3745,.T.);
#1287=ORIENTED_EDGE('',*,*,#3669,.F.);
#1288=ORIENTED_EDGE('',*,*,#3750,.F.);
#1289=ORIENTED_EDGE('',*,*,#3751,.T.);
#1290=ORIENTED_EDGE('',*,*,#3748,.T.);
#1291=ORIENTED_EDGE('',*,*,#3668,.F.);
#1292=ORIENTED_EDGE('',*,*,#3752,.F.);
#1293=ORIENTED_EDGE('',*,*,#3753,.T.);
#1294=ORIENTED_EDGE('',*,*,#3750,.T.);
#1295=ORIENTED_EDGE('',*,*,#3667,.F.);
#1296=ORIENTED_EDGE('',*,*,#3754,.F.);
#1297=ORIENTED_EDGE('',*,*,#3755,.T.);
#1298=ORIENTED_EDGE('',*,*,#3752,.T.);
#1299=ORIENTED_EDGE('',*,*,#3666,.F.);
#1300=ORIENTED_EDGE('',*,*,#3756,.F.);
#1301=ORIENTED_EDGE('',*,*,#3757,.T.);
#1302=ORIENTED_EDGE('',*,*,#3754,.T.);
#1303=ORIENTED_EDGE('',*,*,#3665,.F.);
#1304=ORIENTED_EDGE('',*,*,#3758,.F.);
#1305=ORIENTED_EDGE('',*,*,#3759,.T.);
#1306=ORIENTED_EDGE('',*,*,#3756,.T.);
#1307=ORIENTED_EDGE('',*,*,#3664,.F.);
#1308=ORIENTED_EDGE('',*,*,#3760,.F.);
#1309=ORIENTED_EDGE('',*,*,#3761,.T.);
#1310=ORIENTED_EDGE('',*,*,#3758,.T.);
#1311=ORIENTED_EDGE('',*,*,#3663,.F.);
#1312=ORIENTED_EDGE('',*,*,#3762,.F.);
#1313=ORIENTED_EDGE('',*,*,#3763,.T.);
#1314=ORIENTED_EDGE('',*,*,#3760,.T.);
#1315=ORIENTED_EDGE('',*,*,#3662,.F.);
#1316=ORIENTED_EDGE('',*,*,#3764,.F.);
#1317=ORIENTED_EDGE('',*,*,#3765,.T.);
#1318=ORIENTED_EDGE('',*,*,#3762,.T.);
#1319=ORIENTED_EDGE('',*,*,#3661,.F.);
#1320=ORIENTED_EDGE('',*,*,#3766,.F.);
#1321=ORIENTED_EDGE('',*,*,#3767,.T.);
#1322=ORIENTED_EDGE('',*,*,#3764,.T.);
#1323=ORIENTED_EDGE('',*,*,#3660,.F.);
#1324=ORIENTED_EDGE('',*,*,#3768,.F.);
#1325=ORIENTED_EDGE('',*,*,#3769,.T.);
#1326=ORIENTED_EDGE('',*,*,#3766,.T.);
#1327=ORIENTED_EDGE('',*,*,#3659,.F.);
#1328=ORIENTED_EDGE('',*,*,#3770,.F.);
#1329=ORIENTED_EDGE('',*,*,#3771,.T.);
#1330=ORIENTED_EDGE('',*,*,#3768,.T.);
#1331=ORIENTED_EDGE('',*,*,#3658,.F.);
#1332=ORIENTED_EDGE('',*,*,#3772,.F.);
#1333=ORIENTED_EDGE('',*,*,#3773,.T.);
#1334=ORIENTED_EDGE('',*,*,#3770,.T.);
#1335=ORIENTED_EDGE('',*,*,#3657,.F.);
#1336=ORIENTED_EDGE('',*,*,#3774,.F.);
#1337=ORIENTED_EDGE('',*,*,#3775,.T.);
#1338=ORIENTED_EDGE('',*,*,#3772,.T.);
#1339=ORIENTED_EDGE('',*,*,#3656,.F.);
#1340=ORIENTED_EDGE('',*,*,#3776,.F.);
#1341=ORIENTED_EDGE('',*,*,#3777,.T.);
#1342=ORIENTED_EDGE('',*,*,#3774,.T.);
#1343=ORIENTED_EDGE('',*,*,#3655,.F.);
#1344=ORIENTED_EDGE('',*,*,#3778,.F.);
#1345=ORIENTED_EDGE('',*,*,#3779,.T.);
#1346=ORIENTED_EDGE('',*,*,#3776,.T.);
#1347=ORIENTED_EDGE('',*,*,#3654,.F.);
#1348=ORIENTED_EDGE('',*,*,#3780,.F.);
#1349=ORIENTED_EDGE('',*,*,#3781,.T.);
#1350=ORIENTED_EDGE('',*,*,#3778,.T.);
#1351=ORIENTED_EDGE('',*,*,#3653,.F.);
#1352=ORIENTED_EDGE('',*,*,#3782,.F.);
#1353=ORIENTED_EDGE('',*,*,#3783,.T.);
#1354=ORIENTED_EDGE('',*,*,#3780,.T.);
#1355=ORIENTED_EDGE('',*,*,#3652,.F.);
#1356=ORIENTED_EDGE('',*,*,#3784,.F.);
#1357=ORIENTED_EDGE('',*,*,#3785,.T.);
#1358=ORIENTED_EDGE('',*,*,#3782,.T.);
#1359=ORIENTED_EDGE('',*,*,#3651,.F.);
#1360=ORIENTED_EDGE('',*,*,#3786,.F.);
#1361=ORIENTED_EDGE('',*,*,#3787,.T.);
#1362=ORIENTED_EDGE('',*,*,#3784,.T.);
#1363=ORIENTED_EDGE('',*,*,#3650,.F.);
#1364=ORIENTED_EDGE('',*,*,#3788,.F.);
#1365=ORIENTED_EDGE('',*,*,#3789,.T.);
#1366=ORIENTED_EDGE('',*,*,#3786,.T.);
#1367=ORIENTED_EDGE('',*,*,#3649,.F.);
#1368=ORIENTED_EDGE('',*,*,#3790,.F.);
#1369=ORIENTED_EDGE('',*,*,#3791,.T.);
#1370=ORIENTED_EDGE('',*,*,#3788,.T.);
#1371=ORIENTED_EDGE('',*,*,#3648,.F.);
#1372=ORIENTED_EDGE('',*,*,#3792,.F.);
#1373=ORIENTED_EDGE('',*,*,#3793,.T.);
#1374=ORIENTED_EDGE('',*,*,#3790,.T.);
#1375=ORIENTED_EDGE('',*,*,#3647,.F.);
#1376=ORIENTED_EDGE('',*,*,#3794,.F.);
#1377=ORIENTED_EDGE('',*,*,#3795,.T.);
#1378=ORIENTED_EDGE('',*,*,#3792,.T.);
#1379=ORIENTED_EDGE('',*,*,#3646,.F.);
#1380=ORIENTED_EDGE('',*,*,#3796,.F.);
#1381=ORIENTED_EDGE('',*,*,#3797,.T.);
#1382=ORIENTED_EDGE('',*,*,#3794,.T.);
#1383=ORIENTED_EDGE('',*,*,#3645,.F.);
#1384=ORIENTED_EDGE('',*,*,#3798,.F.);
#1385=ORIENTED_EDGE('',*,*,#3799,.T.);
#1386=ORIENTED_EDGE('',*,*,#3796,.T.);
#1387=ORIENTED_EDGE('',*,*,#3644,.F.);
#1388=ORIENTED_EDGE('',*,*,#3747,.F.);
#1389=ORIENTED_EDGE('',*,*,#3800,.T.);
#1390=ORIENTED_EDGE('',*,*,#3798,.T.);
#1391=ORIENTED_EDGE('',*,*,#3746,.F.);
#1392=ORIENTED_EDGE('',*,*,#3749,.F.);
#1393=ORIENTED_EDGE('',*,*,#3751,.F.);
#1394=ORIENTED_EDGE('',*,*,#3753,.F.);
#1395=ORIENTED_EDGE('',*,*,#3755,.F.);
#1396=ORIENTED_EDGE('',*,*,#3757,.F.);
#1397=ORIENTED_EDGE('',*,*,#3759,.F.);
#1398=ORIENTED_EDGE('',*,*,#3761,.F.);
#1399=ORIENTED_EDGE('',*,*,#3763,.F.);
#1400=ORIENTED_EDGE('',*,*,#3765,.F.);
#1401=ORIENTED_EDGE('',*,*,#3767,.F.);
#1402=ORIENTED_EDGE('',*,*,#3769,.F.);
#1403=ORIENTED_EDGE('',*,*,#3771,.F.);
#1404=ORIENTED_EDGE('',*,*,#3773,.F.);
#1405=ORIENTED_EDGE('',*,*,#3775,.F.);
#1406=ORIENTED_EDGE('',*,*,#3777,.F.);
#1407=ORIENTED_EDGE('',*,*,#3779,.F.);
#1408=ORIENTED_EDGE('',*,*,#3781,.F.);
#1409=ORIENTED_EDGE('',*,*,#3783,.F.);
#1410=ORIENTED_EDGE('',*,*,#3785,.F.);
#1411=ORIENTED_EDGE('',*,*,#3787,.F.);
#1412=ORIENTED_EDGE('',*,*,#3789,.F.);
#1413=ORIENTED_EDGE('',*,*,#3791,.F.);
#1414=ORIENTED_EDGE('',*,*,#3793,.F.);
#1415=ORIENTED_EDGE('',*,*,#3795,.F.);
#1416=ORIENTED_EDGE('',*,*,#3797,.F.);
#1417=ORIENTED_EDGE('',*,*,#3799,.F.);
#1418=ORIENTED_EDGE('',*,*,#3800,.F.);
#1419=ORIENTED_EDGE('',*,*,#3630,.F.);
#1420=ORIENTED_EDGE('',*,*,#3801,.F.);
#1421=ORIENTED_EDGE('',*,*,#3802,.T.);
#1422=ORIENTED_EDGE('',*,*,#3803,.T.);
#1423=ORIENTED_EDGE('',*,*,#3642,.F.);
#1424=ORIENTED_EDGE('',*,*,#3804,.F.);
#1425=ORIENTED_EDGE('',*,*,#3805,.T.);
#1426=ORIENTED_EDGE('',*,*,#3801,.T.);
#1427=ORIENTED_EDGE('',*,*,#3641,.F.);
#1428=ORIENTED_EDGE('',*,*,#3806,.F.);
#1429=ORIENTED_EDGE('',*,*,#3807,.T.);
#1430=ORIENTED_EDGE('',*,*,#3804,.T.);
#1431=ORIENTED_EDGE('',*,*,#3640,.F.);
#1432=ORIENTED_EDGE('',*,*,#3808,.F.);
#1433=ORIENTED_EDGE('',*,*,#3809,.T.);
#1434=ORIENTED_EDGE('',*,*,#3806,.T.);
#1435=ORIENTED_EDGE('',*,*,#3639,.F.);
#1436=ORIENTED_EDGE('',*,*,#3810,.F.);
#1437=ORIENTED_EDGE('',*,*,#3811,.T.);
#1438=ORIENTED_EDGE('',*,*,#3808,.T.);
#1439=ORIENTED_EDGE('',*,*,#3638,.F.);
#1440=ORIENTED_EDGE('',*,*,#3812,.F.);
#1441=ORIENTED_EDGE('',*,*,#3813,.T.);
#1442=ORIENTED_EDGE('',*,*,#3810,.T.);
#1443=ORIENTED_EDGE('',*,*,#3637,.F.);
#1444=ORIENTED_EDGE('',*,*,#3814,.F.);
#1445=ORIENTED_EDGE('',*,*,#3815,.T.);
#1446=ORIENTED_EDGE('',*,*,#3812,.T.);
#1447=ORIENTED_EDGE('',*,*,#3636,.F.);
#1448=ORIENTED_EDGE('',*,*,#3816,.F.);
#1449=ORIENTED_EDGE('',*,*,#3817,.T.);
#1450=ORIENTED_EDGE('',*,*,#3814,.T.);
#1451=ORIENTED_EDGE('',*,*,#3635,.F.);
#1452=ORIENTED_EDGE('',*,*,#3818,.F.);
#1453=ORIENTED_EDGE('',*,*,#3819,.T.);
#1454=ORIENTED_EDGE('',*,*,#3816,.T.);
#1455=ORIENTED_EDGE('',*,*,#3634,.F.);
#1456=ORIENTED_EDGE('',*,*,#3820,.F.);
#1457=ORIENTED_EDGE('',*,*,#3821,.T.);
#1458=ORIENTED_EDGE('',*,*,#3818,.T.);
#1459=ORIENTED_EDGE('',*,*,#3633,.F.);
#1460=ORIENTED_EDGE('',*,*,#3822,.F.);
#1461=ORIENTED_EDGE('',*,*,#3823,.T.);
#1462=ORIENTED_EDGE('',*,*,#3820,.T.);
#1463=ORIENTED_EDGE('',*,*,#3632,.F.);
#1464=ORIENTED_EDGE('',*,*,#3824,.F.);
#1465=ORIENTED_EDGE('',*,*,#3825,.T.);
#1466=ORIENTED_EDGE('',*,*,#3822,.T.);
#1467=ORIENTED_EDGE('',*,*,#3631,.F.);
#1468=ORIENTED_EDGE('',*,*,#3803,.F.);
#1469=ORIENTED_EDGE('',*,*,#3826,.T.);
#1470=ORIENTED_EDGE('',*,*,#3824,.T.);
#1471=ORIENTED_EDGE('',*,*,#3802,.F.);
#1472=ORIENTED_EDGE('',*,*,#3805,.F.);
#1473=ORIENTED_EDGE('',*,*,#3807,.F.);
#1474=ORIENTED_EDGE('',*,*,#3809,.F.);
#1475=ORIENTED_EDGE('',*,*,#3811,.F.);
#1476=ORIENTED_EDGE('',*,*,#3813,.F.);
#1477=ORIENTED_EDGE('',*,*,#3815,.F.);
#1478=ORIENTED_EDGE('',*,*,#3817,.F.);
#1479=ORIENTED_EDGE('',*,*,#3819,.F.);
#1480=ORIENTED_EDGE('',*,*,#3821,.F.);
#1481=ORIENTED_EDGE('',*,*,#3823,.F.);
#1482=ORIENTED_EDGE('',*,*,#3825,.F.);
#1483=ORIENTED_EDGE('',*,*,#3826,.F.);
#1484=ORIENTED_EDGE('',*,*,#3827,.F.);
#1485=ORIENTED_EDGE('',*,*,#3828,.F.);
#1486=ORIENTED_EDGE('',*,*,#3829,.T.);
#1487=ORIENTED_EDGE('',*,*,#3830,.T.);
#1488=ORIENTED_EDGE('',*,*,#3831,.F.);
#1489=ORIENTED_EDGE('',*,*,#3832,.F.);
#1490=ORIENTED_EDGE('',*,*,#3833,.T.);
#1491=ORIENTED_EDGE('',*,*,#3828,.T.);
#1492=ORIENTED_EDGE('',*,*,#3834,.F.);
#1493=ORIENTED_EDGE('',*,*,#3835,.F.);
#1494=ORIENTED_EDGE('',*,*,#3836,.T.);
#1495=ORIENTED_EDGE('',*,*,#3832,.T.);
#1496=ORIENTED_EDGE('',*,*,#3837,.F.);
#1497=ORIENTED_EDGE('',*,*,#3838,.F.);
#1498=ORIENTED_EDGE('',*,*,#3839,.T.);
#1499=ORIENTED_EDGE('',*,*,#3835,.T.);
#1500=ORIENTED_EDGE('',*,*,#3840,.F.);
#1501=ORIENTED_EDGE('',*,*,#3841,.F.);
#1502=ORIENTED_EDGE('',*,*,#3842,.T.);
#1503=ORIENTED_EDGE('',*,*,#3838,.T.);
#1504=ORIENTED_EDGE('',*,*,#3843,.F.);
#1505=ORIENTED_EDGE('',*,*,#3844,.F.);
#1506=ORIENTED_EDGE('',*,*,#3845,.T.);
#1507=ORIENTED_EDGE('',*,*,#3841,.T.);
#1508=ORIENTED_EDGE('',*,*,#3612,.F.);
#1509=ORIENTED_EDGE('',*,*,#3846,.F.);
#1510=ORIENTED_EDGE('',*,*,#3847,.T.);
#1511=ORIENTED_EDGE('',*,*,#3848,.T.);
#1512=ORIENTED_EDGE('',*,*,#3629,.F.);
#1513=ORIENTED_EDGE('',*,*,#3849,.F.);
#1514=ORIENTED_EDGE('',*,*,#3850,.T.);
#1515=ORIENTED_EDGE('',*,*,#3846,.T.);
#1516=ORIENTED_EDGE('',*,*,#3628,.F.);
#1517=ORIENTED_EDGE('',*,*,#3851,.F.);
#1518=ORIENTED_EDGE('',*,*,#3852,.T.);
#1519=ORIENTED_EDGE('',*,*,#3849,.T.);
#1520=ORIENTED_EDGE('',*,*,#3627,.F.);
#1521=ORIENTED_EDGE('',*,*,#3853,.F.);
#1522=ORIENTED_EDGE('',*,*,#3854,.T.);
#1523=ORIENTED_EDGE('',*,*,#3851,.T.);
#1524=ORIENTED_EDGE('',*,*,#3626,.F.);
#1525=ORIENTED_EDGE('',*,*,#3855,.F.);
#1526=ORIENTED_EDGE('',*,*,#3856,.T.);
#1527=ORIENTED_EDGE('',*,*,#3853,.T.);
#1528=ORIENTED_EDGE('',*,*,#3625,.F.);
#1529=ORIENTED_EDGE('',*,*,#3857,.F.);
#1530=ORIENTED_EDGE('',*,*,#3858,.T.);
#1531=ORIENTED_EDGE('',*,*,#3855,.T.);
#1532=ORIENTED_EDGE('',*,*,#3624,.F.);
#1533=ORIENTED_EDGE('',*,*,#3859,.F.);
#1534=ORIENTED_EDGE('',*,*,#3860,.T.);
#1535=ORIENTED_EDGE('',*,*,#3857,.T.);
#1536=ORIENTED_EDGE('',*,*,#3623,.F.);
#1537=ORIENTED_EDGE('',*,*,#3861,.F.);
#1538=ORIENTED_EDGE('',*,*,#3862,.T.);
#1539=ORIENTED_EDGE('',*,*,#3859,.T.);
#1540=ORIENTED_EDGE('',*,*,#3622,.F.);
#1541=ORIENTED_EDGE('',*,*,#3863,.F.);
#1542=ORIENTED_EDGE('',*,*,#3864,.T.);
#1543=ORIENTED_EDGE('',*,*,#3861,.T.);
#1544=ORIENTED_EDGE('',*,*,#3621,.F.);
#1545=ORIENTED_EDGE('',*,*,#3865,.F.);
#1546=ORIENTED_EDGE('',*,*,#3866,.T.);
#1547=ORIENTED_EDGE('',*,*,#3863,.T.);
#1548=ORIENTED_EDGE('',*,*,#3620,.F.);
#1549=ORIENTED_EDGE('',*,*,#3867,.F.);
#1550=ORIENTED_EDGE('',*,*,#3868,.T.);
#1551=ORIENTED_EDGE('',*,*,#3865,.T.);
#1552=ORIENTED_EDGE('',*,*,#3619,.F.);
#1553=ORIENTED_EDGE('',*,*,#3869,.F.);
#1554=ORIENTED_EDGE('',*,*,#3870,.T.);
#1555=ORIENTED_EDGE('',*,*,#3867,.T.);
#1556=ORIENTED_EDGE('',*,*,#3618,.F.);
#1557=ORIENTED_EDGE('',*,*,#3871,.F.);
#1558=ORIENTED_EDGE('',*,*,#3872,.T.);
#1559=ORIENTED_EDGE('',*,*,#3869,.T.);
#1560=ORIENTED_EDGE('',*,*,#3617,.F.);
#1561=ORIENTED_EDGE('',*,*,#3873,.F.);
#1562=ORIENTED_EDGE('',*,*,#3874,.T.);
#1563=ORIENTED_EDGE('',*,*,#3871,.T.);
#1564=ORIENTED_EDGE('',*,*,#3616,.F.);
#1565=ORIENTED_EDGE('',*,*,#3875,.F.);
#1566=ORIENTED_EDGE('',*,*,#3876,.T.);
#1567=ORIENTED_EDGE('',*,*,#3873,.T.);
#1568=ORIENTED_EDGE('',*,*,#3615,.F.);
#1569=ORIENTED_EDGE('',*,*,#3877,.F.);
#1570=ORIENTED_EDGE('',*,*,#3878,.T.);
#1571=ORIENTED_EDGE('',*,*,#3875,.T.);
#1572=ORIENTED_EDGE('',*,*,#3614,.F.);
#1573=ORIENTED_EDGE('',*,*,#3879,.F.);
#1574=ORIENTED_EDGE('',*,*,#3880,.T.);
#1575=ORIENTED_EDGE('',*,*,#3877,.T.);
#1576=ORIENTED_EDGE('',*,*,#3613,.F.);
#1577=ORIENTED_EDGE('',*,*,#3848,.F.);
#1578=ORIENTED_EDGE('',*,*,#3881,.T.);
#1579=ORIENTED_EDGE('',*,*,#3879,.T.);
#1580=ORIENTED_EDGE('',*,*,#3882,.F.);
#1581=ORIENTED_EDGE('',*,*,#3830,.F.);
#1582=ORIENTED_EDGE('',*,*,#3883,.T.);
#1583=ORIENTED_EDGE('',*,*,#3844,.T.);
#1584=ORIENTED_EDGE('',*,*,#3847,.F.);
#1585=ORIENTED_EDGE('',*,*,#3850,.F.);
#1586=ORIENTED_EDGE('',*,*,#3852,.F.);
#1587=ORIENTED_EDGE('',*,*,#3854,.F.);
#1588=ORIENTED_EDGE('',*,*,#3856,.F.);
#1589=ORIENTED_EDGE('',*,*,#3858,.F.);
#1590=ORIENTED_EDGE('',*,*,#3860,.F.);
#1591=ORIENTED_EDGE('',*,*,#3862,.F.);
#1592=ORIENTED_EDGE('',*,*,#3864,.F.);
#1593=ORIENTED_EDGE('',*,*,#3866,.F.);
#1594=ORIENTED_EDGE('',*,*,#3868,.F.);
#1595=ORIENTED_EDGE('',*,*,#3870,.F.);
#1596=ORIENTED_EDGE('',*,*,#3872,.F.);
#1597=ORIENTED_EDGE('',*,*,#3874,.F.);
#1598=ORIENTED_EDGE('',*,*,#3876,.F.);
#1599=ORIENTED_EDGE('',*,*,#3878,.F.);
#1600=ORIENTED_EDGE('',*,*,#3880,.F.);
#1601=ORIENTED_EDGE('',*,*,#3881,.F.);
#1602=ORIENTED_EDGE('',*,*,#3829,.F.);
#1603=ORIENTED_EDGE('',*,*,#3833,.F.);
#1604=ORIENTED_EDGE('',*,*,#3836,.F.);
#1605=ORIENTED_EDGE('',*,*,#3839,.F.);
#1606=ORIENTED_EDGE('',*,*,#3842,.F.);
#1607=ORIENTED_EDGE('',*,*,#3845,.F.);
#1608=ORIENTED_EDGE('',*,*,#3883,.F.);
#1609=ORIENTED_EDGE('',*,*,#3827,.T.);
#1610=ORIENTED_EDGE('',*,*,#3882,.T.);
#1611=ORIENTED_EDGE('',*,*,#3843,.T.);
#1612=ORIENTED_EDGE('',*,*,#3840,.T.);
#1613=ORIENTED_EDGE('',*,*,#3837,.T.);
#1614=ORIENTED_EDGE('',*,*,#3834,.T.);
#1615=ORIENTED_EDGE('',*,*,#3831,.T.);
#1616=ORIENTED_EDGE('',*,*,#3595,.F.);
#1617=ORIENTED_EDGE('',*,*,#3884,.F.);
#1618=ORIENTED_EDGE('',*,*,#3885,.T.);
#1619=ORIENTED_EDGE('',*,*,#3886,.T.);
#1620=ORIENTED_EDGE('',*,*,#3611,.F.);
#1621=ORIENTED_EDGE('',*,*,#3887,.F.);
#1622=ORIENTED_EDGE('',*,*,#3888,.T.);
#1623=ORIENTED_EDGE('',*,*,#3884,.T.);
#1624=ORIENTED_EDGE('',*,*,#3610,.F.);
#1625=ORIENTED_EDGE('',*,*,#3889,.F.);
#1626=ORIENTED_EDGE('',*,*,#3890,.T.);
#1627=ORIENTED_EDGE('',*,*,#3887,.T.);
#1628=ORIENTED_EDGE('',*,*,#3609,.F.);
#1629=ORIENTED_EDGE('',*,*,#3891,.F.);
#1630=ORIENTED_EDGE('',*,*,#3892,.T.);
#1631=ORIENTED_EDGE('',*,*,#3889,.T.);
#1632=ORIENTED_EDGE('',*,*,#3608,.F.);
#1633=ORIENTED_EDGE('',*,*,#3893,.F.);
#1634=ORIENTED_EDGE('',*,*,#3894,.T.);
#1635=ORIENTED_EDGE('',*,*,#3891,.T.);
#1636=ORIENTED_EDGE('',*,*,#3607,.F.);
#1637=ORIENTED_EDGE('',*,*,#3895,.F.);
#1638=ORIENTED_EDGE('',*,*,#3896,.T.);
#1639=ORIENTED_EDGE('',*,*,#3893,.T.);
#1640=ORIENTED_EDGE('',*,*,#3606,.F.);
#1641=ORIENTED_EDGE('',*,*,#3897,.F.);
#1642=ORIENTED_EDGE('',*,*,#3898,.T.);
#1643=ORIENTED_EDGE('',*,*,#3895,.T.);
#1644=ORIENTED_EDGE('',*,*,#3605,.F.);
#1645=ORIENTED_EDGE('',*,*,#3899,.F.);
#1646=ORIENTED_EDGE('',*,*,#3900,.T.);
#1647=ORIENTED_EDGE('',*,*,#3897,.T.);
#1648=ORIENTED_EDGE('',*,*,#3604,.F.);
#1649=ORIENTED_EDGE('',*,*,#3901,.F.);
#1650=ORIENTED_EDGE('',*,*,#3902,.T.);
#1651=ORIENTED_EDGE('',*,*,#3899,.T.);
#1652=ORIENTED_EDGE('',*,*,#3603,.F.);
#1653=ORIENTED_EDGE('',*,*,#3903,.F.);
#1654=ORIENTED_EDGE('',*,*,#3904,.T.);
#1655=ORIENTED_EDGE('',*,*,#3901,.T.);
#1656=ORIENTED_EDGE('',*,*,#3602,.F.);
#1657=ORIENTED_EDGE('',*,*,#3905,.F.);
#1658=ORIENTED_EDGE('',*,*,#3906,.T.);
#1659=ORIENTED_EDGE('',*,*,#3903,.T.);
#1660=ORIENTED_EDGE('',*,*,#3601,.F.);
#1661=ORIENTED_EDGE('',*,*,#3907,.F.);
#1662=ORIENTED_EDGE('',*,*,#3908,.T.);
#1663=ORIENTED_EDGE('',*,*,#3905,.T.);
#1664=ORIENTED_EDGE('',*,*,#3600,.F.);
#1665=ORIENTED_EDGE('',*,*,#3909,.F.);
#1666=ORIENTED_EDGE('',*,*,#3910,.T.);
#1667=ORIENTED_EDGE('',*,*,#3907,.T.);
#1668=ORIENTED_EDGE('',*,*,#3599,.F.);
#1669=ORIENTED_EDGE('',*,*,#3911,.F.);
#1670=ORIENTED_EDGE('',*,*,#3912,.T.);
#1671=ORIENTED_EDGE('',*,*,#3909,.T.);
#1672=ORIENTED_EDGE('',*,*,#3598,.F.);
#1673=ORIENTED_EDGE('',*,*,#3913,.F.);
#1674=ORIENTED_EDGE('',*,*,#3914,.T.);
#1675=ORIENTED_EDGE('',*,*,#3911,.T.);
#1676=ORIENTED_EDGE('',*,*,#3597,.F.);
#1677=ORIENTED_EDGE('',*,*,#3915,.F.);
#1678=ORIENTED_EDGE('',*,*,#3916,.T.);
#1679=ORIENTED_EDGE('',*,*,#3913,.T.);
#1680=ORIENTED_EDGE('',*,*,#3596,.F.);
#1681=ORIENTED_EDGE('',*,*,#3886,.F.);
#1682=ORIENTED_EDGE('',*,*,#3917,.T.);
#1683=ORIENTED_EDGE('',*,*,#3915,.T.);
#1684=ORIENTED_EDGE('',*,*,#3885,.F.);
#1685=ORIENTED_EDGE('',*,*,#3888,.F.);
#1686=ORIENTED_EDGE('',*,*,#3890,.F.);
#1687=ORIENTED_EDGE('',*,*,#3892,.F.);
#1688=ORIENTED_EDGE('',*,*,#3894,.F.);
#1689=ORIENTED_EDGE('',*,*,#3896,.F.);
#1690=ORIENTED_EDGE('',*,*,#3898,.F.);
#1691=ORIENTED_EDGE('',*,*,#3900,.F.);
#1692=ORIENTED_EDGE('',*,*,#3902,.F.);
#1693=ORIENTED_EDGE('',*,*,#3904,.F.);
#1694=ORIENTED_EDGE('',*,*,#3906,.F.);
#1695=ORIENTED_EDGE('',*,*,#3908,.F.);
#1696=ORIENTED_EDGE('',*,*,#3910,.F.);
#1697=ORIENTED_EDGE('',*,*,#3912,.F.);
#1698=ORIENTED_EDGE('',*,*,#3914,.F.);
#1699=ORIENTED_EDGE('',*,*,#3916,.F.);
#1700=ORIENTED_EDGE('',*,*,#3917,.F.);
#1701=ORIENTED_EDGE('',*,*,#3585,.F.);
#1702=ORIENTED_EDGE('',*,*,#3918,.F.);
#1703=ORIENTED_EDGE('',*,*,#3919,.T.);
#1704=ORIENTED_EDGE('',*,*,#3920,.T.);
#1705=ORIENTED_EDGE('',*,*,#3594,.F.);
#1706=ORIENTED_EDGE('',*,*,#3921,.F.);
#1707=ORIENTED_EDGE('',*,*,#3922,.T.);
#1708=ORIENTED_EDGE('',*,*,#3918,.T.);
#1709=ORIENTED_EDGE('',*,*,#3593,.F.);
#1710=ORIENTED_EDGE('',*,*,#3923,.F.);
#1711=ORIENTED_EDGE('',*,*,#3924,.T.);
#1712=ORIENTED_EDGE('',*,*,#3921,.T.);
#1713=ORIENTED_EDGE('',*,*,#3592,.F.);
#1714=ORIENTED_EDGE('',*,*,#3925,.F.);
#1715=ORIENTED_EDGE('',*,*,#3926,.T.);
#1716=ORIENTED_EDGE('',*,*,#3923,.T.);
#1717=ORIENTED_EDGE('',*,*,#3591,.F.);
#1718=ORIENTED_EDGE('',*,*,#3927,.F.);
#1719=ORIENTED_EDGE('',*,*,#3928,.T.);
#1720=ORIENTED_EDGE('',*,*,#3925,.T.);
#1721=ORIENTED_EDGE('',*,*,#3590,.F.);
#1722=ORIENTED_EDGE('',*,*,#3929,.F.);
#1723=ORIENTED_EDGE('',*,*,#3930,.T.);
#1724=ORIENTED_EDGE('',*,*,#3927,.T.);
#1725=ORIENTED_EDGE('',*,*,#3589,.F.);
#1726=ORIENTED_EDGE('',*,*,#3931,.F.);
#1727=ORIENTED_EDGE('',*,*,#3932,.T.);
#1728=ORIENTED_EDGE('',*,*,#3929,.T.);
#1729=ORIENTED_EDGE('',*,*,#3588,.F.);
#1730=ORIENTED_EDGE('',*,*,#3933,.F.);
#1731=ORIENTED_EDGE('',*,*,#3934,.T.);
#1732=ORIENTED_EDGE('',*,*,#3931,.T.);
#1733=ORIENTED_EDGE('',*,*,#3587,.F.);
#1734=ORIENTED_EDGE('',*,*,#3935,.F.);
#1735=ORIENTED_EDGE('',*,*,#3936,.T.);
#1736=ORIENTED_EDGE('',*,*,#3933,.T.);
#1737=ORIENTED_EDGE('',*,*,#3586,.F.);
#1738=ORIENTED_EDGE('',*,*,#3920,.F.);
#1739=ORIENTED_EDGE('',*,*,#3937,.T.);
#1740=ORIENTED_EDGE('',*,*,#3935,.T.);
#1741=ORIENTED_EDGE('',*,*,#3919,.F.);
#1742=ORIENTED_EDGE('',*,*,#3922,.F.);
#1743=ORIENTED_EDGE('',*,*,#3924,.F.);
#1744=ORIENTED_EDGE('',*,*,#3926,.F.);
#1745=ORIENTED_EDGE('',*,*,#3928,.F.);
#1746=ORIENTED_EDGE('',*,*,#3930,.F.);
#1747=ORIENTED_EDGE('',*,*,#3932,.F.);
#1748=ORIENTED_EDGE('',*,*,#3934,.F.);
#1749=ORIENTED_EDGE('',*,*,#3936,.F.);
#1750=ORIENTED_EDGE('',*,*,#3937,.F.);
#1751=ORIENTED_EDGE('',*,*,#3580,.F.);
#1752=ORIENTED_EDGE('',*,*,#3938,.F.);
#1753=ORIENTED_EDGE('',*,*,#3939,.T.);
#1754=ORIENTED_EDGE('',*,*,#3940,.T.);
#1755=ORIENTED_EDGE('',*,*,#3584,.F.);
#1756=ORIENTED_EDGE('',*,*,#3941,.F.);
#1757=ORIENTED_EDGE('',*,*,#3942,.T.);
#1758=ORIENTED_EDGE('',*,*,#3938,.T.);
#1759=ORIENTED_EDGE('',*,*,#3583,.F.);
#1760=ORIENTED_EDGE('',*,*,#3943,.F.);
#1761=ORIENTED_EDGE('',*,*,#3944,.T.);
#1762=ORIENTED_EDGE('',*,*,#3941,.T.);
#1763=ORIENTED_EDGE('',*,*,#3582,.F.);
#1764=ORIENTED_EDGE('',*,*,#3945,.F.);
#1765=ORIENTED_EDGE('',*,*,#3946,.T.);
#1766=ORIENTED_EDGE('',*,*,#3943,.T.);
#1767=ORIENTED_EDGE('',*,*,#3581,.F.);
#1768=ORIENTED_EDGE('',*,*,#3940,.F.);
#1769=ORIENTED_EDGE('',*,*,#3947,.T.);
#1770=ORIENTED_EDGE('',*,*,#3945,.T.);
#1771=ORIENTED_EDGE('',*,*,#3939,.F.);
#1772=ORIENTED_EDGE('',*,*,#3942,.F.);
#1773=ORIENTED_EDGE('',*,*,#3944,.F.);
#1774=ORIENTED_EDGE('',*,*,#3946,.F.);
#1775=ORIENTED_EDGE('',*,*,#3947,.F.);
#1776=ORIENTED_EDGE('',*,*,#3563,.F.);
#1777=ORIENTED_EDGE('',*,*,#3948,.F.);
#1778=ORIENTED_EDGE('',*,*,#3949,.T.);
#1779=ORIENTED_EDGE('',*,*,#3950,.T.);
#1780=ORIENTED_EDGE('',*,*,#3579,.F.);
#1781=ORIENTED_EDGE('',*,*,#3951,.F.);
#1782=ORIENTED_EDGE('',*,*,#3952,.T.);
#1783=ORIENTED_EDGE('',*,*,#3948,.T.);
#1784=ORIENTED_EDGE('',*,*,#3578,.F.);
#1785=ORIENTED_EDGE('',*,*,#3953,.F.);
#1786=ORIENTED_EDGE('',*,*,#3954,.T.);
#1787=ORIENTED_EDGE('',*,*,#3951,.T.);
#1788=ORIENTED_EDGE('',*,*,#3577,.F.);
#1789=ORIENTED_EDGE('',*,*,#3955,.F.);
#1790=ORIENTED_EDGE('',*,*,#3956,.T.);
#1791=ORIENTED_EDGE('',*,*,#3953,.T.);
#1792=ORIENTED_EDGE('',*,*,#3576,.F.);
#1793=ORIENTED_EDGE('',*,*,#3957,.F.);
#1794=ORIENTED_EDGE('',*,*,#3958,.T.);
#1795=ORIENTED_EDGE('',*,*,#3955,.T.);
#1796=ORIENTED_EDGE('',*,*,#3575,.F.);
#1797=ORIENTED_EDGE('',*,*,#3959,.F.);
#1798=ORIENTED_EDGE('',*,*,#3960,.T.);
#1799=ORIENTED_EDGE('',*,*,#3957,.T.);
#1800=ORIENTED_EDGE('',*,*,#3574,.F.);
#1801=ORIENTED_EDGE('',*,*,#3961,.F.);
#1802=ORIENTED_EDGE('',*,*,#3962,.T.);
#1803=ORIENTED_EDGE('',*,*,#3959,.T.);
#1804=ORIENTED_EDGE('',*,*,#3573,.F.);
#1805=ORIENTED_EDGE('',*,*,#3963,.F.);
#1806=ORIENTED_EDGE('',*,*,#3964,.T.);
#1807=ORIENTED_EDGE('',*,*,#3961,.T.);
#1808=ORIENTED_EDGE('',*,*,#3572,.F.);
#1809=ORIENTED_EDGE('',*,*,#3965,.F.);
#1810=ORIENTED_EDGE('',*,*,#3966,.T.);
#1811=ORIENTED_EDGE('',*,*,#3963,.T.);
#1812=ORIENTED_EDGE('',*,*,#3571,.F.);
#1813=ORIENTED_EDGE('',*,*,#3967,.F.);
#1814=ORIENTED_EDGE('',*,*,#3968,.T.);
#1815=ORIENTED_EDGE('',*,*,#3965,.T.);
#1816=ORIENTED_EDGE('',*,*,#3570,.F.);
#1817=ORIENTED_EDGE('',*,*,#3969,.F.);
#1818=ORIENTED_EDGE('',*,*,#3970,.T.);
#1819=ORIENTED_EDGE('',*,*,#3967,.T.);
#1820=ORIENTED_EDGE('',*,*,#3569,.F.);
#1821=ORIENTED_EDGE('',*,*,#3971,.F.);
#1822=ORIENTED_EDGE('',*,*,#3972,.T.);
#1823=ORIENTED_EDGE('',*,*,#3969,.T.);
#1824=ORIENTED_EDGE('',*,*,#3568,.F.);
#1825=ORIENTED_EDGE('',*,*,#3973,.F.);
#1826=ORIENTED_EDGE('',*,*,#3974,.T.);
#1827=ORIENTED_EDGE('',*,*,#3971,.T.);
#1828=ORIENTED_EDGE('',*,*,#3567,.F.);
#1829=ORIENTED_EDGE('',*,*,#3975,.F.);
#1830=ORIENTED_EDGE('',*,*,#3976,.T.);
#1831=ORIENTED_EDGE('',*,*,#3973,.T.);
#1832=ORIENTED_EDGE('',*,*,#3566,.F.);
#1833=ORIENTED_EDGE('',*,*,#3977,.F.);
#1834=ORIENTED_EDGE('',*,*,#3978,.T.);
#1835=ORIENTED_EDGE('',*,*,#3975,.T.);
#1836=ORIENTED_EDGE('',*,*,#3565,.F.);
#1837=ORIENTED_EDGE('',*,*,#3979,.F.);
#1838=ORIENTED_EDGE('',*,*,#3980,.T.);
#1839=ORIENTED_EDGE('',*,*,#3977,.T.);
#1840=ORIENTED_EDGE('',*,*,#3564,.F.);
#1841=ORIENTED_EDGE('',*,*,#3950,.F.);
#1842=ORIENTED_EDGE('',*,*,#3981,.T.);
#1843=ORIENTED_EDGE('',*,*,#3979,.T.);
#1844=ORIENTED_EDGE('',*,*,#3949,.F.);
#1845=ORIENTED_EDGE('',*,*,#3952,.F.);
#1846=ORIENTED_EDGE('',*,*,#3954,.F.);
#1847=ORIENTED_EDGE('',*,*,#3956,.F.);
#1848=ORIENTED_EDGE('',*,*,#3958,.F.);
#1849=ORIENTED_EDGE('',*,*,#3960,.F.);
#1850=ORIENTED_EDGE('',*,*,#3962,.F.);
#1851=ORIENTED_EDGE('',*,*,#3964,.F.);
#1852=ORIENTED_EDGE('',*,*,#3966,.F.);
#1853=ORIENTED_EDGE('',*,*,#3968,.F.);
#1854=ORIENTED_EDGE('',*,*,#3970,.F.);
#1855=ORIENTED_EDGE('',*,*,#3972,.F.);
#1856=ORIENTED_EDGE('',*,*,#3974,.F.);
#1857=ORIENTED_EDGE('',*,*,#3976,.F.);
#1858=ORIENTED_EDGE('',*,*,#3978,.F.);
#1859=ORIENTED_EDGE('',*,*,#3980,.F.);
#1860=ORIENTED_EDGE('',*,*,#3981,.F.);
#1861=ORIENTED_EDGE('',*,*,#3558,.F.);
#1862=ORIENTED_EDGE('',*,*,#3982,.F.);
#1863=ORIENTED_EDGE('',*,*,#3983,.T.);
#1864=ORIENTED_EDGE('',*,*,#3984,.T.);
#1865=ORIENTED_EDGE('',*,*,#3562,.F.);
#1866=ORIENTED_EDGE('',*,*,#3985,.F.);
#1867=ORIENTED_EDGE('',*,*,#3986,.T.);
#1868=ORIENTED_EDGE('',*,*,#3982,.T.);
#1869=ORIENTED_EDGE('',*,*,#3561,.F.);
#1870=ORIENTED_EDGE('',*,*,#3987,.F.);
#1871=ORIENTED_EDGE('',*,*,#3988,.T.);
#1872=ORIENTED_EDGE('',*,*,#3985,.T.);
#1873=ORIENTED_EDGE('',*,*,#3560,.F.);
#1874=ORIENTED_EDGE('',*,*,#3989,.F.);
#1875=ORIENTED_EDGE('',*,*,#3990,.T.);
#1876=ORIENTED_EDGE('',*,*,#3987,.T.);
#1877=ORIENTED_EDGE('',*,*,#3559,.F.);
#1878=ORIENTED_EDGE('',*,*,#3984,.F.);
#1879=ORIENTED_EDGE('',*,*,#3991,.T.);
#1880=ORIENTED_EDGE('',*,*,#3989,.T.);
#1881=ORIENTED_EDGE('',*,*,#3983,.F.);
#1882=ORIENTED_EDGE('',*,*,#3986,.F.);
#1883=ORIENTED_EDGE('',*,*,#3988,.F.);
#1884=ORIENTED_EDGE('',*,*,#3990,.F.);
#1885=ORIENTED_EDGE('',*,*,#3991,.F.);
#1886=ORIENTED_EDGE('',*,*,#3554,.F.);
#1887=ORIENTED_EDGE('',*,*,#3992,.F.);
#1888=ORIENTED_EDGE('',*,*,#3993,.T.);
#1889=ORIENTED_EDGE('',*,*,#3994,.T.);
#1890=ORIENTED_EDGE('',*,*,#3557,.F.);
#1891=ORIENTED_EDGE('',*,*,#3995,.F.);
#1892=ORIENTED_EDGE('',*,*,#3996,.T.);
#1893=ORIENTED_EDGE('',*,*,#3992,.T.);
#1894=ORIENTED_EDGE('',*,*,#3556,.F.);
#1895=ORIENTED_EDGE('',*,*,#3997,.F.);
#1896=ORIENTED_EDGE('',*,*,#3998,.T.);
#1897=ORIENTED_EDGE('',*,*,#3995,.T.);
#1898=ORIENTED_EDGE('',*,*,#3555,.F.);
#1899=ORIENTED_EDGE('',*,*,#3994,.F.);
#1900=ORIENTED_EDGE('',*,*,#3999,.T.);
#1901=ORIENTED_EDGE('',*,*,#3997,.T.);
#1902=ORIENTED_EDGE('',*,*,#3993,.F.);
#1903=ORIENTED_EDGE('',*,*,#3996,.F.);
#1904=ORIENTED_EDGE('',*,*,#3998,.F.);
#1905=ORIENTED_EDGE('',*,*,#3999,.F.);
#1906=ORIENTED_EDGE('',*,*,#3541,.F.);
#1907=ORIENTED_EDGE('',*,*,#4000,.F.);
#1908=ORIENTED_EDGE('',*,*,#4001,.T.);
#1909=ORIENTED_EDGE('',*,*,#4002,.T.);
#1910=ORIENTED_EDGE('',*,*,#3553,.F.);
#1911=ORIENTED_EDGE('',*,*,#4003,.F.);
#1912=ORIENTED_EDGE('',*,*,#4004,.T.);
#1913=ORIENTED_EDGE('',*,*,#4000,.T.);
#1914=ORIENTED_EDGE('',*,*,#3552,.F.);
#1915=ORIENTED_EDGE('',*,*,#4005,.F.);
#1916=ORIENTED_EDGE('',*,*,#4006,.T.);
#1917=ORIENTED_EDGE('',*,*,#4003,.T.);
#1918=ORIENTED_EDGE('',*,*,#3551,.F.);
#1919=ORIENTED_EDGE('',*,*,#4007,.F.);
#1920=ORIENTED_EDGE('',*,*,#4008,.T.);
#1921=ORIENTED_EDGE('',*,*,#4005,.T.);
#1922=ORIENTED_EDGE('',*,*,#3550,.F.);
#1923=ORIENTED_EDGE('',*,*,#4009,.F.);
#1924=ORIENTED_EDGE('',*,*,#4010,.T.);
#1925=ORIENTED_EDGE('',*,*,#4007,.T.);
#1926=ORIENTED_EDGE('',*,*,#3549,.F.);
#1927=ORIENTED_EDGE('',*,*,#4011,.F.);
#1928=ORIENTED_EDGE('',*,*,#4012,.T.);
#1929=ORIENTED_EDGE('',*,*,#4009,.T.);
#1930=ORIENTED_EDGE('',*,*,#3548,.F.);
#1931=ORIENTED_EDGE('',*,*,#4013,.F.);
#1932=ORIENTED_EDGE('',*,*,#4014,.T.);
#1933=ORIENTED_EDGE('',*,*,#4011,.T.);
#1934=ORIENTED_EDGE('',*,*,#3547,.F.);
#1935=ORIENTED_EDGE('',*,*,#4015,.F.);
#1936=ORIENTED_EDGE('',*,*,#4016,.T.);
#1937=ORIENTED_EDGE('',*,*,#4013,.T.);
#1938=ORIENTED_EDGE('',*,*,#3546,.F.);
#1939=ORIENTED_EDGE('',*,*,#4017,.F.);
#1940=ORIENTED_EDGE('',*,*,#4018,.T.);
#1941=ORIENTED_EDGE('',*,*,#4015,.T.);
#1942=ORIENTED_EDGE('',*,*,#3545,.F.);
#1943=ORIENTED_EDGE('',*,*,#4019,.F.);
#1944=ORIENTED_EDGE('',*,*,#4020,.T.);
#1945=ORIENTED_EDGE('',*,*,#4017,.T.);
#1946=ORIENTED_EDGE('',*,*,#3544,.F.);
#1947=ORIENTED_EDGE('',*,*,#4021,.F.);
#1948=ORIENTED_EDGE('',*,*,#4022,.T.);
#1949=ORIENTED_EDGE('',*,*,#4019,.T.);
#1950=ORIENTED_EDGE('',*,*,#3543,.F.);
#1951=ORIENTED_EDGE('',*,*,#4023,.F.);
#1952=ORIENTED_EDGE('',*,*,#4024,.T.);
#1953=ORIENTED_EDGE('',*,*,#4021,.T.);
#1954=ORIENTED_EDGE('',*,*,#3542,.F.);
#1955=ORIENTED_EDGE('',*,*,#4002,.F.);
#1956=ORIENTED_EDGE('',*,*,#4025,.T.);
#1957=ORIENTED_EDGE('',*,*,#4023,.T.);
#1958=ORIENTED_EDGE('',*,*,#4001,.F.);
#1959=ORIENTED_EDGE('',*,*,#4004,.F.);
#1960=ORIENTED_EDGE('',*,*,#4006,.F.);
#1961=ORIENTED_EDGE('',*,*,#4008,.F.);
#1962=ORIENTED_EDGE('',*,*,#4010,.F.);
#1963=ORIENTED_EDGE('',*,*,#4012,.F.);
#1964=ORIENTED_EDGE('',*,*,#4014,.F.);
#1965=ORIENTED_EDGE('',*,*,#4016,.F.);
#1966=ORIENTED_EDGE('',*,*,#4018,.F.);
#1967=ORIENTED_EDGE('',*,*,#4020,.F.);
#1968=ORIENTED_EDGE('',*,*,#4022,.F.);
#1969=ORIENTED_EDGE('',*,*,#4024,.F.);
#1970=ORIENTED_EDGE('',*,*,#4025,.F.);
#1971=ORIENTED_EDGE('',*,*,#3526,.F.);
#1972=ORIENTED_EDGE('',*,*,#4026,.F.);
#1973=ORIENTED_EDGE('',*,*,#4027,.T.);
#1974=ORIENTED_EDGE('',*,*,#4028,.T.);
#1975=ORIENTED_EDGE('',*,*,#3540,.F.);
#1976=ORIENTED_EDGE('',*,*,#4029,.F.);
#1977=ORIENTED_EDGE('',*,*,#4030,.T.);
#1978=ORIENTED_EDGE('',*,*,#4026,.T.);
#1979=ORIENTED_EDGE('',*,*,#3539,.F.);
#1980=ORIENTED_EDGE('',*,*,#4031,.F.);
#1981=ORIENTED_EDGE('',*,*,#4032,.T.);
#1982=ORIENTED_EDGE('',*,*,#4029,.T.);
#1983=ORIENTED_EDGE('',*,*,#3538,.F.);
#1984=ORIENTED_EDGE('',*,*,#4033,.F.);
#1985=ORIENTED_EDGE('',*,*,#4034,.T.);
#1986=ORIENTED_EDGE('',*,*,#4031,.T.);
#1987=ORIENTED_EDGE('',*,*,#3537,.F.);
#1988=ORIENTED_EDGE('',*,*,#4035,.F.);
#1989=ORIENTED_EDGE('',*,*,#4036,.T.);
#1990=ORIENTED_EDGE('',*,*,#4033,.T.);
#1991=ORIENTED_EDGE('',*,*,#3536,.F.);
#1992=ORIENTED_EDGE('',*,*,#4037,.F.);
#1993=ORIENTED_EDGE('',*,*,#4038,.T.);
#1994=ORIENTED_EDGE('',*,*,#4035,.T.);
#1995=ORIENTED_EDGE('',*,*,#3535,.F.);
#1996=ORIENTED_EDGE('',*,*,#4039,.F.);
#1997=ORIENTED_EDGE('',*,*,#4040,.T.);
#1998=ORIENTED_EDGE('',*,*,#4037,.T.);
#1999=ORIENTED_EDGE('',*,*,#3534,.F.);
#2000=ORIENTED_EDGE('',*,*,#4041,.F.);
#2001=ORIENTED_EDGE('',*,*,#4042,.T.);
#2002=ORIENTED_EDGE('',*,*,#4039,.T.);
#2003=ORIENTED_EDGE('',*,*,#3533,.F.);
#2004=ORIENTED_EDGE('',*,*,#4043,.F.);
#2005=ORIENTED_EDGE('',*,*,#4044,.T.);
#2006=ORIENTED_EDGE('',*,*,#4041,.T.);
#2007=ORIENTED_EDGE('',*,*,#3532,.F.);
#2008=ORIENTED_EDGE('',*,*,#4045,.F.);
#2009=ORIENTED_EDGE('',*,*,#4046,.T.);
#2010=ORIENTED_EDGE('',*,*,#4043,.T.);
#2011=ORIENTED_EDGE('',*,*,#3531,.F.);
#2012=ORIENTED_EDGE('',*,*,#4047,.F.);
#2013=ORIENTED_EDGE('',*,*,#4048,.T.);
#2014=ORIENTED_EDGE('',*,*,#4045,.T.);
#2015=ORIENTED_EDGE('',*,*,#3530,.F.);
#2016=ORIENTED_EDGE('',*,*,#4049,.F.);
#2017=ORIENTED_EDGE('',*,*,#4050,.T.);
#2018=ORIENTED_EDGE('',*,*,#4047,.T.);
#2019=ORIENTED_EDGE('',*,*,#3529,.F.);
#2020=ORIENTED_EDGE('',*,*,#4051,.F.);
#2021=ORIENTED_EDGE('',*,*,#4052,.T.);
#2022=ORIENTED_EDGE('',*,*,#4049,.T.);
#2023=ORIENTED_EDGE('',*,*,#3528,.F.);
#2024=ORIENTED_EDGE('',*,*,#4053,.F.);
#2025=ORIENTED_EDGE('',*,*,#4054,.T.);
#2026=ORIENTED_EDGE('',*,*,#4051,.T.);
#2027=ORIENTED_EDGE('',*,*,#4055,.F.);
#2028=ORIENTED_EDGE('',*,*,#4056,.F.);
#2029=ORIENTED_EDGE('',*,*,#4057,.T.);
#2030=ORIENTED_EDGE('',*,*,#4058,.T.);
#2031=ORIENTED_EDGE('',*,*,#4059,.F.);
#2032=ORIENTED_EDGE('',*,*,#4060,.F.);
#2033=ORIENTED_EDGE('',*,*,#4061,.T.);
#2034=ORIENTED_EDGE('',*,*,#4056,.T.);
#2035=ORIENTED_EDGE('',*,*,#4062,.F.);
#2036=ORIENTED_EDGE('',*,*,#4063,.F.);
#2037=ORIENTED_EDGE('',*,*,#4064,.T.);
#2038=ORIENTED_EDGE('',*,*,#4060,.T.);
#2039=ORIENTED_EDGE('',*,*,#4065,.F.);
#2040=ORIENTED_EDGE('',*,*,#4066,.F.);
#2041=ORIENTED_EDGE('',*,*,#4067,.T.);
#2042=ORIENTED_EDGE('',*,*,#4063,.T.);
#2043=ORIENTED_EDGE('',*,*,#4068,.F.);
#2044=ORIENTED_EDGE('',*,*,#4058,.F.);
#2045=ORIENTED_EDGE('',*,*,#4069,.T.);
#2046=ORIENTED_EDGE('',*,*,#4066,.T.);
#2047=ORIENTED_EDGE('',*,*,#3527,.F.);
#2048=ORIENTED_EDGE('',*,*,#4028,.F.);
#2049=ORIENTED_EDGE('',*,*,#4070,.T.);
#2050=ORIENTED_EDGE('',*,*,#4053,.T.);
#2051=ORIENTED_EDGE('',*,*,#4057,.F.);
#2052=ORIENTED_EDGE('',*,*,#4061,.F.);
#2053=ORIENTED_EDGE('',*,*,#4064,.F.);
#2054=ORIENTED_EDGE('',*,*,#4067,.F.);
#2055=ORIENTED_EDGE('',*,*,#4069,.F.);
#2056=ORIENTED_EDGE('',*,*,#4027,.F.);
#2057=ORIENTED_EDGE('',*,*,#4030,.F.);
#2058=ORIENTED_EDGE('',*,*,#4032,.F.);
#2059=ORIENTED_EDGE('',*,*,#4034,.F.);
#2060=ORIENTED_EDGE('',*,*,#4036,.F.);
#2061=ORIENTED_EDGE('',*,*,#4038,.F.);
#2062=ORIENTED_EDGE('',*,*,#4040,.F.);
#2063=ORIENTED_EDGE('',*,*,#4042,.F.);
#2064=ORIENTED_EDGE('',*,*,#4044,.F.);
#2065=ORIENTED_EDGE('',*,*,#4046,.F.);
#2066=ORIENTED_EDGE('',*,*,#4048,.F.);
#2067=ORIENTED_EDGE('',*,*,#4050,.F.);
#2068=ORIENTED_EDGE('',*,*,#4052,.F.);
#2069=ORIENTED_EDGE('',*,*,#4054,.F.);
#2070=ORIENTED_EDGE('',*,*,#4070,.F.);
#2071=ORIENTED_EDGE('',*,*,#4055,.T.);
#2072=ORIENTED_EDGE('',*,*,#4068,.T.);
#2073=ORIENTED_EDGE('',*,*,#4065,.T.);
#2074=ORIENTED_EDGE('',*,*,#4062,.T.);
#2075=ORIENTED_EDGE('',*,*,#4059,.T.);
#2076=ORIENTED_EDGE('',*,*,#3502,.F.);
#2077=ORIENTED_EDGE('',*,*,#4071,.F.);
#2078=ORIENTED_EDGE('',*,*,#4072,.T.);
#2079=ORIENTED_EDGE('',*,*,#4073,.T.);
#2080=ORIENTED_EDGE('',*,*,#3525,.F.);
#2081=ORIENTED_EDGE('',*,*,#4074,.F.);
#2082=ORIENTED_EDGE('',*,*,#4075,.T.);
#2083=ORIENTED_EDGE('',*,*,#4071,.T.);
#2084=ORIENTED_EDGE('',*,*,#3524,.F.);
#2085=ORIENTED_EDGE('',*,*,#4076,.F.);
#2086=ORIENTED_EDGE('',*,*,#4077,.T.);
#2087=ORIENTED_EDGE('',*,*,#4074,.T.);
#2088=ORIENTED_EDGE('',*,*,#3523,.F.);
#2089=ORIENTED_EDGE('',*,*,#4078,.F.);
#2090=ORIENTED_EDGE('',*,*,#4079,.T.);
#2091=ORIENTED_EDGE('',*,*,#4076,.T.);
#2092=ORIENTED_EDGE('',*,*,#3522,.F.);
#2093=ORIENTED_EDGE('',*,*,#4080,.F.);
#2094=ORIENTED_EDGE('',*,*,#4081,.T.);
#2095=ORIENTED_EDGE('',*,*,#4078,.T.);
#2096=ORIENTED_EDGE('',*,*,#3521,.F.);
#2097=ORIENTED_EDGE('',*,*,#4082,.F.);
#2098=ORIENTED_EDGE('',*,*,#4083,.T.);
#2099=ORIENTED_EDGE('',*,*,#4080,.T.);
#2100=ORIENTED_EDGE('',*,*,#3520,.F.);
#2101=ORIENTED_EDGE('',*,*,#4084,.F.);
#2102=ORIENTED_EDGE('',*,*,#4085,.T.);
#2103=ORIENTED_EDGE('',*,*,#4082,.T.);
#2104=ORIENTED_EDGE('',*,*,#3519,.F.);
#2105=ORIENTED_EDGE('',*,*,#4086,.F.);
#2106=ORIENTED_EDGE('',*,*,#4087,.T.);
#2107=ORIENTED_EDGE('',*,*,#4084,.T.);
#2108=ORIENTED_EDGE('',*,*,#3518,.F.);
#2109=ORIENTED_EDGE('',*,*,#4088,.F.);
#2110=ORIENTED_EDGE('',*,*,#4089,.T.);
#2111=ORIENTED_EDGE('',*,*,#4086,.T.);
#2112=ORIENTED_EDGE('',*,*,#3517,.F.);
#2113=ORIENTED_EDGE('',*,*,#4090,.F.);
#2114=ORIENTED_EDGE('',*,*,#4091,.T.);
#2115=ORIENTED_EDGE('',*,*,#4088,.T.);
#2116=ORIENTED_EDGE('',*,*,#3516,.F.);
#2117=ORIENTED_EDGE('',*,*,#4092,.F.);
#2118=ORIENTED_EDGE('',*,*,#4093,.T.);
#2119=ORIENTED_EDGE('',*,*,#4090,.T.);
#2120=ORIENTED_EDGE('',*,*,#3515,.F.);
#2121=ORIENTED_EDGE('',*,*,#4094,.F.);
#2122=ORIENTED_EDGE('',*,*,#4095,.T.);
#2123=ORIENTED_EDGE('',*,*,#4092,.T.);
#2124=ORIENTED_EDGE('',*,*,#3514,.F.);
#2125=ORIENTED_EDGE('',*,*,#4096,.F.);
#2126=ORIENTED_EDGE('',*,*,#4097,.T.);
#2127=ORIENTED_EDGE('',*,*,#4094,.T.);
#2128=ORIENTED_EDGE('',*,*,#3513,.F.);
#2129=ORIENTED_EDGE('',*,*,#4098,.F.);
#2130=ORIENTED_EDGE('',*,*,#4099,.T.);
#2131=ORIENTED_EDGE('',*,*,#4096,.T.);
#2132=ORIENTED_EDGE('',*,*,#3512,.F.);
#2133=ORIENTED_EDGE('',*,*,#4100,.F.);
#2134=ORIENTED_EDGE('',*,*,#4101,.T.);
#2135=ORIENTED_EDGE('',*,*,#4098,.T.);
#2136=ORIENTED_EDGE('',*,*,#3511,.F.);
#2137=ORIENTED_EDGE('',*,*,#4102,.F.);
#2138=ORIENTED_EDGE('',*,*,#4103,.T.);
#2139=ORIENTED_EDGE('',*,*,#4100,.T.);
#2140=ORIENTED_EDGE('',*,*,#3510,.F.);
#2141=ORIENTED_EDGE('',*,*,#4104,.F.);
#2142=ORIENTED_EDGE('',*,*,#4105,.T.);
#2143=ORIENTED_EDGE('',*,*,#4102,.T.);
#2144=ORIENTED_EDGE('',*,*,#3509,.F.);
#2145=ORIENTED_EDGE('',*,*,#4106,.F.);
#2146=ORIENTED_EDGE('',*,*,#4107,.T.);
#2147=ORIENTED_EDGE('',*,*,#4104,.T.);
#2148=ORIENTED_EDGE('',*,*,#3508,.F.);
#2149=ORIENTED_EDGE('',*,*,#4108,.F.);
#2150=ORIENTED_EDGE('',*,*,#4109,.T.);
#2151=ORIENTED_EDGE('',*,*,#4106,.T.);
#2152=ORIENTED_EDGE('',*,*,#3507,.F.);
#2153=ORIENTED_EDGE('',*,*,#4110,.F.);
#2154=ORIENTED_EDGE('',*,*,#4111,.T.);
#2155=ORIENTED_EDGE('',*,*,#4108,.T.);
#2156=ORIENTED_EDGE('',*,*,#3506,.F.);
#2157=ORIENTED_EDGE('',*,*,#4112,.F.);
#2158=ORIENTED_EDGE('',*,*,#4113,.T.);
#2159=ORIENTED_EDGE('',*,*,#4110,.T.);
#2160=ORIENTED_EDGE('',*,*,#3505,.F.);
#2161=ORIENTED_EDGE('',*,*,#4114,.F.);
#2162=ORIENTED_EDGE('',*,*,#4115,.T.);
#2163=ORIENTED_EDGE('',*,*,#4112,.T.);
#2164=ORIENTED_EDGE('',*,*,#3504,.F.);
#2165=ORIENTED_EDGE('',*,*,#4116,.F.);
#2166=ORIENTED_EDGE('',*,*,#4117,.T.);
#2167=ORIENTED_EDGE('',*,*,#4114,.T.);
#2168=ORIENTED_EDGE('',*,*,#3503,.F.);
#2169=ORIENTED_EDGE('',*,*,#4073,.F.);
#2170=ORIENTED_EDGE('',*,*,#4118,.T.);
#2171=ORIENTED_EDGE('',*,*,#4116,.T.);
#2172=ORIENTED_EDGE('',*,*,#4072,.F.);
#2173=ORIENTED_EDGE('',*,*,#4075,.F.);
#2174=ORIENTED_EDGE('',*,*,#4077,.F.);
#2175=ORIENTED_EDGE('',*,*,#4079,.F.);
#2176=ORIENTED_EDGE('',*,*,#4081,.F.);
#2177=ORIENTED_EDGE('',*,*,#4083,.F.);
#2178=ORIENTED_EDGE('',*,*,#4085,.F.);
#2179=ORIENTED_EDGE('',*,*,#4087,.F.);
#2180=ORIENTED_EDGE('',*,*,#4089,.F.);
#2181=ORIENTED_EDGE('',*,*,#4091,.F.);
#2182=ORIENTED_EDGE('',*,*,#4093,.F.);
#2183=ORIENTED_EDGE('',*,*,#4095,.F.);
#2184=ORIENTED_EDGE('',*,*,#4097,.F.);
#2185=ORIENTED_EDGE('',*,*,#4099,.F.);
#2186=ORIENTED_EDGE('',*,*,#4101,.F.);
#2187=ORIENTED_EDGE('',*,*,#4103,.F.);
#2188=ORIENTED_EDGE('',*,*,#4105,.F.);
#2189=ORIENTED_EDGE('',*,*,#4107,.F.);
#2190=ORIENTED_EDGE('',*,*,#4109,.F.);
#2191=ORIENTED_EDGE('',*,*,#4111,.F.);
#2192=ORIENTED_EDGE('',*,*,#4113,.F.);
#2193=ORIENTED_EDGE('',*,*,#4115,.F.);
#2194=ORIENTED_EDGE('',*,*,#4117,.F.);
#2195=ORIENTED_EDGE('',*,*,#4118,.F.);
#2196=ORIENTED_EDGE('',*,*,#4119,.F.);
#2197=ORIENTED_EDGE('',*,*,#4120,.F.);
#2198=ORIENTED_EDGE('',*,*,#4121,.T.);
#2199=ORIENTED_EDGE('',*,*,#4122,.T.);
#2200=ORIENTED_EDGE('',*,*,#4123,.F.);
#2201=ORIENTED_EDGE('',*,*,#4124,.F.);
#2202=ORIENTED_EDGE('',*,*,#4125,.T.);
#2203=ORIENTED_EDGE('',*,*,#4120,.T.);
#2204=ORIENTED_EDGE('',*,*,#4126,.F.);
#2205=ORIENTED_EDGE('',*,*,#4127,.F.);
#2206=ORIENTED_EDGE('',*,*,#4128,.T.);
#2207=ORIENTED_EDGE('',*,*,#4124,.T.);
#2208=ORIENTED_EDGE('',*,*,#4129,.F.);
#2209=ORIENTED_EDGE('',*,*,#4130,.F.);
#2210=ORIENTED_EDGE('',*,*,#4131,.T.);
#2211=ORIENTED_EDGE('',*,*,#4127,.T.);
#2212=ORIENTED_EDGE('',*,*,#4132,.F.);
#2213=ORIENTED_EDGE('',*,*,#4133,.F.);
#2214=ORIENTED_EDGE('',*,*,#4134,.T.);
#2215=ORIENTED_EDGE('',*,*,#4130,.T.);
#2216=ORIENTED_EDGE('',*,*,#4135,.F.);
#2217=ORIENTED_EDGE('',*,*,#4136,.F.);
#2218=ORIENTED_EDGE('',*,*,#4137,.T.);
#2219=ORIENTED_EDGE('',*,*,#4133,.T.);
#2220=ORIENTED_EDGE('',*,*,#3484,.F.);
#2221=ORIENTED_EDGE('',*,*,#4138,.F.);
#2222=ORIENTED_EDGE('',*,*,#4139,.T.);
#2223=ORIENTED_EDGE('',*,*,#4140,.T.);
#2224=ORIENTED_EDGE('',*,*,#3501,.F.);
#2225=ORIENTED_EDGE('',*,*,#4141,.F.);
#2226=ORIENTED_EDGE('',*,*,#4142,.T.);
#2227=ORIENTED_EDGE('',*,*,#4138,.T.);
#2228=ORIENTED_EDGE('',*,*,#3500,.F.);
#2229=ORIENTED_EDGE('',*,*,#4143,.F.);
#2230=ORIENTED_EDGE('',*,*,#4144,.T.);
#2231=ORIENTED_EDGE('',*,*,#4141,.T.);
#2232=ORIENTED_EDGE('',*,*,#3499,.F.);
#2233=ORIENTED_EDGE('',*,*,#4145,.F.);
#2234=ORIENTED_EDGE('',*,*,#4146,.T.);
#2235=ORIENTED_EDGE('',*,*,#4143,.T.);
#2236=ORIENTED_EDGE('',*,*,#3498,.F.);
#2237=ORIENTED_EDGE('',*,*,#4147,.F.);
#2238=ORIENTED_EDGE('',*,*,#4148,.T.);
#2239=ORIENTED_EDGE('',*,*,#4145,.T.);
#2240=ORIENTED_EDGE('',*,*,#3497,.F.);
#2241=ORIENTED_EDGE('',*,*,#4149,.F.);
#2242=ORIENTED_EDGE('',*,*,#4150,.T.);
#2243=ORIENTED_EDGE('',*,*,#4147,.T.);
#2244=ORIENTED_EDGE('',*,*,#3496,.F.);
#2245=ORIENTED_EDGE('',*,*,#4151,.F.);
#2246=ORIENTED_EDGE('',*,*,#4152,.T.);
#2247=ORIENTED_EDGE('',*,*,#4149,.T.);
#2248=ORIENTED_EDGE('',*,*,#3495,.F.);
#2249=ORIENTED_EDGE('',*,*,#4153,.F.);
#2250=ORIENTED_EDGE('',*,*,#4154,.T.);
#2251=ORIENTED_EDGE('',*,*,#4151,.T.);
#2252=ORIENTED_EDGE('',*,*,#3494,.F.);
#2253=ORIENTED_EDGE('',*,*,#4155,.F.);
#2254=ORIENTED_EDGE('',*,*,#4156,.T.);
#2255=ORIENTED_EDGE('',*,*,#4153,.T.);
#2256=ORIENTED_EDGE('',*,*,#3493,.F.);
#2257=ORIENTED_EDGE('',*,*,#4157,.F.);
#2258=ORIENTED_EDGE('',*,*,#4158,.T.);
#2259=ORIENTED_EDGE('',*,*,#4155,.T.);
#2260=ORIENTED_EDGE('',*,*,#3492,.F.);
#2261=ORIENTED_EDGE('',*,*,#4159,.F.);
#2262=ORIENTED_EDGE('',*,*,#4160,.T.);
#2263=ORIENTED_EDGE('',*,*,#4157,.T.);
#2264=ORIENTED_EDGE('',*,*,#3491,.F.);
#2265=ORIENTED_EDGE('',*,*,#4161,.F.);
#2266=ORIENTED_EDGE('',*,*,#4162,.T.);
#2267=ORIENTED_EDGE('',*,*,#4159,.T.);
#2268=ORIENTED_EDGE('',*,*,#3490,.F.);
#2269=ORIENTED_EDGE('',*,*,#4163,.F.);
#2270=ORIENTED_EDGE('',*,*,#4164,.T.);
#2271=ORIENTED_EDGE('',*,*,#4161,.T.);
#2272=ORIENTED_EDGE('',*,*,#3489,.F.);
#2273=ORIENTED_EDGE('',*,*,#4165,.F.);
#2274=ORIENTED_EDGE('',*,*,#4166,.T.);
#2275=ORIENTED_EDGE('',*,*,#4163,.T.);
#2276=ORIENTED_EDGE('',*,*,#3488,.F.);
#2277=ORIENTED_EDGE('',*,*,#4167,.F.);
#2278=ORIENTED_EDGE('',*,*,#4168,.T.);
#2279=ORIENTED_EDGE('',*,*,#4165,.T.);
#2280=ORIENTED_EDGE('',*,*,#3487,.F.);
#2281=ORIENTED_EDGE('',*,*,#4169,.F.);
#2282=ORIENTED_EDGE('',*,*,#4170,.T.);
#2283=ORIENTED_EDGE('',*,*,#4167,.T.);
#2284=ORIENTED_EDGE('',*,*,#3486,.F.);
#2285=ORIENTED_EDGE('',*,*,#4171,.F.);
#2286=ORIENTED_EDGE('',*,*,#4172,.T.);
#2287=ORIENTED_EDGE('',*,*,#4169,.T.);
#2288=ORIENTED_EDGE('',*,*,#3485,.F.);
#2289=ORIENTED_EDGE('',*,*,#4140,.F.);
#2290=ORIENTED_EDGE('',*,*,#4173,.T.);
#2291=ORIENTED_EDGE('',*,*,#4171,.T.);
#2292=ORIENTED_EDGE('',*,*,#4174,.F.);
#2293=ORIENTED_EDGE('',*,*,#4122,.F.);
#2294=ORIENTED_EDGE('',*,*,#4175,.T.);
#2295=ORIENTED_EDGE('',*,*,#4136,.T.);
#2296=ORIENTED_EDGE('',*,*,#4139,.F.);
#2297=ORIENTED_EDGE('',*,*,#4142,.F.);
#2298=ORIENTED_EDGE('',*,*,#4144,.F.);
#2299=ORIENTED_EDGE('',*,*,#4146,.F.);
#2300=ORIENTED_EDGE('',*,*,#4148,.F.);
#2301=ORIENTED_EDGE('',*,*,#4150,.F.);
#2302=ORIENTED_EDGE('',*,*,#4152,.F.);
#2303=ORIENTED_EDGE('',*,*,#4154,.F.);
#2304=ORIENTED_EDGE('',*,*,#4156,.F.);
#2305=ORIENTED_EDGE('',*,*,#4158,.F.);
#2306=ORIENTED_EDGE('',*,*,#4160,.F.);
#2307=ORIENTED_EDGE('',*,*,#4162,.F.);
#2308=ORIENTED_EDGE('',*,*,#4164,.F.);
#2309=ORIENTED_EDGE('',*,*,#4166,.F.);
#2310=ORIENTED_EDGE('',*,*,#4168,.F.);
#2311=ORIENTED_EDGE('',*,*,#4170,.F.);
#2312=ORIENTED_EDGE('',*,*,#4172,.F.);
#2313=ORIENTED_EDGE('',*,*,#4173,.F.);
#2314=ORIENTED_EDGE('',*,*,#4121,.F.);
#2315=ORIENTED_EDGE('',*,*,#4125,.F.);
#2316=ORIENTED_EDGE('',*,*,#4128,.F.);
#2317=ORIENTED_EDGE('',*,*,#4131,.F.);
#2318=ORIENTED_EDGE('',*,*,#4134,.F.);
#2319=ORIENTED_EDGE('',*,*,#4137,.F.);
#2320=ORIENTED_EDGE('',*,*,#4175,.F.);
#2321=ORIENTED_EDGE('',*,*,#4119,.T.);
#2322=ORIENTED_EDGE('',*,*,#4174,.T.);
#2323=ORIENTED_EDGE('',*,*,#4135,.T.);
#2324=ORIENTED_EDGE('',*,*,#4132,.T.);
#2325=ORIENTED_EDGE('',*,*,#4129,.T.);
#2326=ORIENTED_EDGE('',*,*,#4126,.T.);
#2327=ORIENTED_EDGE('',*,*,#4123,.T.);
#2328=ORIENTED_EDGE('',*,*,#3466,.F.);
#2329=ORIENTED_EDGE('',*,*,#4176,.F.);
#2330=ORIENTED_EDGE('',*,*,#4177,.T.);
#2331=ORIENTED_EDGE('',*,*,#4178,.T.);
#2332=ORIENTED_EDGE('',*,*,#3483,.F.);
#2333=ORIENTED_EDGE('',*,*,#4179,.F.);
#2334=ORIENTED_EDGE('',*,*,#4180,.T.);
#2335=ORIENTED_EDGE('',*,*,#4176,.T.);
#2336=ORIENTED_EDGE('',*,*,#3482,.F.);
#2337=ORIENTED_EDGE('',*,*,#4181,.F.);
#2338=ORIENTED_EDGE('',*,*,#4182,.T.);
#2339=ORIENTED_EDGE('',*,*,#4179,.T.);
#2340=ORIENTED_EDGE('',*,*,#3481,.F.);
#2341=ORIENTED_EDGE('',*,*,#4183,.F.);
#2342=ORIENTED_EDGE('',*,*,#4184,.T.);
#2343=ORIENTED_EDGE('',*,*,#4181,.T.);
#2344=ORIENTED_EDGE('',*,*,#3480,.F.);
#2345=ORIENTED_EDGE('',*,*,#4185,.F.);
#2346=ORIENTED_EDGE('',*,*,#4186,.T.);
#2347=ORIENTED_EDGE('',*,*,#4183,.T.);
#2348=ORIENTED_EDGE('',*,*,#3479,.F.);
#2349=ORIENTED_EDGE('',*,*,#4187,.F.);
#2350=ORIENTED_EDGE('',*,*,#4188,.T.);
#2351=ORIENTED_EDGE('',*,*,#4185,.T.);
#2352=ORIENTED_EDGE('',*,*,#3478,.F.);
#2353=ORIENTED_EDGE('',*,*,#4189,.F.);
#2354=ORIENTED_EDGE('',*,*,#4190,.T.);
#2355=ORIENTED_EDGE('',*,*,#4187,.T.);
#2356=ORIENTED_EDGE('',*,*,#3477,.F.);
#2357=ORIENTED_EDGE('',*,*,#4191,.F.);
#2358=ORIENTED_EDGE('',*,*,#4192,.T.);
#2359=ORIENTED_EDGE('',*,*,#4189,.T.);
#2360=ORIENTED_EDGE('',*,*,#3476,.F.);
#2361=ORIENTED_EDGE('',*,*,#4193,.F.);
#2362=ORIENTED_EDGE('',*,*,#4194,.T.);
#2363=ORIENTED_EDGE('',*,*,#4191,.T.);
#2364=ORIENTED_EDGE('',*,*,#3475,.F.);
#2365=ORIENTED_EDGE('',*,*,#4195,.F.);
#2366=ORIENTED_EDGE('',*,*,#4196,.T.);
#2367=ORIENTED_EDGE('',*,*,#4193,.T.);
#2368=ORIENTED_EDGE('',*,*,#3474,.F.);
#2369=ORIENTED_EDGE('',*,*,#4197,.F.);
#2370=ORIENTED_EDGE('',*,*,#4198,.T.);
#2371=ORIENTED_EDGE('',*,*,#4195,.T.);
#2372=ORIENTED_EDGE('',*,*,#3473,.F.);
#2373=ORIENTED_EDGE('',*,*,#4199,.F.);
#2374=ORIENTED_EDGE('',*,*,#4200,.T.);
#2375=ORIENTED_EDGE('',*,*,#4197,.T.);
#2376=ORIENTED_EDGE('',*,*,#3472,.F.);
#2377=ORIENTED_EDGE('',*,*,#4201,.F.);
#2378=ORIENTED_EDGE('',*,*,#4202,.T.);
#2379=ORIENTED_EDGE('',*,*,#4199,.T.);
#2380=ORIENTED_EDGE('',*,*,#3471,.F.);
#2381=ORIENTED_EDGE('',*,*,#4203,.F.);
#2382=ORIENTED_EDGE('',*,*,#4204,.T.);
#2383=ORIENTED_EDGE('',*,*,#4201,.T.);
#2384=ORIENTED_EDGE('',*,*,#3470,.F.);
#2385=ORIENTED_EDGE('',*,*,#4205,.F.);
#2386=ORIENTED_EDGE('',*,*,#4206,.T.);
#2387=ORIENTED_EDGE('',*,*,#4203,.T.);
#2388=ORIENTED_EDGE('',*,*,#3469,.F.);
#2389=ORIENTED_EDGE('',*,*,#4207,.F.);
#2390=ORIENTED_EDGE('',*,*,#4208,.T.);
#2391=ORIENTED_EDGE('',*,*,#4205,.T.);
#2392=ORIENTED_EDGE('',*,*,#3468,.F.);
#2393=ORIENTED_EDGE('',*,*,#4209,.F.);
#2394=ORIENTED_EDGE('',*,*,#4210,.T.);
#2395=ORIENTED_EDGE('',*,*,#4207,.T.);
#2396=ORIENTED_EDGE('',*,*,#3467,.F.);
#2397=ORIENTED_EDGE('',*,*,#4178,.F.);
#2398=ORIENTED_EDGE('',*,*,#4211,.T.);
#2399=ORIENTED_EDGE('',*,*,#4209,.T.);
#2400=ORIENTED_EDGE('',*,*,#4177,.F.);
#2401=ORIENTED_EDGE('',*,*,#4180,.F.);
#2402=ORIENTED_EDGE('',*,*,#4182,.F.);
#2403=ORIENTED_EDGE('',*,*,#4184,.F.);
#2404=ORIENTED_EDGE('',*,*,#4186,.F.);
#2405=ORIENTED_EDGE('',*,*,#4188,.F.);
#2406=ORIENTED_EDGE('',*,*,#4190,.F.);
#2407=ORIENTED_EDGE('',*,*,#4192,.F.);
#2408=ORIENTED_EDGE('',*,*,#4194,.F.);
#2409=ORIENTED_EDGE('',*,*,#4196,.F.);
#2410=ORIENTED_EDGE('',*,*,#4198,.F.);
#2411=ORIENTED_EDGE('',*,*,#4200,.F.);
#2412=ORIENTED_EDGE('',*,*,#4202,.F.);
#2413=ORIENTED_EDGE('',*,*,#4204,.F.);
#2414=ORIENTED_EDGE('',*,*,#4206,.F.);
#2415=ORIENTED_EDGE('',*,*,#4208,.F.);
#2416=ORIENTED_EDGE('',*,*,#4210,.F.);
#2417=ORIENTED_EDGE('',*,*,#4211,.F.);
#2418=ORIENTED_EDGE('',*,*,#3452,.F.);
#2419=ORIENTED_EDGE('',*,*,#4212,.F.);
#2420=ORIENTED_EDGE('',*,*,#4213,.T.);
#2421=ORIENTED_EDGE('',*,*,#4214,.T.);
#2422=ORIENTED_EDGE('',*,*,#3465,.F.);
#2423=ORIENTED_EDGE('',*,*,#4215,.F.);
#2424=ORIENTED_EDGE('',*,*,#4216,.T.);
#2425=ORIENTED_EDGE('',*,*,#4212,.T.);
#2426=ORIENTED_EDGE('',*,*,#3464,.F.);
#2427=ORIENTED_EDGE('',*,*,#4217,.F.);
#2428=ORIENTED_EDGE('',*,*,#4218,.T.);
#2429=ORIENTED_EDGE('',*,*,#4215,.T.);
#2430=ORIENTED_EDGE('',*,*,#3463,.F.);
#2431=ORIENTED_EDGE('',*,*,#4219,.F.);
#2432=ORIENTED_EDGE('',*,*,#4220,.T.);
#2433=ORIENTED_EDGE('',*,*,#4217,.T.);
#2434=ORIENTED_EDGE('',*,*,#3462,.F.);
#2435=ORIENTED_EDGE('',*,*,#4221,.F.);
#2436=ORIENTED_EDGE('',*,*,#4222,.T.);
#2437=ORIENTED_EDGE('',*,*,#4219,.T.);
#2438=ORIENTED_EDGE('',*,*,#3461,.F.);
#2439=ORIENTED_EDGE('',*,*,#4223,.F.);
#2440=ORIENTED_EDGE('',*,*,#4224,.T.);
#2441=ORIENTED_EDGE('',*,*,#4221,.T.);
#2442=ORIENTED_EDGE('',*,*,#3460,.F.);
#2443=ORIENTED_EDGE('',*,*,#4225,.F.);
#2444=ORIENTED_EDGE('',*,*,#4226,.T.);
#2445=ORIENTED_EDGE('',*,*,#4223,.T.);
#2446=ORIENTED_EDGE('',*,*,#3459,.F.);
#2447=ORIENTED_EDGE('',*,*,#4227,.F.);
#2448=ORIENTED_EDGE('',*,*,#4228,.T.);
#2449=ORIENTED_EDGE('',*,*,#4225,.T.);
#2450=ORIENTED_EDGE('',*,*,#3458,.F.);
#2451=ORIENTED_EDGE('',*,*,#4229,.F.);
#2452=ORIENTED_EDGE('',*,*,#4230,.T.);
#2453=ORIENTED_EDGE('',*,*,#4227,.T.);
#2454=ORIENTED_EDGE('',*,*,#3457,.F.);
#2455=ORIENTED_EDGE('',*,*,#4231,.F.);
#2456=ORIENTED_EDGE('',*,*,#4232,.T.);
#2457=ORIENTED_EDGE('',*,*,#4229,.T.);
#2458=ORIENTED_EDGE('',*,*,#3456,.F.);
#2459=ORIENTED_EDGE('',*,*,#4233,.F.);
#2460=ORIENTED_EDGE('',*,*,#4234,.T.);
#2461=ORIENTED_EDGE('',*,*,#4231,.T.);
#2462=ORIENTED_EDGE('',*,*,#3455,.F.);
#2463=ORIENTED_EDGE('',*,*,#4235,.F.);
#2464=ORIENTED_EDGE('',*,*,#4236,.T.);
#2465=ORIENTED_EDGE('',*,*,#4233,.T.);
#2466=ORIENTED_EDGE('',*,*,#3454,.F.);
#2467=ORIENTED_EDGE('',*,*,#4237,.F.);
#2468=ORIENTED_EDGE('',*,*,#4238,.T.);
#2469=ORIENTED_EDGE('',*,*,#4235,.T.);
#2470=ORIENTED_EDGE('',*,*,#3453,.F.);
#2471=ORIENTED_EDGE('',*,*,#4214,.F.);
#2472=ORIENTED_EDGE('',*,*,#4239,.T.);
#2473=ORIENTED_EDGE('',*,*,#4237,.T.);
#2474=ORIENTED_EDGE('',*,*,#4213,.F.);
#2475=ORIENTED_EDGE('',*,*,#4216,.F.);
#2476=ORIENTED_EDGE('',*,*,#4218,.F.);
#2477=ORIENTED_EDGE('',*,*,#4220,.F.);
#2478=ORIENTED_EDGE('',*,*,#4222,.F.);
#2479=ORIENTED_EDGE('',*,*,#4224,.F.);
#2480=ORIENTED_EDGE('',*,*,#4226,.F.);
#2481=ORIENTED_EDGE('',*,*,#4228,.F.);
#2482=ORIENTED_EDGE('',*,*,#4230,.F.);
#2483=ORIENTED_EDGE('',*,*,#4232,.F.);
#2484=ORIENTED_EDGE('',*,*,#4234,.F.);
#2485=ORIENTED_EDGE('',*,*,#4236,.F.);
#2486=ORIENTED_EDGE('',*,*,#4238,.F.);
#2487=ORIENTED_EDGE('',*,*,#4239,.F.);
#2488=ORIENTED_EDGE('',*,*,#3442,.F.);
#2489=ORIENTED_EDGE('',*,*,#4240,.F.);
#2490=ORIENTED_EDGE('',*,*,#4241,.T.);
#2491=ORIENTED_EDGE('',*,*,#4242,.T.);
#2492=ORIENTED_EDGE('',*,*,#3451,.F.);
#2493=ORIENTED_EDGE('',*,*,#4243,.F.);
#2494=ORIENTED_EDGE('',*,*,#4244,.T.);
#2495=ORIENTED_EDGE('',*,*,#4240,.T.);
#2496=ORIENTED_EDGE('',*,*,#3450,.F.);
#2497=ORIENTED_EDGE('',*,*,#4245,.F.);
#2498=ORIENTED_EDGE('',*,*,#4246,.T.);
#2499=ORIENTED_EDGE('',*,*,#4243,.T.);
#2500=ORIENTED_EDGE('',*,*,#3449,.F.);
#2501=ORIENTED_EDGE('',*,*,#4247,.F.);
#2502=ORIENTED_EDGE('',*,*,#4248,.T.);
#2503=ORIENTED_EDGE('',*,*,#4245,.T.);
#2504=ORIENTED_EDGE('',*,*,#3448,.F.);
#2505=ORIENTED_EDGE('',*,*,#4249,.F.);
#2506=ORIENTED_EDGE('',*,*,#4250,.T.);
#2507=ORIENTED_EDGE('',*,*,#4247,.T.);
#2508=ORIENTED_EDGE('',*,*,#3447,.F.);
#2509=ORIENTED_EDGE('',*,*,#4251,.F.);
#2510=ORIENTED_EDGE('',*,*,#4252,.T.);
#2511=ORIENTED_EDGE('',*,*,#4249,.T.);
#2512=ORIENTED_EDGE('',*,*,#3446,.F.);
#2513=ORIENTED_EDGE('',*,*,#4253,.F.);
#2514=ORIENTED_EDGE('',*,*,#4254,.T.);
#2515=ORIENTED_EDGE('',*,*,#4251,.T.);
#2516=ORIENTED_EDGE('',*,*,#3445,.F.);
#2517=ORIENTED_EDGE('',*,*,#4255,.F.);
#2518=ORIENTED_EDGE('',*,*,#4256,.T.);
#2519=ORIENTED_EDGE('',*,*,#4253,.T.);
#2520=ORIENTED_EDGE('',*,*,#3444,.F.);
#2521=ORIENTED_EDGE('',*,*,#4257,.F.);
#2522=ORIENTED_EDGE('',*,*,#4258,.T.);
#2523=ORIENTED_EDGE('',*,*,#4255,.T.);
#2524=ORIENTED_EDGE('',*,*,#3443,.F.);
#2525=ORIENTED_EDGE('',*,*,#4242,.F.);
#2526=ORIENTED_EDGE('',*,*,#4259,.T.);
#2527=ORIENTED_EDGE('',*,*,#4257,.T.);
#2528=ORIENTED_EDGE('',*,*,#4241,.F.);
#2529=ORIENTED_EDGE('',*,*,#4244,.F.);
#2530=ORIENTED_EDGE('',*,*,#4246,.F.);
#2531=ORIENTED_EDGE('',*,*,#4248,.F.);
#2532=ORIENTED_EDGE('',*,*,#4250,.F.);
#2533=ORIENTED_EDGE('',*,*,#4252,.F.);
#2534=ORIENTED_EDGE('',*,*,#4254,.F.);
#2535=ORIENTED_EDGE('',*,*,#4256,.F.);
#2536=ORIENTED_EDGE('',*,*,#4258,.F.);
#2537=ORIENTED_EDGE('',*,*,#4259,.F.);
#2538=ORIENTED_EDGE('',*,*,#3425,.F.);
#2539=ORIENTED_EDGE('',*,*,#4260,.F.);
#2540=ORIENTED_EDGE('',*,*,#4261,.T.);
#2541=ORIENTED_EDGE('',*,*,#4262,.T.);
#2542=ORIENTED_EDGE('',*,*,#3441,.F.);
#2543=ORIENTED_EDGE('',*,*,#4263,.F.);
#2544=ORIENTED_EDGE('',*,*,#4264,.T.);
#2545=ORIENTED_EDGE('',*,*,#4260,.T.);
#2546=ORIENTED_EDGE('',*,*,#3440,.F.);
#2547=ORIENTED_EDGE('',*,*,#4265,.F.);
#2548=ORIENTED_EDGE('',*,*,#4266,.T.);
#2549=ORIENTED_EDGE('',*,*,#4263,.T.);
#2550=ORIENTED_EDGE('',*,*,#3439,.F.);
#2551=ORIENTED_EDGE('',*,*,#4267,.F.);
#2552=ORIENTED_EDGE('',*,*,#4268,.T.);
#2553=ORIENTED_EDGE('',*,*,#4265,.T.);
#2554=ORIENTED_EDGE('',*,*,#3438,.F.);
#2555=ORIENTED_EDGE('',*,*,#4269,.F.);
#2556=ORIENTED_EDGE('',*,*,#4270,.T.);
#2557=ORIENTED_EDGE('',*,*,#4267,.T.);
#2558=ORIENTED_EDGE('',*,*,#3437,.F.);
#2559=ORIENTED_EDGE('',*,*,#4271,.F.);
#2560=ORIENTED_EDGE('',*,*,#4272,.T.);
#2561=ORIENTED_EDGE('',*,*,#4269,.T.);
#2562=ORIENTED_EDGE('',*,*,#3436,.F.);
#2563=ORIENTED_EDGE('',*,*,#4273,.F.);
#2564=ORIENTED_EDGE('',*,*,#4274,.T.);
#2565=ORIENTED_EDGE('',*,*,#4271,.T.);
#2566=ORIENTED_EDGE('',*,*,#3435,.F.);
#2567=ORIENTED_EDGE('',*,*,#4275,.F.);
#2568=ORIENTED_EDGE('',*,*,#4276,.T.);
#2569=ORIENTED_EDGE('',*,*,#4273,.T.);
#2570=ORIENTED_EDGE('',*,*,#3434,.F.);
#2571=ORIENTED_EDGE('',*,*,#4277,.F.);
#2572=ORIENTED_EDGE('',*,*,#4278,.T.);
#2573=ORIENTED_EDGE('',*,*,#4275,.T.);
#2574=ORIENTED_EDGE('',*,*,#3433,.F.);
#2575=ORIENTED_EDGE('',*,*,#4279,.F.);
#2576=ORIENTED_EDGE('',*,*,#4280,.T.);
#2577=ORIENTED_EDGE('',*,*,#4277,.T.);
#2578=ORIENTED_EDGE('',*,*,#3432,.F.);
#2579=ORIENTED_EDGE('',*,*,#4281,.F.);
#2580=ORIENTED_EDGE('',*,*,#4282,.T.);
#2581=ORIENTED_EDGE('',*,*,#4279,.T.);
#2582=ORIENTED_EDGE('',*,*,#3431,.F.);
#2583=ORIENTED_EDGE('',*,*,#4283,.F.);
#2584=ORIENTED_EDGE('',*,*,#4284,.T.);
#2585=ORIENTED_EDGE('',*,*,#4281,.T.);
#2586=ORIENTED_EDGE('',*,*,#3430,.F.);
#2587=ORIENTED_EDGE('',*,*,#4285,.F.);
#2588=ORIENTED_EDGE('',*,*,#4286,.T.);
#2589=ORIENTED_EDGE('',*,*,#4283,.T.);
#2590=ORIENTED_EDGE('',*,*,#3429,.F.);
#2591=ORIENTED_EDGE('',*,*,#4287,.F.);
#2592=ORIENTED_EDGE('',*,*,#4288,.T.);
#2593=ORIENTED_EDGE('',*,*,#4285,.T.);
#2594=ORIENTED_EDGE('',*,*,#3428,.F.);
#2595=ORIENTED_EDGE('',*,*,#4289,.F.);
#2596=ORIENTED_EDGE('',*,*,#4290,.T.);
#2597=ORIENTED_EDGE('',*,*,#4287,.T.);
#2598=ORIENTED_EDGE('',*,*,#3427,.F.);
#2599=ORIENTED_EDGE('',*,*,#4291,.F.);
#2600=ORIENTED_EDGE('',*,*,#4292,.T.);
#2601=ORIENTED_EDGE('',*,*,#4289,.T.);
#2602=ORIENTED_EDGE('',*,*,#3426,.F.);
#2603=ORIENTED_EDGE('',*,*,#4262,.F.);
#2604=ORIENTED_EDGE('',*,*,#4293,.T.);
#2605=ORIENTED_EDGE('',*,*,#4291,.T.);
#2606=ORIENTED_EDGE('',*,*,#4261,.F.);
#2607=ORIENTED_EDGE('',*,*,#4264,.F.);
#2608=ORIENTED_EDGE('',*,*,#4266,.F.);
#2609=ORIENTED_EDGE('',*,*,#4268,.F.);
#2610=ORIENTED_EDGE('',*,*,#4270,.F.);
#2611=ORIENTED_EDGE('',*,*,#4272,.F.);
#2612=ORIENTED_EDGE('',*,*,#4274,.F.);
#2613=ORIENTED_EDGE('',*,*,#4276,.F.);
#2614=ORIENTED_EDGE('',*,*,#4278,.F.);
#2615=ORIENTED_EDGE('',*,*,#4280,.F.);
#2616=ORIENTED_EDGE('',*,*,#4282,.F.);
#2617=ORIENTED_EDGE('',*,*,#4284,.F.);
#2618=ORIENTED_EDGE('',*,*,#4286,.F.);
#2619=ORIENTED_EDGE('',*,*,#4288,.F.);
#2620=ORIENTED_EDGE('',*,*,#4290,.F.);
#2621=ORIENTED_EDGE('',*,*,#4292,.F.);
#2622=ORIENTED_EDGE('',*,*,#4293,.F.);
#2623=ORIENTED_EDGE('',*,*,#4294,.F.);
#2624=ORIENTED_EDGE('',*,*,#4295,.F.);
#2625=ORIENTED_EDGE('',*,*,#4296,.T.);
#2626=ORIENTED_EDGE('',*,*,#4297,.T.);
#2627=ORIENTED_EDGE('',*,*,#4298,.F.);
#2628=ORIENTED_EDGE('',*,*,#4299,.F.);
#2629=ORIENTED_EDGE('',*,*,#4300,.T.);
#2630=ORIENTED_EDGE('',*,*,#4295,.T.);
#2631=ORIENTED_EDGE('',*,*,#4301,.F.);
#2632=ORIENTED_EDGE('',*,*,#4302,.F.);
#2633=ORIENTED_EDGE('',*,*,#4303,.T.);
#2634=ORIENTED_EDGE('',*,*,#4299,.T.);
#2635=ORIENTED_EDGE('',*,*,#4304,.F.);
#2636=ORIENTED_EDGE('',*,*,#4305,.F.);
#2637=ORIENTED_EDGE('',*,*,#4306,.T.);
#2638=ORIENTED_EDGE('',*,*,#4302,.T.);
#2639=ORIENTED_EDGE('',*,*,#4307,.F.);
#2640=ORIENTED_EDGE('',*,*,#4308,.F.);
#2641=ORIENTED_EDGE('',*,*,#4309,.T.);
#2642=ORIENTED_EDGE('',*,*,#4305,.T.);
#2643=ORIENTED_EDGE('',*,*,#4310,.F.);
#2644=ORIENTED_EDGE('',*,*,#4311,.F.);
#2645=ORIENTED_EDGE('',*,*,#4312,.T.);
#2646=ORIENTED_EDGE('',*,*,#4308,.T.);
#2647=ORIENTED_EDGE('',*,*,#4313,.F.);
#2648=ORIENTED_EDGE('',*,*,#4314,.F.);
#2649=ORIENTED_EDGE('',*,*,#4315,.T.);
#2650=ORIENTED_EDGE('',*,*,#4311,.T.);
#2651=ORIENTED_EDGE('',*,*,#4316,.F.);
#2652=ORIENTED_EDGE('',*,*,#4317,.F.);
#2653=ORIENTED_EDGE('',*,*,#4318,.T.);
#2654=ORIENTED_EDGE('',*,*,#4314,.T.);
#2655=ORIENTED_EDGE('',*,*,#3411,.F.);
#2656=ORIENTED_EDGE('',*,*,#4319,.F.);
#2657=ORIENTED_EDGE('',*,*,#4320,.T.);
#2658=ORIENTED_EDGE('',*,*,#4321,.T.);
#2659=ORIENTED_EDGE('',*,*,#3424,.F.);
#2660=ORIENTED_EDGE('',*,*,#4322,.F.);
#2661=ORIENTED_EDGE('',*,*,#4323,.T.);
#2662=ORIENTED_EDGE('',*,*,#4319,.T.);
#2663=ORIENTED_EDGE('',*,*,#3423,.F.);
#2664=ORIENTED_EDGE('',*,*,#4324,.F.);
#2665=ORIENTED_EDGE('',*,*,#4325,.T.);
#2666=ORIENTED_EDGE('',*,*,#4322,.T.);
#2667=ORIENTED_EDGE('',*,*,#3422,.F.);
#2668=ORIENTED_EDGE('',*,*,#4326,.F.);
#2669=ORIENTED_EDGE('',*,*,#4327,.T.);
#2670=ORIENTED_EDGE('',*,*,#4324,.T.);
#2671=ORIENTED_EDGE('',*,*,#3421,.F.);
#2672=ORIENTED_EDGE('',*,*,#4328,.F.);
#2673=ORIENTED_EDGE('',*,*,#4329,.T.);
#2674=ORIENTED_EDGE('',*,*,#4326,.T.);
#2675=ORIENTED_EDGE('',*,*,#3420,.F.);
#2676=ORIENTED_EDGE('',*,*,#4330,.F.);
#2677=ORIENTED_EDGE('',*,*,#4331,.T.);
#2678=ORIENTED_EDGE('',*,*,#4328,.T.);
#2679=ORIENTED_EDGE('',*,*,#3419,.F.);
#2680=ORIENTED_EDGE('',*,*,#4332,.F.);
#2681=ORIENTED_EDGE('',*,*,#4333,.T.);
#2682=ORIENTED_EDGE('',*,*,#4330,.T.);
#2683=ORIENTED_EDGE('',*,*,#3418,.F.);
#2684=ORIENTED_EDGE('',*,*,#4334,.F.);
#2685=ORIENTED_EDGE('',*,*,#4335,.T.);
#2686=ORIENTED_EDGE('',*,*,#4332,.T.);
#2687=ORIENTED_EDGE('',*,*,#3417,.F.);
#2688=ORIENTED_EDGE('',*,*,#4336,.F.);
#2689=ORIENTED_EDGE('',*,*,#4337,.T.);
#2690=ORIENTED_EDGE('',*,*,#4334,.T.);
#2691=ORIENTED_EDGE('',*,*,#3416,.F.);
#2692=ORIENTED_EDGE('',*,*,#4338,.F.);
#2693=ORIENTED_EDGE('',*,*,#4339,.T.);
#2694=ORIENTED_EDGE('',*,*,#4336,.T.);
#2695=ORIENTED_EDGE('',*,*,#3415,.F.);
#2696=ORIENTED_EDGE('',*,*,#4340,.F.);
#2697=ORIENTED_EDGE('',*,*,#4341,.T.);
#2698=ORIENTED_EDGE('',*,*,#4338,.T.);
#2699=ORIENTED_EDGE('',*,*,#3414,.F.);
#2700=ORIENTED_EDGE('',*,*,#4342,.F.);
#2701=ORIENTED_EDGE('',*,*,#4343,.T.);
#2702=ORIENTED_EDGE('',*,*,#4340,.T.);
#2703=ORIENTED_EDGE('',*,*,#3413,.F.);
#2704=ORIENTED_EDGE('',*,*,#4344,.F.);
#2705=ORIENTED_EDGE('',*,*,#4345,.T.);
#2706=ORIENTED_EDGE('',*,*,#4342,.T.);
#2707=ORIENTED_EDGE('',*,*,#3412,.F.);
#2708=ORIENTED_EDGE('',*,*,#4321,.F.);
#2709=ORIENTED_EDGE('',*,*,#4346,.T.);
#2710=ORIENTED_EDGE('',*,*,#4344,.T.);
#2711=ORIENTED_EDGE('',*,*,#4347,.F.);
#2712=ORIENTED_EDGE('',*,*,#4297,.F.);
#2713=ORIENTED_EDGE('',*,*,#4348,.T.);
#2714=ORIENTED_EDGE('',*,*,#4317,.T.);
#2715=ORIENTED_EDGE('',*,*,#4320,.F.);
#2716=ORIENTED_EDGE('',*,*,#4323,.F.);
#2717=ORIENTED_EDGE('',*,*,#4325,.F.);
#2718=ORIENTED_EDGE('',*,*,#4327,.F.);
#2719=ORIENTED_EDGE('',*,*,#4329,.F.);
#2720=ORIENTED_EDGE('',*,*,#4331,.F.);
#2721=ORIENTED_EDGE('',*,*,#4333,.F.);
#2722=ORIENTED_EDGE('',*,*,#4335,.F.);
#2723=ORIENTED_EDGE('',*,*,#4337,.F.);
#2724=ORIENTED_EDGE('',*,*,#4339,.F.);
#2725=ORIENTED_EDGE('',*,*,#4341,.F.);
#2726=ORIENTED_EDGE('',*,*,#4343,.F.);
#2727=ORIENTED_EDGE('',*,*,#4345,.F.);
#2728=ORIENTED_EDGE('',*,*,#4346,.F.);
#2729=ORIENTED_EDGE('',*,*,#4296,.F.);
#2730=ORIENTED_EDGE('',*,*,#4300,.F.);
#2731=ORIENTED_EDGE('',*,*,#4303,.F.);
#2732=ORIENTED_EDGE('',*,*,#4306,.F.);
#2733=ORIENTED_EDGE('',*,*,#4309,.F.);
#2734=ORIENTED_EDGE('',*,*,#4312,.F.);
#2735=ORIENTED_EDGE('',*,*,#4315,.F.);
#2736=ORIENTED_EDGE('',*,*,#4318,.F.);
#2737=ORIENTED_EDGE('',*,*,#4348,.F.);
#2738=ORIENTED_EDGE('',*,*,#4294,.T.);
#2739=ORIENTED_EDGE('',*,*,#4347,.T.);
#2740=ORIENTED_EDGE('',*,*,#4316,.T.);
#2741=ORIENTED_EDGE('',*,*,#4313,.T.);
#2742=ORIENTED_EDGE('',*,*,#4310,.T.);
#2743=ORIENTED_EDGE('',*,*,#4307,.T.);
#2744=ORIENTED_EDGE('',*,*,#4304,.T.);
#2745=ORIENTED_EDGE('',*,*,#4301,.T.);
#2746=ORIENTED_EDGE('',*,*,#4298,.T.);
#2747=ORIENTED_EDGE('',*,*,#3396,.F.);
#2748=ORIENTED_EDGE('',*,*,#4349,.F.);
#2749=ORIENTED_EDGE('',*,*,#4350,.T.);
#2750=ORIENTED_EDGE('',*,*,#4351,.T.);
#2751=ORIENTED_EDGE('',*,*,#3410,.F.);
#2752=ORIENTED_EDGE('',*,*,#4352,.F.);
#2753=ORIENTED_EDGE('',*,*,#4353,.T.);
#2754=ORIENTED_EDGE('',*,*,#4349,.T.);
#2755=ORIENTED_EDGE('',*,*,#3409,.F.);
#2756=ORIENTED_EDGE('',*,*,#4354,.F.);
#2757=ORIENTED_EDGE('',*,*,#4355,.T.);
#2758=ORIENTED_EDGE('',*,*,#4352,.T.);
#2759=ORIENTED_EDGE('',*,*,#3408,.F.);
#2760=ORIENTED_EDGE('',*,*,#4356,.F.);
#2761=ORIENTED_EDGE('',*,*,#4357,.T.);
#2762=ORIENTED_EDGE('',*,*,#4354,.T.);
#2763=ORIENTED_EDGE('',*,*,#3407,.F.);
#2764=ORIENTED_EDGE('',*,*,#4358,.F.);
#2765=ORIENTED_EDGE('',*,*,#4359,.T.);
#2766=ORIENTED_EDGE('',*,*,#4356,.T.);
#2767=ORIENTED_EDGE('',*,*,#3406,.F.);
#2768=ORIENTED_EDGE('',*,*,#4360,.F.);
#2769=ORIENTED_EDGE('',*,*,#4361,.T.);
#2770=ORIENTED_EDGE('',*,*,#4358,.T.);
#2771=ORIENTED_EDGE('',*,*,#3405,.F.);
#2772=ORIENTED_EDGE('',*,*,#4362,.F.);
#2773=ORIENTED_EDGE('',*,*,#4363,.T.);
#2774=ORIENTED_EDGE('',*,*,#4360,.T.);
#2775=ORIENTED_EDGE('',*,*,#3404,.F.);
#2776=ORIENTED_EDGE('',*,*,#4364,.F.);
#2777=ORIENTED_EDGE('',*,*,#4365,.T.);
#2778=ORIENTED_EDGE('',*,*,#4362,.T.);
#2779=ORIENTED_EDGE('',*,*,#3403,.F.);
#2780=ORIENTED_EDGE('',*,*,#4366,.F.);
#2781=ORIENTED_EDGE('',*,*,#4367,.T.);
#2782=ORIENTED_EDGE('',*,*,#4364,.T.);
#2783=ORIENTED_EDGE('',*,*,#3402,.F.);
#2784=ORIENTED_EDGE('',*,*,#4368,.F.);
#2785=ORIENTED_EDGE('',*,*,#4369,.T.);
#2786=ORIENTED_EDGE('',*,*,#4366,.T.);
#2787=ORIENTED_EDGE('',*,*,#3401,.F.);
#2788=ORIENTED_EDGE('',*,*,#4370,.F.);
#2789=ORIENTED_EDGE('',*,*,#4371,.T.);
#2790=ORIENTED_EDGE('',*,*,#4368,.T.);
#2791=ORIENTED_EDGE('',*,*,#3400,.F.);
#2792=ORIENTED_EDGE('',*,*,#4372,.F.);
#2793=ORIENTED_EDGE('',*,*,#4373,.T.);
#2794=ORIENTED_EDGE('',*,*,#4370,.T.);
#2795=ORIENTED_EDGE('',*,*,#3399,.F.);
#2796=ORIENTED_EDGE('',*,*,#4374,.F.);
#2797=ORIENTED_EDGE('',*,*,#4375,.T.);
#2798=ORIENTED_EDGE('',*,*,#4372,.T.);
#2799=ORIENTED_EDGE('',*,*,#3398,.F.);
#2800=ORIENTED_EDGE('',*,*,#4376,.F.);
#2801=ORIENTED_EDGE('',*,*,#4377,.T.);
#2802=ORIENTED_EDGE('',*,*,#4374,.T.);
#2803=ORIENTED_EDGE('',*,*,#4378,.F.);
#2804=ORIENTED_EDGE('',*,*,#4379,.F.);
#2805=ORIENTED_EDGE('',*,*,#4380,.T.);
#2806=ORIENTED_EDGE('',*,*,#4381,.T.);
#2807=ORIENTED_EDGE('',*,*,#4382,.F.);
#2808=ORIENTED_EDGE('',*,*,#4383,.F.);
#2809=ORIENTED_EDGE('',*,*,#4384,.T.);
#2810=ORIENTED_EDGE('',*,*,#4379,.T.);
#2811=ORIENTED_EDGE('',*,*,#4385,.F.);
#2812=ORIENTED_EDGE('',*,*,#4386,.F.);
#2813=ORIENTED_EDGE('',*,*,#4387,.T.);
#2814=ORIENTED_EDGE('',*,*,#4383,.T.);
#2815=ORIENTED_EDGE('',*,*,#4388,.F.);
#2816=ORIENTED_EDGE('',*,*,#4389,.F.);
#2817=ORIENTED_EDGE('',*,*,#4390,.T.);
#2818=ORIENTED_EDGE('',*,*,#4386,.T.);
#2819=ORIENTED_EDGE('',*,*,#4391,.F.);
#2820=ORIENTED_EDGE('',*,*,#4381,.F.);
#2821=ORIENTED_EDGE('',*,*,#4392,.T.);
#2822=ORIENTED_EDGE('',*,*,#4389,.T.);
#2823=ORIENTED_EDGE('',*,*,#3397,.F.);
#2824=ORIENTED_EDGE('',*,*,#4351,.F.);
#2825=ORIENTED_EDGE('',*,*,#4393,.T.);
#2826=ORIENTED_EDGE('',*,*,#4376,.T.);
#2827=ORIENTED_EDGE('',*,*,#4380,.F.);
#2828=ORIENTED_EDGE('',*,*,#4384,.F.);
#2829=ORIENTED_EDGE('',*,*,#4387,.F.);
#2830=ORIENTED_EDGE('',*,*,#4390,.F.);
#2831=ORIENTED_EDGE('',*,*,#4392,.F.);
#2832=ORIENTED_EDGE('',*,*,#4350,.F.);
#2833=ORIENTED_EDGE('',*,*,#4353,.F.);
#2834=ORIENTED_EDGE('',*,*,#4355,.F.);
#2835=ORIENTED_EDGE('',*,*,#4357,.F.);
#2836=ORIENTED_EDGE('',*,*,#4359,.F.);
#2837=ORIENTED_EDGE('',*,*,#4361,.F.);
#2838=ORIENTED_EDGE('',*,*,#4363,.F.);
#2839=ORIENTED_EDGE('',*,*,#4365,.F.);
#2840=ORIENTED_EDGE('',*,*,#4367,.F.);
#2841=ORIENTED_EDGE('',*,*,#4369,.F.);
#2842=ORIENTED_EDGE('',*,*,#4371,.F.);
#2843=ORIENTED_EDGE('',*,*,#4373,.F.);
#2844=ORIENTED_EDGE('',*,*,#4375,.F.);
#2845=ORIENTED_EDGE('',*,*,#4377,.F.);
#2846=ORIENTED_EDGE('',*,*,#4393,.F.);
#2847=ORIENTED_EDGE('',*,*,#4378,.T.);
#2848=ORIENTED_EDGE('',*,*,#4391,.T.);
#2849=ORIENTED_EDGE('',*,*,#4388,.T.);
#2850=ORIENTED_EDGE('',*,*,#4385,.T.);
#2851=ORIENTED_EDGE('',*,*,#4382,.T.);
#2852=ORIENTED_EDGE('',*,*,#3379,.F.);
#2853=ORIENTED_EDGE('',*,*,#4394,.F.);
#2854=ORIENTED_EDGE('',*,*,#4395,.T.);
#2855=ORIENTED_EDGE('',*,*,#4396,.T.);
#2856=ORIENTED_EDGE('',*,*,#3395,.F.);
#2857=ORIENTED_EDGE('',*,*,#4397,.F.);
#2858=ORIENTED_EDGE('',*,*,#4398,.T.);
#2859=ORIENTED_EDGE('',*,*,#4394,.T.);
#2860=ORIENTED_EDGE('',*,*,#3394,.F.);
#2861=ORIENTED_EDGE('',*,*,#4399,.F.);
#2862=ORIENTED_EDGE('',*,*,#4400,.T.);
#2863=ORIENTED_EDGE('',*,*,#4397,.T.);
#2864=ORIENTED_EDGE('',*,*,#3393,.F.);
#2865=ORIENTED_EDGE('',*,*,#4401,.F.);
#2866=ORIENTED_EDGE('',*,*,#4402,.T.);
#2867=ORIENTED_EDGE('',*,*,#4399,.T.);
#2868=ORIENTED_EDGE('',*,*,#3392,.F.);
#2869=ORIENTED_EDGE('',*,*,#4403,.F.);
#2870=ORIENTED_EDGE('',*,*,#4404,.T.);
#2871=ORIENTED_EDGE('',*,*,#4401,.T.);
#2872=ORIENTED_EDGE('',*,*,#3391,.F.);
#2873=ORIENTED_EDGE('',*,*,#4405,.F.);
#2874=ORIENTED_EDGE('',*,*,#4406,.T.);
#2875=ORIENTED_EDGE('',*,*,#4403,.T.);
#2876=ORIENTED_EDGE('',*,*,#3390,.F.);
#2877=ORIENTED_EDGE('',*,*,#4407,.F.);
#2878=ORIENTED_EDGE('',*,*,#4408,.T.);
#2879=ORIENTED_EDGE('',*,*,#4405,.T.);
#2880=ORIENTED_EDGE('',*,*,#3389,.F.);
#2881=ORIENTED_EDGE('',*,*,#4409,.F.);
#2882=ORIENTED_EDGE('',*,*,#4410,.T.);
#2883=ORIENTED_EDGE('',*,*,#4407,.T.);
#2884=ORIENTED_EDGE('',*,*,#3388,.F.);
#2885=ORIENTED_EDGE('',*,*,#4411,.F.);
#2886=ORIENTED_EDGE('',*,*,#4412,.T.);
#2887=ORIENTED_EDGE('',*,*,#4409,.T.);
#2888=ORIENTED_EDGE('',*,*,#3387,.F.);
#2889=ORIENTED_EDGE('',*,*,#4413,.F.);
#2890=ORIENTED_EDGE('',*,*,#4414,.T.);
#2891=ORIENTED_EDGE('',*,*,#4411,.T.);
#2892=ORIENTED_EDGE('',*,*,#3386,.F.);
#2893=ORIENTED_EDGE('',*,*,#4415,.F.);
#2894=ORIENTED_EDGE('',*,*,#4416,.T.);
#2895=ORIENTED_EDGE('',*,*,#4413,.T.);
#2896=ORIENTED_EDGE('',*,*,#3385,.F.);
#2897=ORIENTED_EDGE('',*,*,#4417,.F.);
#2898=ORIENTED_EDGE('',*,*,#4418,.T.);
#2899=ORIENTED_EDGE('',*,*,#4415,.T.);
#2900=ORIENTED_EDGE('',*,*,#3384,.F.);
#2901=ORIENTED_EDGE('',*,*,#4419,.F.);
#2902=ORIENTED_EDGE('',*,*,#4420,.T.);
#2903=ORIENTED_EDGE('',*,*,#4417,.T.);
#2904=ORIENTED_EDGE('',*,*,#3383,.F.);
#2905=ORIENTED_EDGE('',*,*,#4421,.F.);
#2906=ORIENTED_EDGE('',*,*,#4422,.T.);
#2907=ORIENTED_EDGE('',*,*,#4419,.T.);
#2908=ORIENTED_EDGE('',*,*,#3382,.F.);
#2909=ORIENTED_EDGE('',*,*,#4423,.F.);
#2910=ORIENTED_EDGE('',*,*,#4424,.T.);
#2911=ORIENTED_EDGE('',*,*,#4421,.T.);
#2912=ORIENTED_EDGE('',*,*,#3381,.F.);
#2913=ORIENTED_EDGE('',*,*,#4425,.F.);
#2914=ORIENTED_EDGE('',*,*,#4426,.T.);
#2915=ORIENTED_EDGE('',*,*,#4423,.T.);
#2916=ORIENTED_EDGE('',*,*,#3380,.F.);
#2917=ORIENTED_EDGE('',*,*,#4396,.F.);
#2918=ORIENTED_EDGE('',*,*,#4427,.T.);
#2919=ORIENTED_EDGE('',*,*,#4425,.T.);
#2920=ORIENTED_EDGE('',*,*,#4395,.F.);
#2921=ORIENTED_EDGE('',*,*,#4398,.F.);
#2922=ORIENTED_EDGE('',*,*,#4400,.F.);
#2923=ORIENTED_EDGE('',*,*,#4402,.F.);
#2924=ORIENTED_EDGE('',*,*,#4404,.F.);
#2925=ORIENTED_EDGE('',*,*,#4406,.F.);
#2926=ORIENTED_EDGE('',*,*,#4408,.F.);
#2927=ORIENTED_EDGE('',*,*,#4410,.F.);
#2928=ORIENTED_EDGE('',*,*,#4412,.F.);
#2929=ORIENTED_EDGE('',*,*,#4414,.F.);
#2930=ORIENTED_EDGE('',*,*,#4416,.F.);
#2931=ORIENTED_EDGE('',*,*,#4418,.F.);
#2932=ORIENTED_EDGE('',*,*,#4420,.F.);
#2933=ORIENTED_EDGE('',*,*,#4422,.F.);
#2934=ORIENTED_EDGE('',*,*,#4424,.F.);
#2935=ORIENTED_EDGE('',*,*,#4426,.F.);
#2936=ORIENTED_EDGE('',*,*,#4427,.F.);
#2937=ORIENTED_EDGE('',*,*,#3360,.F.);
#2938=ORIENTED_EDGE('',*,*,#4428,.F.);
#2939=ORIENTED_EDGE('',*,*,#4429,.T.);
#2940=ORIENTED_EDGE('',*,*,#4430,.T.);
#2941=ORIENTED_EDGE('',*,*,#3378,.F.);
#2942=ORIENTED_EDGE('',*,*,#4431,.F.);
#2943=ORIENTED_EDGE('',*,*,#4432,.T.);
#2944=ORIENTED_EDGE('',*,*,#4428,.T.);
#2945=ORIENTED_EDGE('',*,*,#3377,.F.);
#2946=ORIENTED_EDGE('',*,*,#4433,.F.);
#2947=ORIENTED_EDGE('',*,*,#4434,.T.);
#2948=ORIENTED_EDGE('',*,*,#4431,.T.);
#2949=ORIENTED_EDGE('',*,*,#3376,.F.);
#2950=ORIENTED_EDGE('',*,*,#4435,.F.);
#2951=ORIENTED_EDGE('',*,*,#4436,.T.);
#2952=ORIENTED_EDGE('',*,*,#4433,.T.);
#2953=ORIENTED_EDGE('',*,*,#3375,.F.);
#2954=ORIENTED_EDGE('',*,*,#4437,.F.);
#2955=ORIENTED_EDGE('',*,*,#4438,.T.);
#2956=ORIENTED_EDGE('',*,*,#4435,.T.);
#2957=ORIENTED_EDGE('',*,*,#3374,.F.);
#2958=ORIENTED_EDGE('',*,*,#4439,.F.);
#2959=ORIENTED_EDGE('',*,*,#4440,.T.);
#2960=ORIENTED_EDGE('',*,*,#4437,.T.);
#2961=ORIENTED_EDGE('',*,*,#3373,.F.);
#2962=ORIENTED_EDGE('',*,*,#4441,.F.);
#2963=ORIENTED_EDGE('',*,*,#4442,.T.);
#2964=ORIENTED_EDGE('',*,*,#4439,.T.);
#2965=ORIENTED_EDGE('',*,*,#3372,.F.);
#2966=ORIENTED_EDGE('',*,*,#4443,.F.);
#2967=ORIENTED_EDGE('',*,*,#4444,.T.);
#2968=ORIENTED_EDGE('',*,*,#4441,.T.);
#2969=ORIENTED_EDGE('',*,*,#3371,.F.);
#2970=ORIENTED_EDGE('',*,*,#4445,.F.);
#2971=ORIENTED_EDGE('',*,*,#4446,.T.);
#2972=ORIENTED_EDGE('',*,*,#4443,.T.);
#2973=ORIENTED_EDGE('',*,*,#3370,.F.);
#2974=ORIENTED_EDGE('',*,*,#4447,.F.);
#2975=ORIENTED_EDGE('',*,*,#4448,.T.);
#2976=ORIENTED_EDGE('',*,*,#4445,.T.);
#2977=ORIENTED_EDGE('',*,*,#3369,.F.);
#2978=ORIENTED_EDGE('',*,*,#4449,.F.);
#2979=ORIENTED_EDGE('',*,*,#4450,.T.);
#2980=ORIENTED_EDGE('',*,*,#4447,.T.);
#2981=ORIENTED_EDGE('',*,*,#3368,.F.);
#2982=ORIENTED_EDGE('',*,*,#4451,.F.);
#2983=ORIENTED_EDGE('',*,*,#4452,.T.);
#2984=ORIENTED_EDGE('',*,*,#4449,.T.);
#2985=ORIENTED_EDGE('',*,*,#3367,.F.);
#2986=ORIENTED_EDGE('',*,*,#4453,.F.);
#2987=ORIENTED_EDGE('',*,*,#4454,.T.);
#2988=ORIENTED_EDGE('',*,*,#4451,.T.);
#2989=ORIENTED_EDGE('',*,*,#3366,.F.);
#2990=ORIENTED_EDGE('',*,*,#4455,.F.);
#2991=ORIENTED_EDGE('',*,*,#4456,.T.);
#2992=ORIENTED_EDGE('',*,*,#4453,.T.);
#2993=ORIENTED_EDGE('',*,*,#3365,.F.);
#2994=ORIENTED_EDGE('',*,*,#4457,.F.);
#2995=ORIENTED_EDGE('',*,*,#4458,.T.);
#2996=ORIENTED_EDGE('',*,*,#4455,.T.);
#2997=ORIENTED_EDGE('',*,*,#3364,.F.);
#2998=ORIENTED_EDGE('',*,*,#4459,.F.);
#2999=ORIENTED_EDGE('',*,*,#4460,.T.);
#3000=ORIENTED_EDGE('',*,*,#4457,.T.);
#3001=ORIENTED_EDGE('',*,*,#3363,.F.);
#3002=ORIENTED_EDGE('',*,*,#4461,.F.);
#3003=ORIENTED_EDGE('',*,*,#4462,.T.);
#3004=ORIENTED_EDGE('',*,*,#4459,.T.);
#3005=ORIENTED_EDGE('',*,*,#3362,.F.);
#3006=ORIENTED_EDGE('',*,*,#4463,.F.);
#3007=ORIENTED_EDGE('',*,*,#4464,.T.);
#3008=ORIENTED_EDGE('',*,*,#4461,.T.);
#3009=ORIENTED_EDGE('',*,*,#3361,.F.);
#3010=ORIENTED_EDGE('',*,*,#4430,.F.);
#3011=ORIENTED_EDGE('',*,*,#4465,.T.);
#3012=ORIENTED_EDGE('',*,*,#4463,.T.);
#3013=ORIENTED_EDGE('',*,*,#4429,.F.);
#3014=ORIENTED_EDGE('',*,*,#4432,.F.);
#3015=ORIENTED_EDGE('',*,*,#4434,.F.);
#3016=ORIENTED_EDGE('',*,*,#4436,.F.);
#3017=ORIENTED_EDGE('',*,*,#4438,.F.);
#3018=ORIENTED_EDGE('',*,*,#4440,.F.);
#3019=ORIENTED_EDGE('',*,*,#4442,.F.);
#3020=ORIENTED_EDGE('',*,*,#4444,.F.);
#3021=ORIENTED_EDGE('',*,*,#4446,.F.);
#3022=ORIENTED_EDGE('',*,*,#4448,.F.);
#3023=ORIENTED_EDGE('',*,*,#4450,.F.);
#3024=ORIENTED_EDGE('',*,*,#4452,.F.);
#3025=ORIENTED_EDGE('',*,*,#4454,.F.);
#3026=ORIENTED_EDGE('',*,*,#4456,.F.);
#3027=ORIENTED_EDGE('',*,*,#4458,.F.);
#3028=ORIENTED_EDGE('',*,*,#4460,.F.);
#3029=ORIENTED_EDGE('',*,*,#4462,.F.);
#3030=ORIENTED_EDGE('',*,*,#4464,.F.);
#3031=ORIENTED_EDGE('',*,*,#4465,.F.);
#3032=ORIENTED_EDGE('',*,*,#4466,.F.);
#3033=ORIENTED_EDGE('',*,*,#4467,.F.);
#3034=ORIENTED_EDGE('',*,*,#4468,.T.);
#3035=ORIENTED_EDGE('',*,*,#4469,.T.);
#3036=ORIENTED_EDGE('',*,*,#4470,.F.);
#3037=ORIENTED_EDGE('',*,*,#4471,.F.);
#3038=ORIENTED_EDGE('',*,*,#4472,.T.);
#3039=ORIENTED_EDGE('',*,*,#4467,.T.);
#3040=ORIENTED_EDGE('',*,*,#4473,.F.);
#3041=ORIENTED_EDGE('',*,*,#4474,.F.);
#3042=ORIENTED_EDGE('',*,*,#4475,.T.);
#3043=ORIENTED_EDGE('',*,*,#4471,.T.);
#3044=ORIENTED_EDGE('',*,*,#4476,.F.);
#3045=ORIENTED_EDGE('',*,*,#4477,.F.);
#3046=ORIENTED_EDGE('',*,*,#4478,.T.);
#3047=ORIENTED_EDGE('',*,*,#4474,.T.);
#3048=ORIENTED_EDGE('',*,*,#4479,.F.);
#3049=ORIENTED_EDGE('',*,*,#4480,.F.);
#3050=ORIENTED_EDGE('',*,*,#4481,.T.);
#3051=ORIENTED_EDGE('',*,*,#4477,.T.);
#3052=ORIENTED_EDGE('',*,*,#4482,.F.);
#3053=ORIENTED_EDGE('',*,*,#4483,.F.);
#3054=ORIENTED_EDGE('',*,*,#4484,.T.);
#3055=ORIENTED_EDGE('',*,*,#4480,.T.);
#3056=ORIENTED_EDGE('',*,*,#3342,.F.);
#3057=ORIENTED_EDGE('',*,*,#4485,.F.);
#3058=ORIENTED_EDGE('',*,*,#4486,.T.);
#3059=ORIENTED_EDGE('',*,*,#4487,.T.);
#3060=ORIENTED_EDGE('',*,*,#3359,.F.);
#3061=ORIENTED_EDGE('',*,*,#4488,.F.);
#3062=ORIENTED_EDGE('',*,*,#4489,.T.);
#3063=ORIENTED_EDGE('',*,*,#4485,.T.);
#3064=ORIENTED_EDGE('',*,*,#3358,.F.);
#3065=ORIENTED_EDGE('',*,*,#4490,.F.);
#3066=ORIENTED_EDGE('',*,*,#4491,.T.);
#3067=ORIENTED_EDGE('',*,*,#4488,.T.);
#3068=ORIENTED_EDGE('',*,*,#3357,.F.);
#3069=ORIENTED_EDGE('',*,*,#4492,.F.);
#3070=ORIENTED_EDGE('',*,*,#4493,.T.);
#3071=ORIENTED_EDGE('',*,*,#4490,.T.);
#3072=ORIENTED_EDGE('',*,*,#3356,.F.);
#3073=ORIENTED_EDGE('',*,*,#4494,.F.);
#3074=ORIENTED_EDGE('',*,*,#4495,.T.);
#3075=ORIENTED_EDGE('',*,*,#4492,.T.);
#3076=ORIENTED_EDGE('',*,*,#3355,.F.);
#3077=ORIENTED_EDGE('',*,*,#4496,.F.);
#3078=ORIENTED_EDGE('',*,*,#4497,.T.);
#3079=ORIENTED_EDGE('',*,*,#4494,.T.);
#3080=ORIENTED_EDGE('',*,*,#3354,.F.);
#3081=ORIENTED_EDGE('',*,*,#4498,.F.);
#3082=ORIENTED_EDGE('',*,*,#4499,.T.);
#3083=ORIENTED_EDGE('',*,*,#4496,.T.);
#3084=ORIENTED_EDGE('',*,*,#3353,.F.);
#3085=ORIENTED_EDGE('',*,*,#4500,.F.);
#3086=ORIENTED_EDGE('',*,*,#4501,.T.);
#3087=ORIENTED_EDGE('',*,*,#4498,.T.);
#3088=ORIENTED_EDGE('',*,*,#3352,.F.);
#3089=ORIENTED_EDGE('',*,*,#4502,.F.);
#3090=ORIENTED_EDGE('',*,*,#4503,.T.);
#3091=ORIENTED_EDGE('',*,*,#4500,.T.);
#3092=ORIENTED_EDGE('',*,*,#3351,.F.);
#3093=ORIENTED_EDGE('',*,*,#4504,.F.);
#3094=ORIENTED_EDGE('',*,*,#4505,.T.);
#3095=ORIENTED_EDGE('',*,*,#4502,.T.);
#3096=ORIENTED_EDGE('',*,*,#3350,.F.);
#3097=ORIENTED_EDGE('',*,*,#4506,.F.);
#3098=ORIENTED_EDGE('',*,*,#4507,.T.);
#3099=ORIENTED_EDGE('',*,*,#4504,.T.);
#3100=ORIENTED_EDGE('',*,*,#3349,.F.);
#3101=ORIENTED_EDGE('',*,*,#4508,.F.);
#3102=ORIENTED_EDGE('',*,*,#4509,.T.);
#3103=ORIENTED_EDGE('',*,*,#4506,.T.);
#3104=ORIENTED_EDGE('',*,*,#3348,.F.);
#3105=ORIENTED_EDGE('',*,*,#4510,.F.);
#3106=ORIENTED_EDGE('',*,*,#4511,.T.);
#3107=ORIENTED_EDGE('',*,*,#4508,.T.);
#3108=ORIENTED_EDGE('',*,*,#3347,.F.);
#3109=ORIENTED_EDGE('',*,*,#4512,.F.);
#3110=ORIENTED_EDGE('',*,*,#4513,.T.);
#3111=ORIENTED_EDGE('',*,*,#4510,.T.);
#3112=ORIENTED_EDGE('',*,*,#3346,.F.);
#3113=ORIENTED_EDGE('',*,*,#4514,.F.);
#3114=ORIENTED_EDGE('',*,*,#4515,.T.);
#3115=ORIENTED_EDGE('',*,*,#4512,.T.);
#3116=ORIENTED_EDGE('',*,*,#3345,.F.);
#3117=ORIENTED_EDGE('',*,*,#4516,.F.);
#3118=ORIENTED_EDGE('',*,*,#4517,.T.);
#3119=ORIENTED_EDGE('',*,*,#4514,.T.);
#3120=ORIENTED_EDGE('',*,*,#3344,.F.);
#3121=ORIENTED_EDGE('',*,*,#4518,.F.);
#3122=ORIENTED_EDGE('',*,*,#4519,.T.);
#3123=ORIENTED_EDGE('',*,*,#4516,.T.);
#3124=ORIENTED_EDGE('',*,*,#3343,.F.);
#3125=ORIENTED_EDGE('',*,*,#4487,.F.);
#3126=ORIENTED_EDGE('',*,*,#4520,.T.);
#3127=ORIENTED_EDGE('',*,*,#4518,.T.);
#3128=ORIENTED_EDGE('',*,*,#4521,.F.);
#3129=ORIENTED_EDGE('',*,*,#4469,.F.);
#3130=ORIENTED_EDGE('',*,*,#4522,.T.);
#3131=ORIENTED_EDGE('',*,*,#4483,.T.);
#3132=ORIENTED_EDGE('',*,*,#4486,.F.);
#3133=ORIENTED_EDGE('',*,*,#4489,.F.);
#3134=ORIENTED_EDGE('',*,*,#4491,.F.);
#3135=ORIENTED_EDGE('',*,*,#4493,.F.);
#3136=ORIENTED_EDGE('',*,*,#4495,.F.);
#3137=ORIENTED_EDGE('',*,*,#4497,.F.);
#3138=ORIENTED_EDGE('',*,*,#4499,.F.);
#3139=ORIENTED_EDGE('',*,*,#4501,.F.);
#3140=ORIENTED_EDGE('',*,*,#4503,.F.);
#3141=ORIENTED_EDGE('',*,*,#4505,.F.);
#3142=ORIENTED_EDGE('',*,*,#4507,.F.);
#3143=ORIENTED_EDGE('',*,*,#4509,.F.);
#3144=ORIENTED_EDGE('',*,*,#4511,.F.);
#3145=ORIENTED_EDGE('',*,*,#4513,.F.);
#3146=ORIENTED_EDGE('',*,*,#4515,.F.);
#3147=ORIENTED_EDGE('',*,*,#4517,.F.);
#3148=ORIENTED_EDGE('',*,*,#4519,.F.);
#3149=ORIENTED_EDGE('',*,*,#4520,.F.);
#3150=ORIENTED_EDGE('',*,*,#4468,.F.);
#3151=ORIENTED_EDGE('',*,*,#4472,.F.);
#3152=ORIENTED_EDGE('',*,*,#4475,.F.);
#3153=ORIENTED_EDGE('',*,*,#4478,.F.);
#3154=ORIENTED_EDGE('',*,*,#4481,.F.);
#3155=ORIENTED_EDGE('',*,*,#4484,.F.);
#3156=ORIENTED_EDGE('',*,*,#4522,.F.);
#3157=ORIENTED_EDGE('',*,*,#4466,.T.);
#3158=ORIENTED_EDGE('',*,*,#4521,.T.);
#3159=ORIENTED_EDGE('',*,*,#4482,.T.);
#3160=ORIENTED_EDGE('',*,*,#4479,.T.);
#3161=ORIENTED_EDGE('',*,*,#4476,.T.);
#3162=ORIENTED_EDGE('',*,*,#4473,.T.);
#3163=ORIENTED_EDGE('',*,*,#4470,.T.);
#3164=ORIENTED_EDGE('',*,*,#4523,.F.);
#3165=ORIENTED_EDGE('',*,*,#4524,.F.);
#3166=ORIENTED_EDGE('',*,*,#4525,.T.);
#3167=ORIENTED_EDGE('',*,*,#4526,.T.);
#3168=ORIENTED_EDGE('',*,*,#4527,.F.);
#3169=ORIENTED_EDGE('',*,*,#4528,.F.);
#3170=ORIENTED_EDGE('',*,*,#4529,.T.);
#3171=ORIENTED_EDGE('',*,*,#4524,.T.);
#3172=ORIENTED_EDGE('',*,*,#4530,.F.);
#3173=ORIENTED_EDGE('',*,*,#4531,.F.);
#3174=ORIENTED_EDGE('',*,*,#4532,.T.);
#3175=ORIENTED_EDGE('',*,*,#4528,.T.);
#3176=ORIENTED_EDGE('',*,*,#4533,.F.);
#3177=ORIENTED_EDGE('',*,*,#4534,.F.);
#3178=ORIENTED_EDGE('',*,*,#4535,.T.);
#3179=ORIENTED_EDGE('',*,*,#4531,.T.);
#3180=ORIENTED_EDGE('',*,*,#4536,.F.);
#3181=ORIENTED_EDGE('',*,*,#4537,.F.);
#3182=ORIENTED_EDGE('',*,*,#4538,.T.);
#3183=ORIENTED_EDGE('',*,*,#4534,.T.);
#3184=ORIENTED_EDGE('',*,*,#4539,.F.);
#3185=ORIENTED_EDGE('',*,*,#4540,.F.);
#3186=ORIENTED_EDGE('',*,*,#4541,.T.);
#3187=ORIENTED_EDGE('',*,*,#4537,.T.);
#3188=ORIENTED_EDGE('',*,*,#4542,.F.);
#3189=ORIENTED_EDGE('',*,*,#4543,.F.);
#3190=ORIENTED_EDGE('',*,*,#4544,.T.);
#3191=ORIENTED_EDGE('',*,*,#4540,.T.);
#3192=ORIENTED_EDGE('',*,*,#4545,.F.);
#3193=ORIENTED_EDGE('',*,*,#4546,.F.);
#3194=ORIENTED_EDGE('',*,*,#4547,.T.);
#3195=ORIENTED_EDGE('',*,*,#4543,.T.);
#3196=ORIENTED_EDGE('',*,*,#3328,.F.);
#3197=ORIENTED_EDGE('',*,*,#4548,.F.);
#3198=ORIENTED_EDGE('',*,*,#4549,.T.);
#3199=ORIENTED_EDGE('',*,*,#4550,.T.);
#3200=ORIENTED_EDGE('',*,*,#3341,.F.);
#3201=ORIENTED_EDGE('',*,*,#4551,.F.);
#3202=ORIENTED_EDGE('',*,*,#4552,.T.);
#3203=ORIENTED_EDGE('',*,*,#4548,.T.);
#3204=ORIENTED_EDGE('',*,*,#3340,.F.);
#3205=ORIENTED_EDGE('',*,*,#4553,.F.);
#3206=ORIENTED_EDGE('',*,*,#4554,.T.);
#3207=ORIENTED_EDGE('',*,*,#4551,.T.);
#3208=ORIENTED_EDGE('',*,*,#3339,.F.);
#3209=ORIENTED_EDGE('',*,*,#4555,.F.);
#3210=ORIENTED_EDGE('',*,*,#4556,.T.);
#3211=ORIENTED_EDGE('',*,*,#4553,.T.);
#3212=ORIENTED_EDGE('',*,*,#3338,.F.);
#3213=ORIENTED_EDGE('',*,*,#4557,.F.);
#3214=ORIENTED_EDGE('',*,*,#4558,.T.);
#3215=ORIENTED_EDGE('',*,*,#4555,.T.);
#3216=ORIENTED_EDGE('',*,*,#3337,.F.);
#3217=ORIENTED_EDGE('',*,*,#4559,.F.);
#3218=ORIENTED_EDGE('',*,*,#4560,.T.);
#3219=ORIENTED_EDGE('',*,*,#4557,.T.);
#3220=ORIENTED_EDGE('',*,*,#3336,.F.);
#3221=ORIENTED_EDGE('',*,*,#4561,.F.);
#3222=ORIENTED_EDGE('',*,*,#4562,.T.);
#3223=ORIENTED_EDGE('',*,*,#4559,.T.);
#3224=ORIENTED_EDGE('',*,*,#3335,.F.);
#3225=ORIENTED_EDGE('',*,*,#4563,.F.);
#3226=ORIENTED_EDGE('',*,*,#4564,.T.);
#3227=ORIENTED_EDGE('',*,*,#4561,.T.);
#3228=ORIENTED_EDGE('',*,*,#3334,.F.);
#3229=ORIENTED_EDGE('',*,*,#4565,.F.);
#3230=ORIENTED_EDGE('',*,*,#4566,.T.);
#3231=ORIENTED_EDGE('',*,*,#4563,.T.);
#3232=ORIENTED_EDGE('',*,*,#3333,.F.);
#3233=ORIENTED_EDGE('',*,*,#4567,.F.);
#3234=ORIENTED_EDGE('',*,*,#4568,.T.);
#3235=ORIENTED_EDGE('',*,*,#4565,.T.);
#3236=ORIENTED_EDGE('',*,*,#3332,.F.);
#3237=ORIENTED_EDGE('',*,*,#4569,.F.);
#3238=ORIENTED_EDGE('',*,*,#4570,.T.);
#3239=ORIENTED_EDGE('',*,*,#4567,.T.);
#3240=ORIENTED_EDGE('',*,*,#3331,.F.);
#3241=ORIENTED_EDGE('',*,*,#4571,.F.);
#3242=ORIENTED_EDGE('',*,*,#4572,.T.);
#3243=ORIENTED_EDGE('',*,*,#4569,.T.);
#3244=ORIENTED_EDGE('',*,*,#3330,.F.);
#3245=ORIENTED_EDGE('',*,*,#4573,.F.);
#3246=ORIENTED_EDGE('',*,*,#4574,.T.);
#3247=ORIENTED_EDGE('',*,*,#4571,.T.);
#3248=ORIENTED_EDGE('',*,*,#3329,.F.);
#3249=ORIENTED_EDGE('',*,*,#4550,.F.);
#3250=ORIENTED_EDGE('',*,*,#4575,.T.);
#3251=ORIENTED_EDGE('',*,*,#4573,.T.);
#3252=ORIENTED_EDGE('',*,*,#4576,.F.);
#3253=ORIENTED_EDGE('',*,*,#4526,.F.);
#3254=ORIENTED_EDGE('',*,*,#4577,.T.);
#3255=ORIENTED_EDGE('',*,*,#4546,.T.);
#3256=ORIENTED_EDGE('',*,*,#4549,.F.);
#3257=ORIENTED_EDGE('',*,*,#4552,.F.);
#3258=ORIENTED_EDGE('',*,*,#4554,.F.);
#3259=ORIENTED_EDGE('',*,*,#4556,.F.);
#3260=ORIENTED_EDGE('',*,*,#4558,.F.);
#3261=ORIENTED_EDGE('',*,*,#4560,.F.);
#3262=ORIENTED_EDGE('',*,*,#4562,.F.);
#3263=ORIENTED_EDGE('',*,*,#4564,.F.);
#3264=ORIENTED_EDGE('',*,*,#4566,.F.);
#3265=ORIENTED_EDGE('',*,*,#4568,.F.);
#3266=ORIENTED_EDGE('',*,*,#4570,.F.);
#3267=ORIENTED_EDGE('',*,*,#4572,.F.);
#3268=ORIENTED_EDGE('',*,*,#4574,.F.);
#3269=ORIENTED_EDGE('',*,*,#4575,.F.);
#3270=ORIENTED_EDGE('',*,*,#4525,.F.);
#3271=ORIENTED_EDGE('',*,*,#4529,.F.);
#3272=ORIENTED_EDGE('',*,*,#4532,.F.);
#3273=ORIENTED_EDGE('',*,*,#4535,.F.);
#3274=ORIENTED_EDGE('',*,*,#4538,.F.);
#3275=ORIENTED_EDGE('',*,*,#4541,.F.);
#3276=ORIENTED_EDGE('',*,*,#4544,.F.);
#3277=ORIENTED_EDGE('',*,*,#4547,.F.);
#3278=ORIENTED_EDGE('',*,*,#4577,.F.);
#3279=ORIENTED_EDGE('',*,*,#4523,.T.);
#3280=ORIENTED_EDGE('',*,*,#4576,.T.);
#3281=ORIENTED_EDGE('',*,*,#4545,.T.);
#3282=ORIENTED_EDGE('',*,*,#4542,.T.);
#3283=ORIENTED_EDGE('',*,*,#4539,.T.);
#3284=ORIENTED_EDGE('',*,*,#4536,.T.);
#3285=ORIENTED_EDGE('',*,*,#4533,.T.);
#3286=ORIENTED_EDGE('',*,*,#4530,.T.);
#3287=ORIENTED_EDGE('',*,*,#4527,.T.);
#3288=EDGE_CURVE('',#4578,#4579,#5438,.T.);
#3289=EDGE_CURVE('',#4578,#4580,#5439,.T.);
#3290=EDGE_CURVE('',#4580,#4581,#5440,.T.);
#3291=EDGE_CURVE('',#4581,#4582,#5441,.T.);
#3292=EDGE_CURVE('',#4583,#4582,#5442,.T.);
#3293=EDGE_CURVE('',#4583,#4584,#5443,.T.);
#3294=EDGE_CURVE('',#4584,#4585,#5444,.T.);
#3295=EDGE_CURVE('',#4586,#4585,#5445,.T.);
#3296=EDGE_CURVE('',#4587,#4586,#5446,.T.);
#3297=EDGE_CURVE('',#4587,#4588,#5447,.T.);
#3298=EDGE_CURVE('',#4588,#4589,#5448,.T.);
#3299=EDGE_CURVE('',#4589,#4579,#5449,.T.);
#3300=EDGE_CURVE('',#4578,#4590,#5450,.T.);
#3301=EDGE_CURVE('',#4591,#4590,#5451,.T.);
#3302=EDGE_CURVE('',#4588,#4591,#5452,.T.);
#3303=EDGE_CURVE('',#4587,#4592,#5453,.T.);
#3304=EDGE_CURVE('',#4592,#4593,#5454,.T.);
#3305=EDGE_CURVE('',#4584,#4593,#5455,.T.);
#3306=EDGE_CURVE('',#4583,#4594,#5456,.T.);
#3307=EDGE_CURVE('',#4595,#4594,#5457,.T.);
#3308=EDGE_CURVE('',#4580,#4595,#5458,.T.);
#3309=EDGE_CURVE('',#4585,#4596,#5459,.T.);
#3310=EDGE_CURVE('',#4597,#4596,#5460,.T.);
#3311=EDGE_CURVE('',#4586,#4597,#5461,.T.);
#3312=EDGE_CURVE('',#4592,#4597,#5462,.T.);
#3313=EDGE_CURVE('',#4590,#4598,#5463,.T.);
#3314=EDGE_CURVE('',#4599,#4598,#5464,.T.);
#3315=EDGE_CURVE('',#4591,#4599,#5465,.T.);
#3316=EDGE_CURVE('',#4579,#4598,#5466,.T.);
#3317=EDGE_CURVE('',#4589,#4599,#5467,.T.);
#3318=EDGE_CURVE('',#4600,#4601,#5468,.T.);
#3319=EDGE_CURVE('',#4600,#4602,#5469,.T.);
#3320=EDGE_CURVE('',#4602,#4603,#5470,.T.);
#3321=EDGE_CURVE('',#4601,#4603,#5471,.T.);
#3322=EDGE_CURVE('',#4593,#4596,#5472,.T.);
#3323=EDGE_CURVE('',#4595,#4604,#5473,.T.);
#3324=EDGE_CURVE('',#4581,#4604,#5474,.T.);
#3325=EDGE_CURVE('',#4594,#4605,#5475,.T.);
#3326=EDGE_CURVE('',#4582,#4605,#5476,.T.);
#3327=EDGE_CURVE('',#4604,#4605,#5477,.T.);
#3328=EDGE_CURVE('',#4606,#4607,#316,.T.);
#3329=EDGE_CURVE('',#4607,#4608,#317,.T.);
#3330=EDGE_CURVE('',#4608,#4609,#318,.T.);
#3331=EDGE_CURVE('',#4609,#4610,#319,.T.);
#3332=EDGE_CURVE('',#4610,#4611,#320,.T.);
#3333=EDGE_CURVE('',#4611,#4612,#5478,.T.);
#3334=EDGE_CURVE('',#4612,#4613,#321,.T.);
#3335=EDGE_CURVE('',#4613,#4614,#5479,.T.);
#3336=EDGE_CURVE('',#4614,#4615,#5480,.T.);
#3337=EDGE_CURVE('',#4615,#4616,#5481,.T.);
#3338=EDGE_CURVE('',#4616,#4617,#5482,.T.);
#3339=EDGE_CURVE('',#4617,#4618,#5483,.T.);
#3340=EDGE_CURVE('',#4618,#4619,#5484,.T.);
#3341=EDGE_CURVE('',#4619,#4606,#322,.T.);
#3342=EDGE_CURVE('',#4620,#4621,#5485,.T.);
#3343=EDGE_CURVE('',#4621,#4622,#5486,.T.);
#3344=EDGE_CURVE('',#4622,#4623,#323,.T.);
#3345=EDGE_CURVE('',#4623,#4624,#324,.T.);
#3346=EDGE_CURVE('',#4624,#4625,#325,.T.);
#3347=EDGE_CURVE('',#4625,#4626,#326,.T.);
#3348=EDGE_CURVE('',#4626,#4627,#327,.T.);
#3349=EDGE_CURVE('',#4627,#4628,#328,.T.);
#3350=EDGE_CURVE('',#4628,#4629,#5487,.T.);
#3351=EDGE_CURVE('',#4629,#4630,#5488,.T.);
#3352=EDGE_CURVE('',#4630,#4631,#329,.T.);
#3353=EDGE_CURVE('',#4631,#4632,#330,.T.);
#3354=EDGE_CURVE('',#4632,#4633,#5489,.T.);
#3355=EDGE_CURVE('',#4633,#4634,#331,.T.);
#3356=EDGE_CURVE('',#4634,#4635,#332,.T.);
#3357=EDGE_CURVE('',#4635,#4636,#333,.T.);
#3358=EDGE_CURVE('',#4636,#4637,#5490,.T.);
#3359=EDGE_CURVE('',#4637,#4620,#5491,.T.);
#3360=EDGE_CURVE('',#4638,#4639,#5492,.T.);
#3361=EDGE_CURVE('',#4639,#4640,#5493,.T.);
#3362=EDGE_CURVE('',#4640,#4641,#334,.T.);
#3363=EDGE_CURVE('',#4641,#4642,#5494,.T.);
#3364=EDGE_CURVE('',#4642,#4643,#5495,.T.);
#3365=EDGE_CURVE('',#4643,#4644,#5496,.T.);
#3366=EDGE_CURVE('',#4644,#4645,#5497,.T.);
#3367=EDGE_CURVE('',#4645,#4646,#5498,.T.);
#3368=EDGE_CURVE('',#4646,#4647,#5499,.T.);
#3369=EDGE_CURVE('',#4647,#4648,#5500,.T.);
#3370=EDGE_CURVE('',#4648,#4649,#5501,.T.);
#3371=EDGE_CURVE('',#4649,#4650,#5502,.T.);
#3372=EDGE_CURVE('',#4650,#4651,#5503,.T.);
#3373=EDGE_CURVE('',#4651,#4652,#5504,.T.);
#3374=EDGE_CURVE('',#4652,#4653,#244,.T.);
#3375=EDGE_CURVE('',#4653,#4654,#245,.T.);
#3376=EDGE_CURVE('',#4654,#4655,#5505,.T.);
#3377=EDGE_CURVE('',#4655,#4656,#5506,.T.);
#3378=EDGE_CURVE('',#4656,#4638,#5507,.T.);
#3379=EDGE_CURVE('',#4657,#4658,#5508,.T.);
#3380=EDGE_CURVE('',#4658,#4659,#5509,.T.);
#3381=EDGE_CURVE('',#4659,#4660,#335,.T.);
#3382=EDGE_CURVE('',#4660,#4661,#336,.T.);
#3383=EDGE_CURVE('',#4661,#4662,#337,.T.);
#3384=EDGE_CURVE('',#4662,#4663,#5510,.T.);
#3385=EDGE_CURVE('',#4663,#4664,#5511,.T.);
#3386=EDGE_CURVE('',#4664,#4665,#5512,.T.);
#3387=EDGE_CURVE('',#4665,#4666,#5513,.T.);
#3388=EDGE_CURVE('',#4666,#4667,#5514,.T.);
#3389=EDGE_CURVE('',#4667,#4668,#338,.T.);
#3390=EDGE_CURVE('',#4668,#4669,#5515,.T.);
#3391=EDGE_CURVE('',#4669,#4670,#5516,.T.);
#3392=EDGE_CURVE('',#4670,#4671,#339,.T.);
#3393=EDGE_CURVE('',#4671,#4672,#340,.T.);
#3394=EDGE_CURVE('',#4672,#4673,#341,.T.);
#3395=EDGE_CURVE('',#4673,#4657,#5517,.T.);
#3396=EDGE_CURVE('',#4674,#4675,#342,.T.);
#3397=EDGE_CURVE('',#4675,#4676,#343,.T.);
#3398=EDGE_CURVE('',#4676,#4677,#344,.T.);
#3399=EDGE_CURVE('',#4677,#4678,#345,.T.);
#3400=EDGE_CURVE('',#4678,#4679,#346,.T.);
#3401=EDGE_CURVE('',#4679,#4680,#347,.T.);
#3402=EDGE_CURVE('',#4680,#4681,#5518,.T.);
#3403=EDGE_CURVE('',#4681,#4682,#5519,.T.);
#3404=EDGE_CURVE('',#4682,#4683,#348,.T.);
#3405=EDGE_CURVE('',#4683,#4684,#349,.T.);
#3406=EDGE_CURVE('',#4684,#4685,#246,.F.);
#3407=EDGE_CURVE('',#4685,#4686,#247,.F.);
#3408=EDGE_CURVE('',#4686,#4687,#5520,.T.);
#3409=EDGE_CURVE('',#4687,#4688,#248,.T.);
#3410=EDGE_CURVE('',#4688,#4674,#350,.T.);
#3411=EDGE_CURVE('',#4689,#4690,#351,.T.);
#3412=EDGE_CURVE('',#4690,#4691,#352,.T.);
#3413=EDGE_CURVE('',#4691,#4692,#353,.T.);
#3414=EDGE_CURVE('',#4692,#4693,#354,.T.);
#3415=EDGE_CURVE('',#4693,#4694,#355,.T.);
#3416=EDGE_CURVE('',#4694,#4695,#5521,.T.);
#3417=EDGE_CURVE('',#4695,#4696,#5522,.T.);
#3418=EDGE_CURVE('',#4696,#4697,#5523,.T.);
#3419=EDGE_CURVE('',#4697,#4698,#5524,.T.);
#3420=EDGE_CURVE('',#4698,#4699,#5525,.T.);
#3421=EDGE_CURVE('',#4699,#4700,#5526,.T.);
#3422=EDGE_CURVE('',#4700,#4701,#356,.T.);
#3423=EDGE_CURVE('',#4701,#4702,#5527,.T.);
#3424=EDGE_CURVE('',#4702,#4689,#357,.T.);
#3425=EDGE_CURVE('',#4703,#4704,#5528,.T.);
#3426=EDGE_CURVE('',#4704,#4705,#5529,.T.);
#3427=EDGE_CURVE('',#4705,#4706,#358,.T.);
#3428=EDGE_CURVE('',#4706,#4707,#5530,.T.);
#3429=EDGE_CURVE('',#4707,#4708,#249,.T.);
#3430=EDGE_CURVE('',#4708,#4709,#5531,.T.);
#3431=EDGE_CURVE('',#4709,#4710,#5532,.T.);
#3432=EDGE_CURVE('',#4710,#4711,#5533,.T.);
#3433=EDGE_CURVE('',#4711,#4712,#359,.T.);
#3434=EDGE_CURVE('',#4712,#4713,#360,.T.);
#3435=EDGE_CURVE('',#4713,#4714,#250,.T.);
#3436=EDGE_CURVE('',#4714,#4715,#5534,.T.);
#3437=EDGE_CURVE('',#4715,#4716,#251,.F.);
#3438=EDGE_CURVE('',#4716,#4717,#252,.F.);
#3439=EDGE_CURVE('',#4717,#4718,#361,.T.);
#3440=EDGE_CURVE('',#4718,#4719,#5535,.T.);
#3441=EDGE_CURVE('',#4719,#4703,#5536,.T.);
#3442=EDGE_CURVE('',#4720,#4721,#362,.T.);
#3443=EDGE_CURVE('',#4721,#4722,#5537,.T.);
#3444=EDGE_CURVE('',#4722,#4723,#253,.F.);
#3445=EDGE_CURVE('',#4723,#4724,#363,.T.);
#3446=EDGE_CURVE('',#4724,#4725,#364,.T.);
#3447=EDGE_CURVE('',#4725,#4726,#5538,.T.);
#3448=EDGE_CURVE('',#4726,#4727,#5539,.T.);
#3449=EDGE_CURVE('',#4727,#4728,#5540,.T.);
#3450=EDGE_CURVE('',#4728,#4729,#365,.T.);
#3451=EDGE_CURVE('',#4729,#4720,#366,.T.);
#3452=EDGE_CURVE('',#4730,#4731,#367,.T.);
#3453=EDGE_CURVE('',#4731,#4732,#368,.T.);
#3454=EDGE_CURVE('',#4732,#4733,#369,.T.);
#3455=EDGE_CURVE('',#4733,#4734,#370,.T.);
#3456=EDGE_CURVE('',#4734,#4735,#5541,.T.);
#3457=EDGE_CURVE('',#4735,#4736,#254,.F.);
#3458=EDGE_CURVE('',#4736,#4737,#255,.F.);
#3459=EDGE_CURVE('',#4737,#4738,#371,.T.);
#3460=EDGE_CURVE('',#4738,#4739,#372,.T.);
#3461=EDGE_CURVE('',#4739,#4740,#256,.F.);
#3462=EDGE_CURVE('',#4740,#4741,#257,.F.);
#3463=EDGE_CURVE('',#4741,#4742,#5542,.T.);
#3464=EDGE_CURVE('',#4742,#4743,#258,.T.);
#3465=EDGE_CURVE('',#4743,#4730,#373,.T.);
#3466=EDGE_CURVE('',#4744,#4745,#374,.T.);
#3467=EDGE_CURVE('',#4745,#4746,#5543,.T.);
#3468=EDGE_CURVE('',#4746,#4747,#375,.T.);
#3469=EDGE_CURVE('',#4747,#4748,#376,.T.);
#3470=EDGE_CURVE('',#4748,#4749,#377,.T.);
#3471=EDGE_CURVE('',#4749,#4750,#5544,.T.);
#3472=EDGE_CURVE('',#4750,#4751,#5545,.T.);
#3473=EDGE_CURVE('',#4751,#4752,#5546,.T.);
#3474=EDGE_CURVE('',#4752,#4753,#5547,.T.);
#3475=EDGE_CURVE('',#4753,#4754,#5548,.T.);
#3476=EDGE_CURVE('',#4754,#4755,#5549,.T.);
#3477=EDGE_CURVE('',#4755,#4756,#5550,.T.);
#3478=EDGE_CURVE('',#4756,#4757,#5551,.T.);
#3479=EDGE_CURVE('',#4757,#4758,#5552,.T.);
#3480=EDGE_CURVE('',#4758,#4759,#5553,.T.);
#3481=EDGE_CURVE('',#4759,#4760,#5554,.T.);
#3482=EDGE_CURVE('',#4760,#4761,#378,.T.);
#3483=EDGE_CURVE('',#4761,#4744,#379,.T.);
#3484=EDGE_CURVE('',#4762,#4763,#5555,.T.);
#3485=EDGE_CURVE('',#4763,#4764,#5556,.T.);
#3486=EDGE_CURVE('',#4764,#4765,#380,.T.);
#3487=EDGE_CURVE('',#4765,#4766,#381,.T.);
#3488=EDGE_CURVE('',#4766,#4767,#382,.T.);
#3489=EDGE_CURVE('',#4767,#4768,#383,.T.);
#3490=EDGE_CURVE('',#4768,#4769,#384,.T.);
#3491=EDGE_CURVE('',#4769,#4770,#385,.T.);
#3492=EDGE_CURVE('',#4770,#4771,#5557,.T.);
#3493=EDGE_CURVE('',#4771,#4772,#5558,.T.);
#3494=EDGE_CURVE('',#4772,#4773,#386,.T.);
#3495=EDGE_CURVE('',#4773,#4774,#387,.T.);
#3496=EDGE_CURVE('',#4774,#4775,#5559,.T.);
#3497=EDGE_CURVE('',#4775,#4776,#388,.T.);
#3498=EDGE_CURVE('',#4776,#4777,#389,.T.);
#3499=EDGE_CURVE('',#4777,#4778,#390,.T.);
#3500=EDGE_CURVE('',#4778,#4779,#5560,.T.);
#3501=EDGE_CURVE('',#4779,#4762,#5561,.T.);
#3502=EDGE_CURVE('',#4780,#4781,#5562,.T.);
#3503=EDGE_CURVE('',#4781,#4782,#5563,.T.);
#3504=EDGE_CURVE('',#4782,#4783,#391,.T.);
#3505=EDGE_CURVE('',#4783,#4784,#392,.T.);
#3506=EDGE_CURVE('',#4784,#4785,#393,.T.);
#3507=EDGE_CURVE('',#4785,#4786,#259,.T.);
#3508=EDGE_CURVE('',#4786,#4787,#5564,.T.);
#3509=EDGE_CURVE('',#4787,#4788,#5565,.T.);
#3510=EDGE_CURVE('',#4788,#4789,#5566,.T.);
#3511=EDGE_CURVE('',#4789,#4790,#5567,.T.);
#3512=EDGE_CURVE('',#4790,#4791,#5568,.T.);
#3513=EDGE_CURVE('',#4791,#4792,#394,.T.);
#3514=EDGE_CURVE('',#4792,#4793,#395,.T.);
#3515=EDGE_CURVE('',#4793,#4794,#396,.T.);
#3516=EDGE_CURVE('',#4794,#4795,#5569,.T.);
#3517=EDGE_CURVE('',#4795,#4796,#5570,.T.);
#3518=EDGE_CURVE('',#4796,#4797,#5571,.T.);
#3519=EDGE_CURVE('',#4797,#4798,#397,.T.);
#3520=EDGE_CURVE('',#4798,#4799,#260,.T.);
#3521=EDGE_CURVE('',#4799,#4800,#261,.T.);
#3522=EDGE_CURVE('',#4800,#4801,#262,.T.);
#3523=EDGE_CURVE('',#4801,#4802,#5572,.T.);
#3524=EDGE_CURVE('',#4802,#4803,#5573,.T.);
#3525=EDGE_CURVE('',#4803,#4780,#5574,.T.);
#3526=EDGE_CURVE('',#4804,#4805,#398,.T.);
#3527=EDGE_CURVE('',#4805,#4806,#399,.T.);
#3528=EDGE_CURVE('',#4806,#4807,#400,.T.);
#3529=EDGE_CURVE('',#4807,#4808,#401,.T.);
#3530=EDGE_CURVE('',#4808,#4809,#402,.T.);
#3531=EDGE_CURVE('',#4809,#4810,#403,.T.);
#3532=EDGE_CURVE('',#4810,#4811,#5575,.T.);
#3533=EDGE_CURVE('',#4811,#4812,#5576,.T.);
#3534=EDGE_CURVE('',#4812,#4813,#404,.T.);
#3535=EDGE_CURVE('',#4813,#4814,#405,.T.);
#3536=EDGE_CURVE('',#4814,#4815,#263,.F.);
#3537=EDGE_CURVE('',#4815,#4816,#264,.F.);
#3538=EDGE_CURVE('',#4816,#4817,#5577,.T.);
#3539=EDGE_CURVE('',#4817,#4818,#265,.T.);
#3540=EDGE_CURVE('',#4818,#4804,#406,.T.);
#3541=EDGE_CURVE('',#4819,#4820,#407,.T.);
#3542=EDGE_CURVE('',#4820,#4821,#5578,.T.);
#3543=EDGE_CURVE('',#4821,#4822,#408,.T.);
#3544=EDGE_CURVE('',#4822,#4823,#409,.T.);
#3545=EDGE_CURVE('',#4823,#4824,#410,.T.);
#3546=EDGE_CURVE('',#4824,#4825,#5579,.T.);
#3547=EDGE_CURVE('',#4825,#4826,#5580,.T.);
#3548=EDGE_CURVE('',#4826,#4827,#5581,.T.);
#3549=EDGE_CURVE('',#4827,#4828,#5582,.T.);
#3550=EDGE_CURVE('',#4828,#4829,#5583,.T.);
#3551=EDGE_CURVE('',#4829,#4830,#5584,.T.);
#3552=EDGE_CURVE('',#4830,#4831,#266,.T.);
#3553=EDGE_CURVE('',#4831,#4819,#267,.T.);
#3554=EDGE_CURVE('',#4832,#4833,#5585,.T.);
#3555=EDGE_CURVE('',#4833,#4834,#5586,.T.);
#3556=EDGE_CURVE('',#4834,#4835,#5587,.T.);
#3557=EDGE_CURVE('',#4835,#4832,#5588,.T.);
#3558=EDGE_CURVE('',#4836,#4837,#411,.T.);
#3559=EDGE_CURVE('',#4837,#4838,#412,.T.);
#3560=EDGE_CURVE('',#4838,#4839,#413,.T.);
#3561=EDGE_CURVE('',#4839,#4840,#414,.T.);
#3562=EDGE_CURVE('',#4840,#4836,#415,.T.);
#3563=EDGE_CURVE('',#4841,#4842,#5589,.T.);
#3564=EDGE_CURVE('',#4842,#4843,#5590,.T.);
#3565=EDGE_CURVE('',#4843,#4844,#416,.T.);
#3566=EDGE_CURVE('',#4844,#4845,#417,.T.);
#3567=EDGE_CURVE('',#4845,#4846,#418,.T.);
#3568=EDGE_CURVE('',#4846,#4847,#5591,.T.);
#3569=EDGE_CURVE('',#4847,#4848,#5592,.T.);
#3570=EDGE_CURVE('',#4848,#4849,#5593,.T.);
#3571=EDGE_CURVE('',#4849,#4850,#5594,.T.);
#3572=EDGE_CURVE('',#4850,#4851,#5595,.T.);
#3573=EDGE_CURVE('',#4851,#4852,#268,.T.);
#3574=EDGE_CURVE('',#4852,#4853,#5596,.T.);
#3575=EDGE_CURVE('',#4853,#4854,#5597,.T.);
#3576=EDGE_CURVE('',#4854,#4855,#419,.T.);
#3577=EDGE_CURVE('',#4855,#4856,#420,.T.);
#3578=EDGE_CURVE('',#4856,#4857,#421,.T.);
#3579=EDGE_CURVE('',#4857,#4841,#5598,.T.);
#3580=EDGE_CURVE('',#4858,#4859,#422,.T.);
#3581=EDGE_CURVE('',#4859,#4860,#423,.T.);
#3582=EDGE_CURVE('',#4860,#4861,#424,.T.);
#3583=EDGE_CURVE('',#4861,#4862,#425,.T.);
#3584=EDGE_CURVE('',#4862,#4858,#426,.T.);
#3585=EDGE_CURVE('',#4863,#4864,#427,.T.);
#3586=EDGE_CURVE('',#4864,#4865,#5599,.T.);
#3587=EDGE_CURVE('',#4865,#4866,#269,.F.);
#3588=EDGE_CURVE('',#4866,#4867,#428,.T.);
#3589=EDGE_CURVE('',#4867,#4868,#429,.T.);
#3590=EDGE_CURVE('',#4868,#4869,#5600,.T.);
#3591=EDGE_CURVE('',#4869,#4870,#5601,.T.);
#3592=EDGE_CURVE('',#4870,#4871,#5602,.T.);
#3593=EDGE_CURVE('',#4871,#4872,#430,.T.);
#3594=EDGE_CURVE('',#4872,#4863,#431,.T.);
#3595=EDGE_CURVE('',#4873,#4874,#5603,.T.);
#3596=EDGE_CURVE('',#4874,#4875,#5604,.T.);
#3597=EDGE_CURVE('',#4875,#4876,#432,.T.);
#3598=EDGE_CURVE('',#4876,#4877,#433,.T.);
#3599=EDGE_CURVE('',#4877,#4878,#434,.T.);
#3600=EDGE_CURVE('',#4878,#4879,#435,.T.);
#3601=EDGE_CURVE('',#4879,#4880,#5605,.T.);
#3602=EDGE_CURVE('',#4880,#4881,#5606,.T.);
#3603=EDGE_CURVE('',#4881,#4882,#5607,.T.);
#3604=EDGE_CURVE('',#4882,#4883,#436,.T.);
#3605=EDGE_CURVE('',#4883,#4884,#437,.T.);
#3606=EDGE_CURVE('',#4884,#4885,#438,.T.);
#3607=EDGE_CURVE('',#4885,#4886,#439,.T.);
#3608=EDGE_CURVE('',#4886,#4887,#5608,.T.);
#3609=EDGE_CURVE('',#4887,#4888,#5609,.T.);
#3610=EDGE_CURVE('',#4888,#4889,#5610,.T.);
#3611=EDGE_CURVE('',#4889,#4873,#5611,.T.);
#3612=EDGE_CURVE('',#4890,#4891,#5612,.T.);
#3613=EDGE_CURVE('',#4891,#4892,#5613,.T.);
#3614=EDGE_CURVE('',#4892,#4893,#440,.T.);
#3615=EDGE_CURVE('',#4893,#4894,#441,.T.);
#3616=EDGE_CURVE('',#4894,#4895,#442,.T.);
#3617=EDGE_CURVE('',#4895,#4896,#443,.T.);
#3618=EDGE_CURVE('',#4896,#4897,#444,.T.);
#3619=EDGE_CURVE('',#4897,#4898,#445,.T.);
#3620=EDGE_CURVE('',#4898,#4899,#5614,.T.);
#3621=EDGE_CURVE('',#4899,#4900,#5615,.T.);
#3622=EDGE_CURVE('',#4900,#4901,#446,.T.);
#3623=EDGE_CURVE('',#4901,#4902,#447,.T.);
#3624=EDGE_CURVE('',#4902,#4903,#5616,.T.);
#3625=EDGE_CURVE('',#4903,#4904,#448,.T.);
#3626=EDGE_CURVE('',#4904,#4905,#449,.T.);
#3627=EDGE_CURVE('',#4905,#4906,#450,.T.);
#3628=EDGE_CURVE('',#4906,#4907,#5617,.T.);
#3629=EDGE_CURVE('',#4907,#4890,#5618,.T.);
#3630=EDGE_CURVE('',#4908,#4909,#270,.T.);
#3631=EDGE_CURVE('',#4909,#4910,#5619,.T.);
#3632=EDGE_CURVE('',#4910,#4911,#271,.F.);
#3633=EDGE_CURVE('',#4911,#4912,#451,.T.);
#3634=EDGE_CURVE('',#4912,#4913,#452,.T.);
#3635=EDGE_CURVE('',#4913,#4914,#5620,.T.);
#3636=EDGE_CURVE('',#4914,#4915,#5621,.T.);
#3637=EDGE_CURVE('',#4915,#4916,#5622,.T.);
#3638=EDGE_CURVE('',#4916,#4917,#5623,.T.);
#3639=EDGE_CURVE('',#4917,#4918,#5624,.T.);
#3640=EDGE_CURVE('',#4918,#4919,#5625,.T.);
#3641=EDGE_CURVE('',#4919,#4920,#272,.T.);
#3642=EDGE_CURVE('',#4920,#4908,#273,.T.);
#3643=EDGE_CURVE('',#4921,#4922,#453,.T.);
#3644=EDGE_CURVE('',#4922,#4923,#454,.T.);
#3645=EDGE_CURVE('',#4923,#4924,#455,.T.);
#3646=EDGE_CURVE('',#4924,#4925,#5626,.T.);
#3647=EDGE_CURVE('',#4925,#4926,#456,.T.);
#3648=EDGE_CURVE('',#4926,#4927,#457,.T.);
#3649=EDGE_CURVE('',#4927,#4928,#458,.T.);
#3650=EDGE_CURVE('',#4928,#4929,#459,.T.);
#3651=EDGE_CURVE('',#4929,#4930,#274,.F.);
#3652=EDGE_CURVE('',#4930,#4931,#460,.T.);
#3653=EDGE_CURVE('',#4931,#4932,#461,.T.);
#3654=EDGE_CURVE('',#4932,#4933,#462,.T.);
#3655=EDGE_CURVE('',#4933,#4934,#275,.T.);
#3656=EDGE_CURVE('',#4934,#4935,#463,.T.);
#3657=EDGE_CURVE('',#4935,#4936,#464,.T.);
#3658=EDGE_CURVE('',#4936,#4937,#465,.T.);
#3659=EDGE_CURVE('',#4937,#4938,#276,.T.);
#3660=EDGE_CURVE('',#4938,#4939,#277,.T.);
#3661=EDGE_CURVE('',#4939,#4940,#5627,.T.);
#3662=EDGE_CURVE('',#4940,#4941,#466,.T.);
#3663=EDGE_CURVE('',#4941,#4942,#278,.F.);
#3664=EDGE_CURVE('',#4942,#4943,#467,.T.);
#3665=EDGE_CURVE('',#4943,#4944,#468,.T.);
#3666=EDGE_CURVE('',#4944,#4945,#279,.F.);
#3667=EDGE_CURVE('',#4945,#4946,#469,.T.);
#3668=EDGE_CURVE('',#4946,#4947,#470,.T.);
#3669=EDGE_CURVE('',#4947,#4948,#471,.T.);
#3670=EDGE_CURVE('',#4948,#4921,#472,.T.);
#3671=EDGE_CURVE('',#4949,#4950,#5628,.T.);
#3672=EDGE_CURVE('',#4950,#4951,#5629,.T.);
#3673=EDGE_CURVE('',#4951,#4952,#5630,.T.);
#3674=EDGE_CURVE('',#4952,#4953,#5631,.T.);
#3675=EDGE_CURVE('',#4953,#4954,#5632,.T.);
#3676=EDGE_CURVE('',#4954,#4955,#5633,.T.);
#3677=EDGE_CURVE('',#4955,#4956,#5634,.T.);
#3678=EDGE_CURVE('',#4956,#4957,#5635,.T.);
#3679=EDGE_CURVE('',#4957,#4958,#5636,.T.);
#3680=EDGE_CURVE('',#4958,#4949,#5637,.T.);
#3681=EDGE_CURVE('',#4959,#4960,#5638,.T.);
#3682=EDGE_CURVE('',#4961,#4959,#5639,.T.);
#3683=EDGE_CURVE('',#4961,#4962,#5640,.T.);
#3684=EDGE_CURVE('',#4600,#4962,#5641,.T.);
#3685=EDGE_CURVE('',#4601,#4963,#5642,.T.);
#3686=EDGE_CURVE('',#4963,#4964,#5643,.T.);
#3687=EDGE_CURVE('',#4964,#4960,#5644,.T.);
#3688=EDGE_CURVE('',#4963,#4965,#5645,.T.);
#3689=EDGE_CURVE('',#4965,#4966,#5646,.T.);
#3690=EDGE_CURVE('',#4964,#4966,#5647,.T.);
#3691=EDGE_CURVE('',#4959,#4967,#5648,.T.);
#3692=EDGE_CURVE('',#4968,#4967,#5649,.T.);
#3693=EDGE_CURVE('',#4961,#4968,#5650,.T.);
#3694=EDGE_CURVE('',#4969,#4970,#5651,.T.);
#3695=EDGE_CURVE('',#4971,#4969,#5652,.T.);
#3696=EDGE_CURVE('',#4971,#4972,#5653,.T.);
#3697=EDGE_CURVE('',#4972,#4970,#5654,.T.);
#3698=EDGE_CURVE('',#4967,#4973,#5655,.T.);
#3699=EDGE_CURVE('',#4966,#4973,#5656,.T.);
#3700=EDGE_CURVE('',#4603,#4965,#5657,.T.);
#3701=EDGE_CURVE('',#4602,#4974,#5658,.T.);
#3702=EDGE_CURVE('',#4968,#4974,#5659,.T.);
#3703=EDGE_CURVE('',#4960,#4973,#5660,.T.);
#3704=EDGE_CURVE('',#4962,#4975,#5661,.T.);
#3705=EDGE_CURVE('',#4976,#4974,#5662,.T.);
#3706=EDGE_CURVE('',#4976,#4977,#5663,.T.);
#3707=EDGE_CURVE('',#4977,#4978,#5664,.T.);
#3708=EDGE_CURVE('',#4975,#4978,#5665,.T.);
#3709=EDGE_CURVE('',#4969,#4979,#5666,.T.);
#3710=EDGE_CURVE('',#4980,#4979,#5667,.T.);
#3711=EDGE_CURVE('',#4971,#4980,#5668,.T.);
#3712=EDGE_CURVE('',#4970,#4981,#5669,.T.);
#3713=EDGE_CURVE('',#4972,#4982,#5670,.T.);
#3714=EDGE_CURVE('',#4982,#4981,#5671,.T.);
#3715=EDGE_CURVE('',#4979,#4981,#5672,.T.);
#3716=EDGE_CURVE('',#4980,#4982,#5673,.T.);
#3717=EDGE_CURVE('',#4983,#4984,#5674,.T.);
#3718=EDGE_CURVE('',#4984,#4976,#5675,.T.);
#3719=EDGE_CURVE('',#4983,#4975,#5676,.T.);
#3720=EDGE_CURVE('',#4985,#4978,#5677,.T.);
#3721=EDGE_CURVE('',#4983,#4985,#5678,.T.);
#3722=EDGE_CURVE('',#4984,#4986,#5679,.T.);
#3723=EDGE_CURVE('',#4986,#4977,#5680,.T.);
#3724=EDGE_CURVE('',#4985,#4986,#5681,.T.);
#3725=EDGE_CURVE('',#4987,#4949,#5682,.T.);
#3726=EDGE_CURVE('',#4987,#4988,#5683,.T.);
#3727=EDGE_CURVE('',#4988,#4950,#5684,.T.);
#3728=EDGE_CURVE('',#4989,#4958,#5685,.T.);
#3729=EDGE_CURVE('',#4989,#4987,#5686,.T.);
#3730=EDGE_CURVE('',#4990,#4957,#5687,.T.);
#3731=EDGE_CURVE('',#4990,#4989,#5688,.T.);
#3732=EDGE_CURVE('',#4991,#4956,#5689,.T.);
#3733=EDGE_CURVE('',#4991,#4990,#5690,.T.);
#3734=EDGE_CURVE('',#4992,#4955,#5691,.T.);
#3735=EDGE_CURVE('',#4992,#4991,#5692,.T.);
#3736=EDGE_CURVE('',#4993,#4954,#5693,.T.);
#3737=EDGE_CURVE('',#4993,#4992,#5694,.T.);
#3738=EDGE_CURVE('',#4994,#4953,#5695,.T.);
#3739=EDGE_CURVE('',#4994,#4993,#5696,.T.);
#3740=EDGE_CURVE('',#4995,#4952,#5697,.T.);
#3741=EDGE_CURVE('',#4995,#4994,#5698,.T.);
#3742=EDGE_CURVE('',#4996,#4951,#5699,.T.);
#3743=EDGE_CURVE('',#4996,#4995,#5700,.T.);
#3744=EDGE_CURVE('',#4988,#4996,#5701,.T.);
#3745=EDGE_CURVE('',#4997,#4921,#5702,.T.);
#3746=EDGE_CURVE('',#4997,#4998,#473,.T.);
#3747=EDGE_CURVE('',#4998,#4922,#5703,.T.);
#3748=EDGE_CURVE('',#4999,#4948,#5704,.T.);
#3749=EDGE_CURVE('',#4999,#4997,#474,.T.);
#3750=EDGE_CURVE('',#5000,#4947,#5705,.T.);
#3751=EDGE_CURVE('',#5000,#4999,#475,.T.);
#3752=EDGE_CURVE('',#5001,#4946,#5706,.T.);
#3753=EDGE_CURVE('',#5001,#5000,#476,.T.);
#3754=EDGE_CURVE('',#5002,#4945,#5707,.T.);
#3755=EDGE_CURVE('',#5002,#5001,#477,.T.);
#3756=EDGE_CURVE('',#5003,#4944,#5708,.T.);
#3757=EDGE_CURVE('',#5003,#5002,#280,.F.);
#3758=EDGE_CURVE('',#5004,#4943,#5709,.T.);
#3759=EDGE_CURVE('',#5004,#5003,#478,.T.);
#3760=EDGE_CURVE('',#5005,#4942,#5710,.T.);
#3761=EDGE_CURVE('',#5005,#5004,#479,.T.);
#3762=EDGE_CURVE('',#5006,#4941,#5711,.T.);
#3763=EDGE_CURVE('',#5006,#5005,#281,.F.);
#3764=EDGE_CURVE('',#5007,#4940,#5712,.T.);
#3765=EDGE_CURVE('',#5007,#5006,#480,.T.);
#3766=EDGE_CURVE('',#5008,#4939,#5713,.T.);
#3767=EDGE_CURVE('',#5008,#5007,#5714,.T.);
#3768=EDGE_CURVE('',#5009,#4938,#5715,.T.);
#3769=EDGE_CURVE('',#5009,#5008,#282,.T.);
#3770=EDGE_CURVE('',#5010,#4937,#5716,.T.);
#3771=EDGE_CURVE('',#5010,#5009,#283,.T.);
#3772=EDGE_CURVE('',#5011,#4936,#5717,.T.);
#3773=EDGE_CURVE('',#5011,#5010,#481,.T.);
#3774=EDGE_CURVE('',#5012,#4935,#5718,.T.);
#3775=EDGE_CURVE('',#5012,#5011,#482,.T.);
#3776=EDGE_CURVE('',#5013,#4934,#5719,.T.);
#3777=EDGE_CURVE('',#5013,#5012,#483,.T.);
#3778=EDGE_CURVE('',#5014,#4933,#5720,.T.);
#3779=EDGE_CURVE('',#5014,#5013,#284,.T.);
#3780=EDGE_CURVE('',#5015,#4932,#5721,.T.);
#3781=EDGE_CURVE('',#5015,#5014,#484,.T.);
#3782=EDGE_CURVE('',#5016,#4931,#5722,.T.);
#3783=EDGE_CURVE('',#5016,#5015,#485,.T.);
#3784=EDGE_CURVE('',#5017,#4930,#5723,.T.);
#3785=EDGE_CURVE('',#5017,#5016,#486,.T.);
#3786=EDGE_CURVE('',#5018,#4929,#5724,.T.);
#3787=EDGE_CURVE('',#5018,#5017,#285,.F.);
#3788=EDGE_CURVE('',#5019,#4928,#5725,.T.);
#3789=EDGE_CURVE('',#5019,#5018,#487,.T.);
#3790=EDGE_CURVE('',#5020,#4927,#5726,.T.);
#3791=EDGE_CURVE('',#5020,#5019,#488,.T.);
#3792=EDGE_CURVE('',#5021,#4926,#5727,.T.);
#3793=EDGE_CURVE('',#5021,#5020,#489,.T.);
#3794=EDGE_CURVE('',#5022,#4925,#5728,.T.);
#3795=EDGE_CURVE('',#5022,#5021,#490,.T.);
#3796=EDGE_CURVE('',#5023,#4924,#5729,.T.);
#3797=EDGE_CURVE('',#5023,#5022,#5730,.T.);
#3798=EDGE_CURVE('',#5024,#4923,#5731,.T.);
#3799=EDGE_CURVE('',#5024,#5023,#491,.T.);
#3800=EDGE_CURVE('',#4998,#5024,#492,.T.);
#3801=EDGE_CURVE('',#5025,#4908,#5732,.T.);
#3802=EDGE_CURVE('',#5025,#5026,#286,.T.);
#3803=EDGE_CURVE('',#5026,#4909,#5733,.T.);
#3804=EDGE_CURVE('',#5027,#4920,#5734,.T.);
#3805=EDGE_CURVE('',#5027,#5025,#287,.T.);
#3806=EDGE_CURVE('',#5028,#4919,#5735,.T.);
#3807=EDGE_CURVE('',#5028,#5027,#288,.T.);
#3808=EDGE_CURVE('',#5029,#4918,#5736,.T.);
#3809=EDGE_CURVE('',#5029,#5028,#5737,.T.);
#3810=EDGE_CURVE('',#5030,#4917,#5738,.T.);
#3811=EDGE_CURVE('',#5030,#5029,#5739,.T.);
#3812=EDGE_CURVE('',#5031,#4916,#5740,.T.);
#3813=EDGE_CURVE('',#5031,#5030,#5741,.T.);
#3814=EDGE_CURVE('',#5032,#4915,#5742,.T.);
#3815=EDGE_CURVE('',#5032,#5031,#5743,.T.);
#3816=EDGE_CURVE('',#5033,#4914,#5744,.T.);
#3817=EDGE_CURVE('',#5033,#5032,#5745,.T.);
#3818=EDGE_CURVE('',#5034,#4913,#5746,.T.);
#3819=EDGE_CURVE('',#5034,#5033,#5747,.T.);
#3820=EDGE_CURVE('',#5035,#4912,#5748,.T.);
#3821=EDGE_CURVE('',#5035,#5034,#493,.T.);
#3822=EDGE_CURVE('',#5036,#4911,#5749,.T.);
#3823=EDGE_CURVE('',#5036,#5035,#494,.T.);
#3824=EDGE_CURVE('',#5037,#4910,#5750,.T.);
#3825=EDGE_CURVE('',#5037,#5036,#289,.F.);
#3826=EDGE_CURVE('',#5026,#5037,#5751,.T.);
#3827=EDGE_CURVE('',#5038,#5039,#5752,.T.);
#3828=EDGE_CURVE('',#5040,#5038,#5753,.T.);
#3829=EDGE_CURVE('',#5040,#5041,#5754,.T.);
#3830=EDGE_CURVE('',#5041,#5039,#5755,.T.);
#3831=EDGE_CURVE('',#5042,#5038,#5756,.T.);
#3832=EDGE_CURVE('',#5043,#5042,#5757,.T.);
#3833=EDGE_CURVE('',#5043,#5040,#5758,.T.);
#3834=EDGE_CURVE('',#5044,#5042,#495,.T.);
#3835=EDGE_CURVE('',#5045,#5044,#5759,.T.);
#3836=EDGE_CURVE('',#5045,#5043,#496,.T.);
#3837=EDGE_CURVE('',#5046,#5044,#497,.T.);
#3838=EDGE_CURVE('',#5047,#5046,#5760,.T.);
#3839=EDGE_CURVE('',#5047,#5045,#498,.T.);
#3840=EDGE_CURVE('',#5048,#5046,#499,.T.);
#3841=EDGE_CURVE('',#5049,#5048,#5761,.T.);
#3842=EDGE_CURVE('',#5049,#5047,#500,.T.);
#3843=EDGE_CURVE('',#5050,#5048,#501,.T.);
#3844=EDGE_CURVE('',#5051,#5050,#5762,.T.);
#3845=EDGE_CURVE('',#5051,#5049,#502,.T.);
#3846=EDGE_CURVE('',#5052,#4890,#5763,.T.);
#3847=EDGE_CURVE('',#5052,#5053,#5764,.T.);
#3848=EDGE_CURVE('',#5053,#4891,#5765,.T.);
#3849=EDGE_CURVE('',#5054,#4907,#5766,.T.);
#3850=EDGE_CURVE('',#5054,#5052,#5767,.T.);
#3851=EDGE_CURVE('',#5055,#4906,#5768,.T.);
#3852=EDGE_CURVE('',#5055,#5054,#5769,.T.);
#3853=EDGE_CURVE('',#5056,#4905,#5770,.T.);
#3854=EDGE_CURVE('',#5056,#5055,#503,.T.);
#3855=EDGE_CURVE('',#5057,#4904,#5771,.T.);
#3856=EDGE_CURVE('',#5057,#5056,#504,.T.);
#3857=EDGE_CURVE('',#5058,#4903,#5772,.T.);
#3858=EDGE_CURVE('',#5058,#5057,#505,.T.);
#3859=EDGE_CURVE('',#5059,#4902,#5773,.T.);
#3860=EDGE_CURVE('',#5059,#5058,#5774,.T.);
#3861=EDGE_CURVE('',#5060,#4901,#5775,.T.);
#3862=EDGE_CURVE('',#5060,#5059,#506,.T.);
#3863=EDGE_CURVE('',#5061,#4900,#5776,.T.);
#3864=EDGE_CURVE('',#5061,#5060,#507,.T.);
#3865=EDGE_CURVE('',#5062,#4899,#5777,.T.);
#3866=EDGE_CURVE('',#5062,#5061,#5778,.T.);
#3867=EDGE_CURVE('',#5063,#4898,#5779,.T.);
#3868=EDGE_CURVE('',#5063,#5062,#5780,.T.);
#3869=EDGE_CURVE('',#5064,#4897,#5781,.T.);
#3870=EDGE_CURVE('',#5064,#5063,#508,.T.);
#3871=EDGE_CURVE('',#5065,#4896,#5782,.T.);
#3872=EDGE_CURVE('',#5065,#5064,#509,.T.);
#3873=EDGE_CURVE('',#5066,#4895,#5783,.T.);
#3874=EDGE_CURVE('',#5066,#5065,#510,.T.);
#3875=EDGE_CURVE('',#5067,#4894,#5784,.T.);
#3876=EDGE_CURVE('',#5067,#5066,#511,.T.);
#3877=EDGE_CURVE('',#5068,#4893,#5785,.T.);
#3878=EDGE_CURVE('',#5068,#5067,#512,.T.);
#3879=EDGE_CURVE('',#5069,#4892,#5786,.T.);
#3880=EDGE_CURVE('',#5069,#5068,#513,.T.);
#3881=EDGE_CURVE('',#5053,#5069,#5787,.T.);
#3882=EDGE_CURVE('',#5039,#5050,#514,.T.);
#3883=EDGE_CURVE('',#5041,#5051,#515,.T.);
#3884=EDGE_CURVE('',#5070,#4873,#5788,.T.);
#3885=EDGE_CURVE('',#5070,#5071,#5789,.T.);
#3886=EDGE_CURVE('',#5071,#4874,#5790,.T.);
#3887=EDGE_CURVE('',#5072,#4889,#5791,.T.);
#3888=EDGE_CURVE('',#5072,#5070,#5792,.T.);
#3889=EDGE_CURVE('',#5073,#4888,#5793,.T.);
#3890=EDGE_CURVE('',#5073,#5072,#5794,.T.);
#3891=EDGE_CURVE('',#5074,#4887,#5795,.T.);
#3892=EDGE_CURVE('',#5074,#5073,#5796,.T.);
#3893=EDGE_CURVE('',#5075,#4886,#5797,.T.);
#3894=EDGE_CURVE('',#5075,#5074,#5798,.T.);
#3895=EDGE_CURVE('',#5076,#4885,#5799,.T.);
#3896=EDGE_CURVE('',#5076,#5075,#516,.T.);
#3897=EDGE_CURVE('',#5077,#4884,#5800,.T.);
#3898=EDGE_CURVE('',#5077,#5076,#517,.T.);
#3899=EDGE_CURVE('',#5078,#4883,#5801,.T.);
#3900=EDGE_CURVE('',#5078,#5077,#518,.T.);
#3901=EDGE_CURVE('',#5079,#4882,#5802,.T.);
#3902=EDGE_CURVE('',#5079,#5078,#519,.T.);
#3903=EDGE_CURVE('',#5080,#4881,#5803,.T.);
#3904=EDGE_CURVE('',#5080,#5079,#5804,.T.);
#3905=EDGE_CURVE('',#5081,#4880,#5805,.T.);
#3906=EDGE_CURVE('',#5081,#5080,#5806,.T.);
#3907=EDGE_CURVE('',#5082,#4879,#5807,.T.);
#3908=EDGE_CURVE('',#5082,#5081,#5808,.T.);
#3909=EDGE_CURVE('',#5083,#4878,#5809,.T.);
#3910=EDGE_CURVE('',#5083,#5082,#520,.T.);
#3911=EDGE_CURVE('',#5084,#4877,#5810,.T.);
#3912=EDGE_CURVE('',#5084,#5083,#521,.T.);
#3913=EDGE_CURVE('',#5085,#4876,#5811,.T.);
#3914=EDGE_CURVE('',#5085,#5084,#522,.T.);
#3915=EDGE_CURVE('',#5086,#4875,#5812,.T.);
#3916=EDGE_CURVE('',#5086,#5085,#523,.T.);
#3917=EDGE_CURVE('',#5071,#5086,#5813,.T.);
#3918=EDGE_CURVE('',#5087,#4863,#5814,.T.);
#3919=EDGE_CURVE('',#5087,#5088,#524,.T.);
#3920=EDGE_CURVE('',#5088,#4864,#5815,.T.);
#3921=EDGE_CURVE('',#5089,#4872,#5816,.T.);
#3922=EDGE_CURVE('',#5089,#5087,#525,.T.);
#3923=EDGE_CURVE('',#5090,#4871,#5817,.T.);
#3924=EDGE_CURVE('',#5090,#5089,#526,.T.);
#3925=EDGE_CURVE('',#5091,#4870,#5818,.T.);
#3926=EDGE_CURVE('',#5091,#5090,#5819,.T.);
#3927=EDGE_CURVE('',#5092,#4869,#5820,.T.);
#3928=EDGE_CURVE('',#5092,#5091,#5821,.T.);
#3929=EDGE_CURVE('',#5093,#4868,#5822,.T.);
#3930=EDGE_CURVE('',#5093,#5092,#5823,.T.);
#3931=EDGE_CURVE('',#5094,#4867,#5824,.T.);
#3932=EDGE_CURVE('',#5094,#5093,#527,.T.);
#3933=EDGE_CURVE('',#5095,#4866,#5825,.T.);
#3934=EDGE_CURVE('',#5095,#5094,#528,.T.);
#3935=EDGE_CURVE('',#5096,#4865,#5826,.T.);
#3936=EDGE_CURVE('',#5096,#5095,#290,.F.);
#3937=EDGE_CURVE('',#5088,#5096,#5827,.T.);
#3938=EDGE_CURVE('',#5097,#4858,#5828,.T.);
#3939=EDGE_CURVE('',#5097,#5098,#529,.T.);
#3940=EDGE_CURVE('',#5098,#4859,#5829,.T.);
#3941=EDGE_CURVE('',#5099,#4862,#5830,.T.);
#3942=EDGE_CURVE('',#5099,#5097,#530,.T.);
#3943=EDGE_CURVE('',#5100,#4861,#5831,.T.);
#3944=EDGE_CURVE('',#5100,#5099,#531,.T.);
#3945=EDGE_CURVE('',#5101,#4860,#5832,.T.);
#3946=EDGE_CURVE('',#5101,#5100,#532,.T.);
#3947=EDGE_CURVE('',#5098,#5101,#533,.T.);
#3948=EDGE_CURVE('',#5102,#4841,#5833,.T.);
#3949=EDGE_CURVE('',#5102,#5103,#5834,.T.);
#3950=EDGE_CURVE('',#5103,#4842,#5835,.T.);
#3951=EDGE_CURVE('',#5104,#4857,#5836,.T.);
#3952=EDGE_CURVE('',#5104,#5102,#5837,.T.);
#3953=EDGE_CURVE('',#5105,#4856,#5838,.T.);
#3954=EDGE_CURVE('',#5105,#5104,#534,.T.);
#3955=EDGE_CURVE('',#5106,#4855,#5839,.T.);
#3956=EDGE_CURVE('',#5106,#5105,#535,.T.);
#3957=EDGE_CURVE('',#5107,#4854,#5840,.T.);
#3958=EDGE_CURVE('',#5107,#5106,#536,.T.);
#3959=EDGE_CURVE('',#5108,#4853,#5841,.T.);
#3960=EDGE_CURVE('',#5108,#5107,#5842,.T.);
#3961=EDGE_CURVE('',#5109,#4852,#5843,.T.);
#3962=EDGE_CURVE('',#5109,#5108,#5844,.T.);
#3963=EDGE_CURVE('',#5110,#4851,#5845,.T.);
#3964=EDGE_CURVE('',#5110,#5109,#291,.T.);
#3965=EDGE_CURVE('',#5111,#4850,#5846,.T.);
#3966=EDGE_CURVE('',#5111,#5110,#5847,.T.);
#3967=EDGE_CURVE('',#5112,#4849,#5848,.T.);
#3968=EDGE_CURVE('',#5112,#5111,#5849,.T.);
#3969=EDGE_CURVE('',#5113,#4848,#5850,.T.);
#3970=EDGE_CURVE('',#5113,#5112,#5851,.T.);
#3971=EDGE_CURVE('',#5114,#4847,#5852,.T.);
#3972=EDGE_CURVE('',#5114,#5113,#5853,.T.);
#3973=EDGE_CURVE('',#5115,#4846,#5854,.T.);
#3974=EDGE_CURVE('',#5115,#5114,#5855,.T.);
#3975=EDGE_CURVE('',#5116,#4845,#5856,.T.);
#3976=EDGE_CURVE('',#5116,#5115,#537,.T.);
#3977=EDGE_CURVE('',#5117,#4844,#5857,.T.);
#3978=EDGE_CURVE('',#5117,#5116,#538,.T.);
#3979=EDGE_CURVE('',#5118,#4843,#5858,.T.);
#3980=EDGE_CURVE('',#5118,#5117,#539,.T.);
#3981=EDGE_CURVE('',#5103,#5118,#5859,.T.);
#3982=EDGE_CURVE('',#5119,#4836,#5860,.T.);
#3983=EDGE_CURVE('',#5119,#5120,#540,.T.);
#3984=EDGE_CURVE('',#5120,#4837,#5861,.T.);
#3985=EDGE_CURVE('',#5121,#4840,#5862,.T.);
#3986=EDGE_CURVE('',#5121,#5119,#541,.T.);
#3987=EDGE_CURVE('',#5122,#4839,#5863,.T.);
#3988=EDGE_CURVE('',#5122,#5121,#542,.T.);
#3989=EDGE_CURVE('',#5123,#4838,#5864,.T.);
#3990=EDGE_CURVE('',#5123,#5122,#543,.T.);
#3991=EDGE_CURVE('',#5120,#5123,#544,.T.);
#3992=EDGE_CURVE('',#5124,#4832,#5865,.T.);
#3993=EDGE_CURVE('',#5124,#5125,#5866,.T.);
#3994=EDGE_CURVE('',#5125,#4833,#5867,.T.);
#3995=EDGE_CURVE('',#5126,#4835,#5868,.T.);
#3996=EDGE_CURVE('',#5126,#5124,#5869,.T.);
#3997=EDGE_CURVE('',#5127,#4834,#5870,.T.);
#3998=EDGE_CURVE('',#5127,#5126,#5871,.T.);
#3999=EDGE_CURVE('',#5125,#5127,#5872,.T.);
#4000=EDGE_CURVE('',#5128,#4819,#5873,.T.);
#4001=EDGE_CURVE('',#5128,#5129,#545,.T.);
#4002=EDGE_CURVE('',#5129,#4820,#5874,.T.);
#4003=EDGE_CURVE('',#5130,#4831,#5875,.T.);
#4004=EDGE_CURVE('',#5130,#5128,#292,.T.);
#4005=EDGE_CURVE('',#5131,#4830,#5876,.T.);
#4006=EDGE_CURVE('',#5131,#5130,#293,.T.);
#4007=EDGE_CURVE('',#5132,#4829,#5877,.T.);
#4008=EDGE_CURVE('',#5132,#5131,#5878,.T.);
#4009=EDGE_CURVE('',#5133,#4828,#5879,.T.);
#4010=EDGE_CURVE('',#5133,#5132,#5880,.T.);
#4011=EDGE_CURVE('',#5134,#4827,#5881,.T.);
#4012=EDGE_CURVE('',#5134,#5133,#5882,.T.);
#4013=EDGE_CURVE('',#5135,#4826,#5883,.T.);
#4014=EDGE_CURVE('',#5135,#5134,#5884,.T.);
#4015=EDGE_CURVE('',#5136,#4825,#5885,.T.);
#4016=EDGE_CURVE('',#5136,#5135,#5886,.T.);
#4017=EDGE_CURVE('',#5137,#4824,#5887,.T.);
#4018=EDGE_CURVE('',#5137,#5136,#5888,.T.);
#4019=EDGE_CURVE('',#5138,#4823,#5889,.T.);
#4020=EDGE_CURVE('',#5138,#5137,#546,.T.);
#4021=EDGE_CURVE('',#5139,#4822,#5890,.T.);
#4022=EDGE_CURVE('',#5139,#5138,#547,.T.);
#4023=EDGE_CURVE('',#5140,#4821,#5891,.T.);
#4024=EDGE_CURVE('',#5140,#5139,#548,.T.);
#4025=EDGE_CURVE('',#5129,#5140,#5892,.T.);
#4026=EDGE_CURVE('',#5141,#4804,#5893,.T.);
#4027=EDGE_CURVE('',#5141,#5142,#549,.T.);
#4028=EDGE_CURVE('',#5142,#4805,#5894,.T.);
#4029=EDGE_CURVE('',#5143,#4818,#5895,.T.);
#4030=EDGE_CURVE('',#5143,#5141,#550,.T.);
#4031=EDGE_CURVE('',#5144,#4817,#5896,.T.);
#4032=EDGE_CURVE('',#5144,#5143,#294,.T.);
#4033=EDGE_CURVE('',#5145,#4816,#5897,.T.);
#4034=EDGE_CURVE('',#5145,#5144,#5898,.T.);
#4035=EDGE_CURVE('',#5146,#4815,#5899,.T.);
#4036=EDGE_CURVE('',#5146,#5145,#295,.F.);
#4037=EDGE_CURVE('',#5147,#4814,#5900,.T.);
#4038=EDGE_CURVE('',#5147,#5146,#296,.F.);
#4039=EDGE_CURVE('',#5148,#4813,#5901,.T.);
#4040=EDGE_CURVE('',#5148,#5147,#551,.T.);
#4041=EDGE_CURVE('',#5149,#4812,#5902,.T.);
#4042=EDGE_CURVE('',#5149,#5148,#552,.T.);
#4043=EDGE_CURVE('',#5150,#4811,#5903,.T.);
#4044=EDGE_CURVE('',#5150,#5149,#5904,.T.);
#4045=EDGE_CURVE('',#5151,#4810,#5905,.T.);
#4046=EDGE_CURVE('',#5151,#5150,#5906,.T.);
#4047=EDGE_CURVE('',#5152,#4809,#5907,.T.);
#4048=EDGE_CURVE('',#5152,#5151,#553,.T.);
#4049=EDGE_CURVE('',#5153,#4808,#5908,.T.);
#4050=EDGE_CURVE('',#5153,#5152,#554,.T.);
#4051=EDGE_CURVE('',#5154,#4807,#5909,.T.);
#4052=EDGE_CURVE('',#5154,#5153,#555,.T.);
#4053=EDGE_CURVE('',#5155,#4806,#5910,.T.);
#4054=EDGE_CURVE('',#5155,#5154,#556,.T.);
#4055=EDGE_CURVE('',#5156,#5157,#557,.T.);
#4056=EDGE_CURVE('',#5158,#5156,#5911,.T.);
#4057=EDGE_CURVE('',#5158,#5159,#558,.T.);
#4058=EDGE_CURVE('',#5159,#5157,#5912,.T.);
#4059=EDGE_CURVE('',#5160,#5156,#559,.T.);
#4060=EDGE_CURVE('',#5161,#5160,#5913,.T.);
#4061=EDGE_CURVE('',#5161,#5158,#560,.T.);
#4062=EDGE_CURVE('',#5162,#5160,#561,.T.);
#4063=EDGE_CURVE('',#5163,#5162,#5914,.T.);
#4064=EDGE_CURVE('',#5163,#5161,#562,.T.);
#4065=EDGE_CURVE('',#5164,#5162,#5915,.T.);
#4066=EDGE_CURVE('',#5165,#5164,#5916,.T.);
#4067=EDGE_CURVE('',#5165,#5163,#5917,.T.);
#4068=EDGE_CURVE('',#5157,#5164,#563,.T.);
#4069=EDGE_CURVE('',#5159,#5165,#564,.T.);
#4070=EDGE_CURVE('',#5142,#5155,#565,.T.);
#4071=EDGE_CURVE('',#5166,#4780,#5918,.T.);
#4072=EDGE_CURVE('',#5166,#5167,#5919,.T.);
#4073=EDGE_CURVE('',#5167,#4781,#5920,.T.);
#4074=EDGE_CURVE('',#5168,#4803,#5921,.T.);
#4075=EDGE_CURVE('',#5168,#5166,#5922,.T.);
#4076=EDGE_CURVE('',#5169,#4802,#5923,.T.);
#4077=EDGE_CURVE('',#5169,#5168,#5924,.T.);
#4078=EDGE_CURVE('',#5170,#4801,#5925,.T.);
#4079=EDGE_CURVE('',#5170,#5169,#5926,.T.);
#4080=EDGE_CURVE('',#5171,#4800,#5927,.T.);
#4081=EDGE_CURVE('',#5171,#5170,#297,.T.);
#4082=EDGE_CURVE('',#5172,#4799,#5928,.T.);
#4083=EDGE_CURVE('',#5172,#5171,#298,.T.);
#4084=EDGE_CURVE('',#5173,#4798,#5929,.T.);
#4085=EDGE_CURVE('',#5173,#5172,#299,.T.);
#4086=EDGE_CURVE('',#5174,#4797,#5930,.T.);
#4087=EDGE_CURVE('',#5174,#5173,#566,.T.);
#4088=EDGE_CURVE('',#5175,#4796,#5931,.T.);
#4089=EDGE_CURVE('',#5175,#5174,#5932,.T.);
#4090=EDGE_CURVE('',#5176,#4795,#5933,.T.);
#4091=EDGE_CURVE('',#5176,#5175,#5934,.T.);
#4092=EDGE_CURVE('',#5177,#4794,#5935,.T.);
#4093=EDGE_CURVE('',#5177,#5176,#5936,.T.);
#4094=EDGE_CURVE('',#5178,#4793,#5937,.T.);
#4095=EDGE_CURVE('',#5178,#5177,#567,.T.);
#4096=EDGE_CURVE('',#5179,#4792,#5938,.T.);
#4097=EDGE_CURVE('',#5179,#5178,#568,.T.);
#4098=EDGE_CURVE('',#5180,#4791,#5939,.T.);
#4099=EDGE_CURVE('',#5180,#5179,#569,.T.);
#4100=EDGE_CURVE('',#5181,#4790,#5940,.T.);
#4101=EDGE_CURVE('',#5181,#5180,#5941,.T.);
#4102=EDGE_CURVE('',#5182,#4789,#5942,.T.);
#4103=EDGE_CURVE('',#5182,#5181,#5943,.T.);
#4104=EDGE_CURVE('',#5183,#4788,#5944,.T.);
#4105=EDGE_CURVE('',#5183,#5182,#5945,.T.);
#4106=EDGE_CURVE('',#5184,#4787,#5946,.T.);
#4107=EDGE_CURVE('',#5184,#5183,#5947,.T.);
#4108=EDGE_CURVE('',#5185,#4786,#5948,.T.);
#4109=EDGE_CURVE('',#5185,#5184,#5949,.T.);
#4110=EDGE_CURVE('',#5186,#4785,#5950,.T.);
#4111=EDGE_CURVE('',#5186,#5185,#300,.T.);
#4112=EDGE_CURVE('',#5187,#4784,#5951,.T.);
#4113=EDGE_CURVE('',#5187,#5186,#570,.T.);
#4114=EDGE_CURVE('',#5188,#4783,#5952,.T.);
#4115=EDGE_CURVE('',#5188,#5187,#571,.T.);
#4116=EDGE_CURVE('',#5189,#4782,#5953,.T.);
#4117=EDGE_CURVE('',#5189,#5188,#572,.T.);
#4118=EDGE_CURVE('',#5167,#5189,#5954,.T.);
#4119=EDGE_CURVE('',#5190,#5191,#5955,.T.);
#4120=EDGE_CURVE('',#5192,#5190,#5956,.T.);
#4121=EDGE_CURVE('',#5192,#5193,#5957,.T.);
#4122=EDGE_CURVE('',#5193,#5191,#5958,.T.);
#4123=EDGE_CURVE('',#5194,#5190,#5959,.T.);
#4124=EDGE_CURVE('',#5195,#5194,#5960,.T.);
#4125=EDGE_CURVE('',#5195,#5192,#5961,.T.);
#4126=EDGE_CURVE('',#5196,#5194,#573,.T.);
#4127=EDGE_CURVE('',#5197,#5196,#5962,.T.);
#4128=EDGE_CURVE('',#5197,#5195,#574,.T.);
#4129=EDGE_CURVE('',#5198,#5196,#575,.T.);
#4130=EDGE_CURVE('',#5199,#5198,#5963,.T.);
#4131=EDGE_CURVE('',#5199,#5197,#576,.T.);
#4132=EDGE_CURVE('',#5200,#5198,#577,.T.);
#4133=EDGE_CURVE('',#5201,#5200,#5964,.T.);
#4134=EDGE_CURVE('',#5201,#5199,#578,.T.);
#4135=EDGE_CURVE('',#5202,#5200,#579,.T.);
#4136=EDGE_CURVE('',#5203,#5202,#5965,.T.);
#4137=EDGE_CURVE('',#5203,#5201,#580,.T.);
#4138=EDGE_CURVE('',#5204,#4762,#5966,.T.);
#4139=EDGE_CURVE('',#5204,#5205,#5967,.T.);
#4140=EDGE_CURVE('',#5205,#4763,#5968,.T.);
#4141=EDGE_CURVE('',#5206,#4779,#5969,.T.);
#4142=EDGE_CURVE('',#5206,#5204,#5970,.T.);
#4143=EDGE_CURVE('',#5207,#4778,#5971,.T.);
#4144=EDGE_CURVE('',#5207,#5206,#5972,.T.);
#4145=EDGE_CURVE('',#5208,#4777,#5973,.T.);
#4146=EDGE_CURVE('',#5208,#5207,#581,.T.);
#4147=EDGE_CURVE('',#5209,#4776,#5974,.T.);
#4148=EDGE_CURVE('',#5209,#5208,#582,.T.);
#4149=EDGE_CURVE('',#5210,#4775,#5975,.T.);
#4150=EDGE_CURVE('',#5210,#5209,#583,.T.);
#4151=EDGE_CURVE('',#5211,#4774,#5976,.T.);
#4152=EDGE_CURVE('',#5211,#5210,#5977,.T.);
#4153=EDGE_CURVE('',#5212,#4773,#5978,.T.);
#4154=EDGE_CURVE('',#5212,#5211,#584,.T.);
#4155=EDGE_CURVE('',#5213,#4772,#5979,.T.);
#4156=EDGE_CURVE('',#5213,#5212,#585,.T.);
#4157=EDGE_CURVE('',#5214,#4771,#5980,.T.);
#4158=EDGE_CURVE('',#5214,#5213,#5981,.T.);
#4159=EDGE_CURVE('',#5215,#4770,#5982,.T.);
#4160=EDGE_CURVE('',#5215,#5214,#5983,.T.);
#4161=EDGE_CURVE('',#5216,#4769,#5984,.T.);
#4162=EDGE_CURVE('',#5216,#5215,#586,.T.);
#4163=EDGE_CURVE('',#5217,#4768,#5985,.T.);
#4164=EDGE_CURVE('',#5217,#5216,#587,.T.);
#4165=EDGE_CURVE('',#5218,#4767,#5986,.T.);
#4166=EDGE_CURVE('',#5218,#5217,#588,.T.);
#4167=EDGE_CURVE('',#5219,#4766,#5987,.T.);
#4168=EDGE_CURVE('',#5219,#5218,#589,.T.);
#4169=EDGE_CURVE('',#5220,#4765,#5988,.T.);
#4170=EDGE_CURVE('',#5220,#5219,#590,.T.);
#4171=EDGE_CURVE('',#5221,#4764,#5989,.T.);
#4172=EDGE_CURVE('',#5221,#5220,#591,.T.);
#4173=EDGE_CURVE('',#5205,#5221,#5990,.T.);
#4174=EDGE_CURVE('',#5191,#5202,#592,.T.);
#4175=EDGE_CURVE('',#5193,#5203,#593,.T.);
#4176=EDGE_CURVE('',#5222,#4744,#5991,.T.);
#4177=EDGE_CURVE('',#5222,#5223,#594,.T.);
#4178=EDGE_CURVE('',#5223,#4745,#5992,.T.);
#4179=EDGE_CURVE('',#5224,#4761,#5993,.T.);
#4180=EDGE_CURVE('',#5224,#5222,#595,.T.);
#4181=EDGE_CURVE('',#5225,#4760,#5994,.T.);
#4182=EDGE_CURVE('',#5225,#5224,#596,.T.);
#4183=EDGE_CURVE('',#5226,#4759,#5995,.T.);
#4184=EDGE_CURVE('',#5226,#5225,#5996,.T.);
#4185=EDGE_CURVE('',#5227,#4758,#5997,.T.);
#4186=EDGE_CURVE('',#5227,#5226,#5998,.T.);
#4187=EDGE_CURVE('',#5228,#4757,#5999,.T.);
#4188=EDGE_CURVE('',#5228,#5227,#6000,.T.);
#4189=EDGE_CURVE('',#5229,#4756,#6001,.T.);
#4190=EDGE_CURVE('',#5229,#5228,#6002,.T.);
#4191=EDGE_CURVE('',#5230,#4755,#6003,.T.);
#4192=EDGE_CURVE('',#5230,#5229,#6004,.T.);
#4193=EDGE_CURVE('',#5231,#4754,#6005,.T.);
#4194=EDGE_CURVE('',#5231,#5230,#6006,.T.);
#4195=EDGE_CURVE('',#5232,#4753,#6007,.T.);
#4196=EDGE_CURVE('',#5232,#5231,#6008,.T.);
#4197=EDGE_CURVE('',#5233,#4752,#6009,.T.);
#4198=EDGE_CURVE('',#5233,#5232,#6010,.T.);
#4199=EDGE_CURVE('',#5234,#4751,#6011,.T.);
#4200=EDGE_CURVE('',#5234,#5233,#6012,.T.);
#4201=EDGE_CURVE('',#5235,#4750,#6013,.T.);
#4202=EDGE_CURVE('',#5235,#5234,#6014,.T.);
#4203=EDGE_CURVE('',#5236,#4749,#6015,.T.);
#4204=EDGE_CURVE('',#5236,#5235,#6016,.T.);
#4205=EDGE_CURVE('',#5237,#4748,#6017,.T.);
#4206=EDGE_CURVE('',#5237,#5236,#597,.T.);
#4207=EDGE_CURVE('',#5238,#4747,#6018,.T.);
#4208=EDGE_CURVE('',#5238,#5237,#598,.T.);
#4209=EDGE_CURVE('',#5239,#4746,#6019,.T.);
#4210=EDGE_CURVE('',#5239,#5238,#599,.T.);
#4211=EDGE_CURVE('',#5223,#5239,#6020,.T.);
#4212=EDGE_CURVE('',#5240,#4730,#6021,.T.);
#4213=EDGE_CURVE('',#5240,#5241,#600,.T.);
#4214=EDGE_CURVE('',#5241,#4731,#6022,.T.);
#4215=EDGE_CURVE('',#5242,#4743,#6023,.T.);
#4216=EDGE_CURVE('',#5242,#5240,#601,.T.);
#4217=EDGE_CURVE('',#5243,#4742,#6024,.T.);
#4218=EDGE_CURVE('',#5243,#5242,#301,.T.);
#4219=EDGE_CURVE('',#5244,#4741,#6025,.T.);
#4220=EDGE_CURVE('',#5244,#5243,#6026,.T.);
#4221=EDGE_CURVE('',#5245,#4740,#6027,.T.);
#4222=EDGE_CURVE('',#5245,#5244,#302,.F.);
#4223=EDGE_CURVE('',#5246,#4739,#6028,.T.);
#4224=EDGE_CURVE('',#5246,#5245,#303,.F.);
#4225=EDGE_CURVE('',#5247,#4738,#6029,.T.);
#4226=EDGE_CURVE('',#5247,#5246,#602,.T.);
#4227=EDGE_CURVE('',#5248,#4737,#6030,.T.);
#4228=EDGE_CURVE('',#5248,#5247,#603,.T.);
#4229=EDGE_CURVE('',#5249,#4736,#6031,.T.);
#4230=EDGE_CURVE('',#5249,#5248,#304,.F.);
#4231=EDGE_CURVE('',#5250,#4735,#6032,.T.);
#4232=EDGE_CURVE('',#5250,#5249,#305,.F.);
#4233=EDGE_CURVE('',#5251,#4734,#6033,.T.);
#4234=EDGE_CURVE('',#5251,#5250,#6034,.T.);
#4235=EDGE_CURVE('',#5252,#4733,#6035,.T.);
#4236=EDGE_CURVE('',#5252,#5251,#604,.T.);
#4237=EDGE_CURVE('',#5253,#4732,#6036,.T.);
#4238=EDGE_CURVE('',#5253,#5252,#605,.T.);
#4239=EDGE_CURVE('',#5241,#5253,#606,.T.);
#4240=EDGE_CURVE('',#5254,#4720,#6037,.T.);
#4241=EDGE_CURVE('',#5254,#5255,#607,.T.);
#4242=EDGE_CURVE('',#5255,#4721,#6038,.T.);
#4243=EDGE_CURVE('',#5256,#4729,#6039,.T.);
#4244=EDGE_CURVE('',#5256,#5254,#608,.T.);
#4245=EDGE_CURVE('',#5257,#4728,#6040,.T.);
#4246=EDGE_CURVE('',#5257,#5256,#609,.T.);
#4247=EDGE_CURVE('',#5258,#4727,#6041,.T.);
#4248=EDGE_CURVE('',#5258,#5257,#6042,.T.);
#4249=EDGE_CURVE('',#5259,#4726,#6043,.T.);
#4250=EDGE_CURVE('',#5259,#5258,#6044,.T.);
#4251=EDGE_CURVE('',#5260,#4725,#6045,.T.);
#4252=EDGE_CURVE('',#5260,#5259,#6046,.T.);
#4253=EDGE_CURVE('',#5261,#4724,#6047,.T.);
#4254=EDGE_CURVE('',#5261,#5260,#610,.T.);
#4255=EDGE_CURVE('',#5262,#4723,#6048,.T.);
#4256=EDGE_CURVE('',#5262,#5261,#611,.T.);
#4257=EDGE_CURVE('',#5263,#4722,#6049,.T.);
#4258=EDGE_CURVE('',#5263,#5262,#306,.F.);
#4259=EDGE_CURVE('',#5255,#5263,#6050,.T.);
#4260=EDGE_CURVE('',#5264,#4703,#6051,.T.);
#4261=EDGE_CURVE('',#5264,#5265,#6052,.T.);
#4262=EDGE_CURVE('',#5265,#4704,#6053,.T.);
#4263=EDGE_CURVE('',#5266,#4719,#6054,.T.);
#4264=EDGE_CURVE('',#5266,#5264,#6055,.T.);
#4265=EDGE_CURVE('',#5267,#4718,#6056,.T.);
#4266=EDGE_CURVE('',#5267,#5266,#6057,.T.);
#4267=EDGE_CURVE('',#5268,#4717,#6058,.T.);
#4268=EDGE_CURVE('',#5268,#5267,#612,.T.);
#4269=EDGE_CURVE('',#5269,#4716,#6059,.T.);
#4270=EDGE_CURVE('',#5269,#5268,#307,.F.);
#4271=EDGE_CURVE('',#5270,#4715,#6060,.T.);
#4272=EDGE_CURVE('',#5270,#5269,#308,.F.);
#4273=EDGE_CURVE('',#5271,#4714,#6061,.T.);
#4274=EDGE_CURVE('',#5271,#5270,#6062,.T.);
#4275=EDGE_CURVE('',#5272,#4713,#6063,.T.);
#4276=EDGE_CURVE('',#5272,#5271,#309,.T.);
#4277=EDGE_CURVE('',#5273,#4712,#6064,.T.);
#4278=EDGE_CURVE('',#5273,#5272,#613,.T.);
#4279=EDGE_CURVE('',#5274,#4711,#6065,.T.);
#4280=EDGE_CURVE('',#5274,#5273,#614,.T.);
#4281=EDGE_CURVE('',#5275,#4710,#6066,.T.);
#4282=EDGE_CURVE('',#5275,#5274,#6067,.T.);
#4283=EDGE_CURVE('',#5276,#4709,#6068,.T.);
#4284=EDGE_CURVE('',#5276,#5275,#6069,.T.);
#4285=EDGE_CURVE('',#5277,#4708,#6070,.T.);
#4286=EDGE_CURVE('',#5277,#5276,#6071,.T.);
#4287=EDGE_CURVE('',#5278,#4707,#6072,.T.);
#4288=EDGE_CURVE('',#5278,#5277,#310,.T.);
#4289=EDGE_CURVE('',#5279,#4706,#6073,.T.);
#4290=EDGE_CURVE('',#5279,#5278,#6074,.T.);
#4291=EDGE_CURVE('',#5280,#4705,#6075,.T.);
#4292=EDGE_CURVE('',#5280,#5279,#615,.T.);
#4293=EDGE_CURVE('',#5265,#5280,#6076,.T.);
#4294=EDGE_CURVE('',#5281,#5282,#616,.T.);
#4295=EDGE_CURVE('',#5283,#5281,#6077,.T.);
#4296=EDGE_CURVE('',#5283,#5284,#617,.T.);
#4297=EDGE_CURVE('',#5284,#5282,#6078,.T.);
#4298=EDGE_CURVE('',#5285,#5281,#618,.T.);
#4299=EDGE_CURVE('',#5286,#5285,#6079,.T.);
#4300=EDGE_CURVE('',#5286,#5283,#619,.T.);
#4301=EDGE_CURVE('',#5287,#5285,#620,.T.);
#4302=EDGE_CURVE('',#5288,#5287,#6080,.T.);
#4303=EDGE_CURVE('',#5288,#5286,#621,.T.);
#4304=EDGE_CURVE('',#5289,#5287,#622,.T.);
#4305=EDGE_CURVE('',#5290,#5289,#6081,.T.);
#4306=EDGE_CURVE('',#5290,#5288,#623,.T.);
#4307=EDGE_CURVE('',#5291,#5289,#624,.T.);
#4308=EDGE_CURVE('',#5292,#5291,#6082,.T.);
#4309=EDGE_CURVE('',#5292,#5290,#625,.T.);
#4310=EDGE_CURVE('',#5293,#5291,#626,.T.);
#4311=EDGE_CURVE('',#5294,#5293,#6083,.T.);
#4312=EDGE_CURVE('',#5294,#5292,#627,.T.);
#4313=EDGE_CURVE('',#5295,#5293,#628,.T.);
#4314=EDGE_CURVE('',#5296,#5295,#6084,.T.);
#4315=EDGE_CURVE('',#5296,#5294,#629,.T.);
#4316=EDGE_CURVE('',#5297,#5295,#6085,.T.);
#4317=EDGE_CURVE('',#5298,#5297,#6086,.T.);
#4318=EDGE_CURVE('',#5298,#5296,#6087,.T.);
#4319=EDGE_CURVE('',#5299,#4689,#6088,.T.);
#4320=EDGE_CURVE('',#5299,#5300,#630,.T.);
#4321=EDGE_CURVE('',#5300,#4690,#6089,.T.);
#4322=EDGE_CURVE('',#5301,#4702,#6090,.T.);
#4323=EDGE_CURVE('',#5301,#5299,#631,.T.);
#4324=EDGE_CURVE('',#5302,#4701,#6091,.T.);
#4325=EDGE_CURVE('',#5302,#5301,#6092,.T.);
#4326=EDGE_CURVE('',#5303,#4700,#6093,.T.);
#4327=EDGE_CURVE('',#5303,#5302,#632,.T.);
#4328=EDGE_CURVE('',#5304,#4699,#6094,.T.);
#4329=EDGE_CURVE('',#5304,#5303,#6095,.T.);
#4330=EDGE_CURVE('',#5305,#4698,#6096,.T.);
#4331=EDGE_CURVE('',#5305,#5304,#6097,.T.);
#4332=EDGE_CURVE('',#5306,#4697,#6098,.T.);
#4333=EDGE_CURVE('',#5306,#5305,#6099,.T.);
#4334=EDGE_CURVE('',#5307,#4696,#6100,.T.);
#4335=EDGE_CURVE('',#5307,#5306,#6101,.T.);
#4336=EDGE_CURVE('',#5308,#4695,#6102,.T.);
#4337=EDGE_CURVE('',#5308,#5307,#6103,.T.);
#4338=EDGE_CURVE('',#5309,#4694,#6104,.T.);
#4339=EDGE_CURVE('',#5309,#5308,#6105,.T.);
#4340=EDGE_CURVE('',#5310,#4693,#6106,.T.);
#4341=EDGE_CURVE('',#5310,#5309,#633,.T.);
#4342=EDGE_CURVE('',#5311,#4692,#6107,.T.);
#4343=EDGE_CURVE('',#5311,#5310,#634,.T.);
#4344=EDGE_CURVE('',#5312,#4691,#6108,.T.);
#4345=EDGE_CURVE('',#5312,#5311,#635,.T.);
#4346=EDGE_CURVE('',#5300,#5312,#636,.T.);
#4347=EDGE_CURVE('',#5282,#5297,#637,.T.);
#4348=EDGE_CURVE('',#5284,#5298,#638,.T.);
#4349=EDGE_CURVE('',#5313,#4674,#6109,.T.);
#4350=EDGE_CURVE('',#5313,#5314,#639,.T.);
#4351=EDGE_CURVE('',#5314,#4675,#6110,.T.);
#4352=EDGE_CURVE('',#5315,#4688,#6111,.T.);
#4353=EDGE_CURVE('',#5315,#5313,#640,.T.);
#4354=EDGE_CURVE('',#5316,#4687,#6112,.T.);
#4355=EDGE_CURVE('',#5316,#5315,#311,.T.);
#4356=EDGE_CURVE('',#5317,#4686,#6113,.T.);
#4357=EDGE_CURVE('',#5317,#5316,#6114,.T.);
#4358=EDGE_CURVE('',#5318,#4685,#6115,.T.);
#4359=EDGE_CURVE('',#5318,#5317,#312,.F.);
#4360=EDGE_CURVE('',#5319,#4684,#6116,.T.);
#4361=EDGE_CURVE('',#5319,#5318,#313,.F.);
#4362=EDGE_CURVE('',#5320,#4683,#6117,.T.);
#4363=EDGE_CURVE('',#5320,#5319,#641,.T.);
#4364=EDGE_CURVE('',#5321,#4682,#6118,.T.);
#4365=EDGE_CURVE('',#5321,#5320,#642,.T.);
#4366=EDGE_CURVE('',#5322,#4681,#6119,.T.);
#4367=EDGE_CURVE('',#5322,#5321,#6120,.T.);
#4368=EDGE_CURVE('',#5323,#4680,#6121,.T.);
#4369=EDGE_CURVE('',#5323,#5322,#6122,.T.);
#4370=EDGE_CURVE('',#5324,#4679,#6123,.T.);
#4371=EDGE_CURVE('',#5324,#5323,#643,.T.);
#4372=EDGE_CURVE('',#5325,#4678,#6124,.T.);
#4373=EDGE_CURVE('',#5325,#5324,#644,.T.);
#4374=EDGE_CURVE('',#5326,#4677,#6125,.T.);
#4375=EDGE_CURVE('',#5326,#5325,#645,.T.);
#4376=EDGE_CURVE('',#5327,#4676,#6126,.T.);
#4377=EDGE_CURVE('',#5327,#5326,#646,.T.);
#4378=EDGE_CURVE('',#5328,#5329,#647,.T.);
#4379=EDGE_CURVE('',#5330,#5328,#6127,.T.);
#4380=EDGE_CURVE('',#5330,#5331,#648,.T.);
#4381=EDGE_CURVE('',#5331,#5329,#6128,.T.);
#4382=EDGE_CURVE('',#5332,#5328,#649,.T.);
#4383=EDGE_CURVE('',#5333,#5332,#6129,.T.);
#4384=EDGE_CURVE('',#5333,#5330,#650,.T.);
#4385=EDGE_CURVE('',#5334,#5332,#651,.T.);
#4386=EDGE_CURVE('',#5335,#5334,#6130,.T.);
#4387=EDGE_CURVE('',#5335,#5333,#652,.T.);
#4388=EDGE_CURVE('',#5336,#5334,#6131,.T.);
#4389=EDGE_CURVE('',#5337,#5336,#6132,.T.);
#4390=EDGE_CURVE('',#5337,#5335,#6133,.T.);
#4391=EDGE_CURVE('',#5329,#5336,#653,.T.);
#4392=EDGE_CURVE('',#5331,#5337,#654,.T.);
#4393=EDGE_CURVE('',#5314,#5327,#655,.T.);
#4394=EDGE_CURVE('',#5338,#4657,#6134,.T.);
#4395=EDGE_CURVE('',#5338,#5339,#6135,.T.);
#4396=EDGE_CURVE('',#5339,#4658,#6136,.T.);
#4397=EDGE_CURVE('',#5340,#4673,#6137,.T.);
#4398=EDGE_CURVE('',#5340,#5338,#6138,.T.);
#4399=EDGE_CURVE('',#5341,#4672,#6139,.T.);
#4400=EDGE_CURVE('',#5341,#5340,#656,.T.);
#4401=EDGE_CURVE('',#5342,#4671,#6140,.T.);
#4402=EDGE_CURVE('',#5342,#5341,#657,.T.);
#4403=EDGE_CURVE('',#5343,#4670,#6141,.T.);
#4404=EDGE_CURVE('',#5343,#5342,#658,.T.);
#4405=EDGE_CURVE('',#5344,#4669,#6142,.T.);
#4406=EDGE_CURVE('',#5344,#5343,#6143,.T.);
#4407=EDGE_CURVE('',#5345,#4668,#6144,.T.);
#4408=EDGE_CURVE('',#5345,#5344,#6145,.T.);
#4409=EDGE_CURVE('',#5346,#4667,#6146,.T.);
#4410=EDGE_CURVE('',#5346,#5345,#659,.T.);
#4411=EDGE_CURVE('',#5347,#4666,#6147,.T.);
#4412=EDGE_CURVE('',#5347,#5346,#6148,.T.);
#4413=EDGE_CURVE('',#5348,#4665,#6149,.T.);
#4414=EDGE_CURVE('',#5348,#5347,#6150,.T.);
#4415=EDGE_CURVE('',#5349,#4664,#6151,.T.);
#4416=EDGE_CURVE('',#5349,#5348,#6152,.T.);
#4417=EDGE_CURVE('',#5350,#4663,#6153,.T.);
#4418=EDGE_CURVE('',#5350,#5349,#6154,.T.);
#4419=EDGE_CURVE('',#5351,#4662,#6155,.T.);
#4420=EDGE_CURVE('',#5351,#5350,#6156,.T.);
#4421=EDGE_CURVE('',#5352,#4661,#6157,.T.);
#4422=EDGE_CURVE('',#5352,#5351,#660,.T.);
#4423=EDGE_CURVE('',#5353,#4660,#6158,.T.);
#4424=EDGE_CURVE('',#5353,#5352,#661,.T.);
#4425=EDGE_CURVE('',#5354,#4659,#6159,.T.);
#4426=EDGE_CURVE('',#5354,#5353,#662,.T.);
#4427=EDGE_CURVE('',#5339,#5354,#6160,.T.);
#4428=EDGE_CURVE('',#5355,#4638,#6161,.T.);
#4429=EDGE_CURVE('',#5355,#5356,#6162,.T.);
#4430=EDGE_CURVE('',#5356,#4639,#6163,.T.);
#4431=EDGE_CURVE('',#5357,#4656,#6164,.T.);
#4432=EDGE_CURVE('',#5357,#5355,#6165,.T.);
#4433=EDGE_CURVE('',#5358,#4655,#6166,.T.);
#4434=EDGE_CURVE('',#5358,#5357,#6167,.T.);
#4435=EDGE_CURVE('',#5359,#4654,#6168,.T.);
#4436=EDGE_CURVE('',#5359,#5358,#6169,.T.);
#4437=EDGE_CURVE('',#5360,#4653,#6170,.T.);
#4438=EDGE_CURVE('',#5360,#5359,#314,.T.);
#4439=EDGE_CURVE('',#5361,#4652,#6171,.T.);
#4440=EDGE_CURVE('',#5361,#5360,#315,.T.);
#4441=EDGE_CURVE('',#5362,#4651,#6172,.T.);
#4442=EDGE_CURVE('',#5362,#5361,#6173,.T.);
#4443=EDGE_CURVE('',#5363,#4650,#6174,.T.);
#4444=EDGE_CURVE('',#5363,#5362,#6175,.T.);
#4445=EDGE_CURVE('',#5364,#4649,#6176,.T.);
#4446=EDGE_CURVE('',#5364,#5363,#6177,.T.);
#4447=EDGE_CURVE('',#5365,#4648,#6178,.T.);
#4448=EDGE_CURVE('',#5365,#5364,#6179,.T.);
#4449=EDGE_CURVE('',#5366,#4647,#6180,.T.);
#4450=EDGE_CURVE('',#5366,#5365,#6181,.T.);
#4451=EDGE_CURVE('',#5367,#4646,#6182,.T.);
#4452=EDGE_CURVE('',#5367,#5366,#6183,.T.);
#4453=EDGE_CURVE('',#5368,#4645,#6184,.T.);
#4454=EDGE_CURVE('',#5368,#5367,#6185,.T.);
#4455=EDGE_CURVE('',#5369,#4644,#6186,.T.);
#4456=EDGE_CURVE('',#5369,#5368,#6187,.T.);
#4457=EDGE_CURVE('',#5370,#4643,#6188,.T.);
#4458=EDGE_CURVE('',#5370,#5369,#6189,.T.);
#4459=EDGE_CURVE('',#5371,#4642,#6190,.T.);
#4460=EDGE_CURVE('',#5371,#5370,#6191,.T.);
#4461=EDGE_CURVE('',#5372,#4641,#6192,.T.);
#4462=EDGE_CURVE('',#5372,#5371,#6193,.T.);
#4463=EDGE_CURVE('',#5373,#4640,#6194,.T.);
#4464=EDGE_CURVE('',#5373,#5372,#663,.T.);
#4465=EDGE_CURVE('',#5356,#5373,#6195,.T.);
#4466=EDGE_CURVE('',#5374,#5375,#6196,.T.);
#4467=EDGE_CURVE('',#5376,#5374,#6197,.T.);
#4468=EDGE_CURVE('',#5376,#5377,#6198,.T.);
#4469=EDGE_CURVE('',#5377,#5375,#6199,.T.);
#4470=EDGE_CURVE('',#5378,#5374,#6200,.T.);
#4471=EDGE_CURVE('',#5379,#5378,#6201,.T.);
#4472=EDGE_CURVE('',#5379,#5376,#6202,.T.);
#4473=EDGE_CURVE('',#5380,#5378,#664,.T.);
#4474=EDGE_CURVE('',#5381,#5380,#6203,.T.);
#4475=EDGE_CURVE('',#5381,#5379,#665,.T.);
#4476=EDGE_CURVE('',#5382,#5380,#666,.T.);
#4477=EDGE_CURVE('',#5383,#5382,#6204,.T.);
#4478=EDGE_CURVE('',#5383,#5381,#667,.T.);
#4479=EDGE_CURVE('',#5384,#5382,#668,.T.);
#4480=EDGE_CURVE('',#5385,#5384,#6205,.T.);
#4481=EDGE_CURVE('',#5385,#5383,#669,.T.);
#4482=EDGE_CURVE('',#5386,#5384,#670,.T.);
#4483=EDGE_CURVE('',#5387,#5386,#6206,.T.);
#4484=EDGE_CURVE('',#5387,#5385,#671,.T.);
#4485=EDGE_CURVE('',#5388,#4620,#6207,.T.);
#4486=EDGE_CURVE('',#5388,#5389,#6208,.T.);
#4487=EDGE_CURVE('',#5389,#4621,#6209,.T.);
#4488=EDGE_CURVE('',#5390,#4637,#6210,.T.);
#4489=EDGE_CURVE('',#5390,#5388,#6211,.T.);
#4490=EDGE_CURVE('',#5391,#4636,#6212,.T.);
#4491=EDGE_CURVE('',#5391,#5390,#6213,.T.);
#4492=EDGE_CURVE('',#5392,#4635,#6214,.T.);
#4493=EDGE_CURVE('',#5392,#5391,#672,.T.);
#4494=EDGE_CURVE('',#5393,#4634,#6215,.T.);
#4495=EDGE_CURVE('',#5393,#5392,#673,.T.);
#4496=EDGE_CURVE('',#5394,#4633,#6216,.T.);
#4497=EDGE_CURVE('',#5394,#5393,#674,.T.);
#4498=EDGE_CURVE('',#5395,#4632,#6217,.T.);
#4499=EDGE_CURVE('',#5395,#5394,#6218,.T.);
#4500=EDGE_CURVE('',#5396,#4631,#6219,.T.);
#4501=EDGE_CURVE('',#5396,#5395,#675,.T.);
#4502=EDGE_CURVE('',#5397,#4630,#6220,.T.);
#4503=EDGE_CURVE('',#5397,#5396,#676,.T.);
#4504=EDGE_CURVE('',#5398,#4629,#6221,.T.);
#4505=EDGE_CURVE('',#5398,#5397,#6222,.T.);
#4506=EDGE_CURVE('',#5399,#4628,#6223,.T.);
#4507=EDGE_CURVE('',#5399,#5398,#6224,.T.);
#4508=EDGE_CURVE('',#5400,#4627,#6225,.T.);
#4509=EDGE_CURVE('',#5400,#5399,#677,.T.);
#4510=EDGE_CURVE('',#5401,#4626,#6226,.T.);
#4511=EDGE_CURVE('',#5401,#5400,#678,.T.);
#4512=EDGE_CURVE('',#5402,#4625,#6227,.T.);
#4513=EDGE_CURVE('',#5402,#5401,#679,.T.);
#4514=EDGE_CURVE('',#5403,#4624,#6228,.T.);
#4515=EDGE_CURVE('',#5403,#5402,#680,.T.);
#4516=EDGE_CURVE('',#5404,#4623,#6229,.T.);
#4517=EDGE_CURVE('',#5404,#5403,#681,.T.);
#4518=EDGE_CURVE('',#5405,#4622,#6230,.T.);
#4519=EDGE_CURVE('',#5405,#5404,#682,.T.);
#4520=EDGE_CURVE('',#5389,#5405,#6231,.T.);
#4521=EDGE_CURVE('',#5375,#5386,#683,.T.);
#4522=EDGE_CURVE('',#5377,#5387,#684,.T.);
#4523=EDGE_CURVE('',#5406,#5407,#685,.T.);
#4524=EDGE_CURVE('',#5408,#5406,#6232,.T.);
#4525=EDGE_CURVE('',#5408,#5409,#686,.T.);
#4526=EDGE_CURVE('',#5409,#5407,#6233,.T.);
#4527=EDGE_CURVE('',#5410,#5406,#687,.T.);
#4528=EDGE_CURVE('',#5411,#5410,#6234,.T.);
#4529=EDGE_CURVE('',#5411,#5408,#688,.T.);
#4530=EDGE_CURVE('',#5412,#5410,#689,.T.);
#4531=EDGE_CURVE('',#5413,#5412,#6235,.T.);
#4532=EDGE_CURVE('',#5413,#5411,#690,.T.);
#4533=EDGE_CURVE('',#5414,#5412,#691,.T.);
#4534=EDGE_CURVE('',#5415,#5414,#6236,.T.);
#4535=EDGE_CURVE('',#5415,#5413,#692,.T.);
#4536=EDGE_CURVE('',#5416,#5414,#693,.T.);
#4537=EDGE_CURVE('',#5417,#5416,#6237,.T.);
#4538=EDGE_CURVE('',#5417,#5415,#694,.T.);
#4539=EDGE_CURVE('',#5418,#5416,#695,.T.);
#4540=EDGE_CURVE('',#5419,#5418,#6238,.T.);
#4541=EDGE_CURVE('',#5419,#5417,#696,.T.);
#4542=EDGE_CURVE('',#5420,#5418,#697,.T.);
#4543=EDGE_CURVE('',#5421,#5420,#6239,.T.);
#4544=EDGE_CURVE('',#5421,#5419,#698,.T.);
#4545=EDGE_CURVE('',#5422,#5420,#6240,.T.);
#4546=EDGE_CURVE('',#5423,#5422,#6241,.T.);
#4547=EDGE_CURVE('',#5423,#5421,#6242,.T.);
#4548=EDGE_CURVE('',#5424,#4606,#6243,.T.);
#4549=EDGE_CURVE('',#5424,#5425,#699,.T.);
#4550=EDGE_CURVE('',#5425,#4607,#6244,.T.);
#4551=EDGE_CURVE('',#5426,#4619,#6245,.T.);
#4552=EDGE_CURVE('',#5426,#5424,#700,.T.);
#4553=EDGE_CURVE('',#5427,#4618,#6246,.T.);
#4554=EDGE_CURVE('',#5427,#5426,#6247,.T.);
#4555=EDGE_CURVE('',#5428,#4617,#6248,.T.);
#4556=EDGE_CURVE('',#5428,#5427,#6249,.T.);
#4557=EDGE_CURVE('',#5429,#4616,#6250,.T.);
#4558=EDGE_CURVE('',#5429,#5428,#6251,.T.);
#4559=EDGE_CURVE('',#5430,#4615,#6252,.T.);
#4560=EDGE_CURVE('',#5430,#5429,#6253,.T.);
#4561=EDGE_CURVE('',#5431,#4614,#6254,.T.);
#4562=EDGE_CURVE('',#5431,#5430,#6255,.T.);
#4563=EDGE_CURVE('',#5432,#4613,#6256,.T.);
#4564=EDGE_CURVE('',#5432,#5431,#6257,.T.);
#4565=EDGE_CURVE('',#5433,#4612,#6258,.T.);
#4566=EDGE_CURVE('',#5433,#5432,#701,.T.);
#4567=EDGE_CURVE('',#5434,#4611,#6259,.T.);
#4568=EDGE_CURVE('',#5434,#5433,#6260,.T.);
#4569=EDGE_CURVE('',#5435,#4610,#6261,.T.);
#4570=EDGE_CURVE('',#5435,#5434,#702,.T.);
#4571=EDGE_CURVE('',#5436,#4609,#6262,.T.);
#4572=EDGE_CURVE('',#5436,#5435,#703,.T.);
#4573=EDGE_CURVE('',#5437,#4608,#6263,.T.);
#4574=EDGE_CURVE('',#5437,#5436,#704,.T.);
#4575=EDGE_CURVE('',#5425,#5437,#705,.T.);
#4576=EDGE_CURVE('',#5407,#5422,#706,.T.);
#4577=EDGE_CURVE('',#5409,#5423,#707,.T.);
#4578=VERTEX_POINT('',#10651);
#4579=VERTEX_POINT('',#10652);
#4580=VERTEX_POINT('',#10654);
#4581=VERTEX_POINT('',#10656);
#4582=VERTEX_POINT('',#10658);
#4583=VERTEX_POINT('',#10660);
#4584=VERTEX_POINT('',#10662);
#4585=VERTEX_POINT('',#10664);
#4586=VERTEX_POINT('',#10666);
#4587=VERTEX_POINT('',#10668);
#4588=VERTEX_POINT('',#10670);
#4589=VERTEX_POINT('',#10672);
#4590=VERTEX_POINT('',#10676);
#4591=VERTEX_POINT('',#10678);
#4592=VERTEX_POINT('',#10681);
#4593=VERTEX_POINT('',#10683);
#4594=VERTEX_POINT('',#10686);
#4595=VERTEX_POINT('',#10688);
#4596=VERTEX_POINT('',#10692);
#4597=VERTEX_POINT('',#10694);
#4598=VERTEX_POINT('',#10700);
#4599=VERTEX_POINT('',#10702);
#4600=VERTEX_POINT('',#10711);
#4601=VERTEX_POINT('',#10712);
#4602=VERTEX_POINT('',#10714);
#4603=VERTEX_POINT('',#10716);
#4604=VERTEX_POINT('',#10722);
#4605=VERTEX_POINT('',#10726);
#4606=VERTEX_POINT('',#10735);
#4607=VERTEX_POINT('',#10736);
#4608=VERTEX_POINT('',#10740);
#4609=VERTEX_POINT('',#10744);
#4610=VERTEX_POINT('',#10748);
#4611=VERTEX_POINT('',#10752);
#4612=VERTEX_POINT('',#10754);
#4613=VERTEX_POINT('',#10758);
#4614=VERTEX_POINT('',#10760);
#4615=VERTEX_POINT('',#10762);
#4616=VERTEX_POINT('',#10764);
#4617=VERTEX_POINT('',#10766);
#4618=VERTEX_POINT('',#10768);
#4619=VERTEX_POINT('',#10770);
#4620=VERTEX_POINT('',#10775);
#4621=VERTEX_POINT('',#10776);
#4622=VERTEX_POINT('',#10778);
#4623=VERTEX_POINT('',#10782);
#4624=VERTEX_POINT('',#10786);
#4625=VERTEX_POINT('',#10790);
#4626=VERTEX_POINT('',#10794);
#4627=VERTEX_POINT('',#10798);
#4628=VERTEX_POINT('',#10802);
#4629=VERTEX_POINT('',#10804);
#4630=VERTEX_POINT('',#10806);
#4631=VERTEX_POINT('',#10810);
#4632=VERTEX_POINT('',#10814);
#4633=VERTEX_POINT('',#10816);
#4634=VERTEX_POINT('',#10820);
#4635=VERTEX_POINT('',#10824);
#4636=VERTEX_POINT('',#10828);
#4637=VERTEX_POINT('',#10830);
#4638=VERTEX_POINT('',#10833);
#4639=VERTEX_POINT('',#10834);
#4640=VERTEX_POINT('',#10836);
#4641=VERTEX_POINT('',#10840);
#4642=VERTEX_POINT('',#10842);
#4643=VERTEX_POINT('',#10844);
#4644=VERTEX_POINT('',#10846);
#4645=VERTEX_POINT('',#10848);
#4646=VERTEX_POINT('',#10850);
#4647=VERTEX_POINT('',#10852);
#4648=VERTEX_POINT('',#10854);
#4649=VERTEX_POINT('',#10856);
#4650=VERTEX_POINT('',#10858);
#4651=VERTEX_POINT('',#10860);
#4652=VERTEX_POINT('',#10862);
#4653=VERTEX_POINT('',#10864);
#4654=VERTEX_POINT('',#10866);
#4655=VERTEX_POINT('',#10868);
#4656=VERTEX_POINT('',#10870);
#4657=VERTEX_POINT('',#10873);
#4658=VERTEX_POINT('',#10874);
#4659=VERTEX_POINT('',#10876);
#4660=VERTEX_POINT('',#10880);
#4661=VERTEX_POINT('',#10884);
#4662=VERTEX_POINT('',#10888);
#4663=VERTEX_POINT('',#10890);
#4664=VERTEX_POINT('',#10892);
#4665=VERTEX_POINT('',#10894);
#4666=VERTEX_POINT('',#10896);
#4667=VERTEX_POINT('',#10898);
#4668=VERTEX_POINT('',#10902);
#4669=VERTEX_POINT('',#10904);
#4670=VERTEX_POINT('',#10906);
#4671=VERTEX_POINT('',#10910);
#4672=VERTEX_POINT('',#10914);
#4673=VERTEX_POINT('',#10918);
#4674=VERTEX_POINT('',#10923);
#4675=VERTEX_POINT('',#10924);
#4676=VERTEX_POINT('',#10928);
#4677=VERTEX_POINT('',#10932);
#4678=VERTEX_POINT('',#10936);
#4679=VERTEX_POINT('',#10940);
#4680=VERTEX_POINT('',#10944);
#4681=VERTEX_POINT('',#10946);
#4682=VERTEX_POINT('',#10948);
#4683=VERTEX_POINT('',#10952);
#4684=VERTEX_POINT('',#10956);
#4685=VERTEX_POINT('',#10958);
#4686=VERTEX_POINT('',#10960);
#4687=VERTEX_POINT('',#10962);
#4688=VERTEX_POINT('',#10964);
#4689=VERTEX_POINT('',#10971);
#4690=VERTEX_POINT('',#10972);
#4691=VERTEX_POINT('',#10976);
#4692=VERTEX_POINT('',#10980);
#4693=VERTEX_POINT('',#10984);
#4694=VERTEX_POINT('',#10988);
#4695=VERTEX_POINT('',#10990);
#4696=VERTEX_POINT('',#10992);
#4697=VERTEX_POINT('',#10994);
#4698=VERTEX_POINT('',#10996);
#4699=VERTEX_POINT('',#10998);
#4700=VERTEX_POINT('',#11000);
#4701=VERTEX_POINT('',#11004);
#4702=VERTEX_POINT('',#11006);
#4703=VERTEX_POINT('',#11011);
#4704=VERTEX_POINT('',#11012);
#4705=VERTEX_POINT('',#11014);
#4706=VERTEX_POINT('',#11018);
#4707=VERTEX_POINT('',#11020);
#4708=VERTEX_POINT('',#11022);
#4709=VERTEX_POINT('',#11024);
#4710=VERTEX_POINT('',#11026);
#4711=VERTEX_POINT('',#11028);
#4712=VERTEX_POINT('',#11032);
#4713=VERTEX_POINT('',#11036);
#4714=VERTEX_POINT('',#11038);
#4715=VERTEX_POINT('',#11040);
#4716=VERTEX_POINT('',#11042);
#4717=VERTEX_POINT('',#11044);
#4718=VERTEX_POINT('',#11048);
#4719=VERTEX_POINT('',#11050);
#4720=VERTEX_POINT('',#11055);
#4721=VERTEX_POINT('',#11056);
#4722=VERTEX_POINT('',#11058);
#4723=VERTEX_POINT('',#11060);
#4724=VERTEX_POINT('',#11064);
#4725=VERTEX_POINT('',#11068);
#4726=VERTEX_POINT('',#11070);
#4727=VERTEX_POINT('',#11072);
#4728=VERTEX_POINT('',#11074);
#4729=VERTEX_POINT('',#11078);
#4730=VERTEX_POINT('',#11085);
#4731=VERTEX_POINT('',#11086);
#4732=VERTEX_POINT('',#11090);
#4733=VERTEX_POINT('',#11094);
#4734=VERTEX_POINT('',#11098);
#4735=VERTEX_POINT('',#11100);
#4736=VERTEX_POINT('',#11102);
#4737=VERTEX_POINT('',#11104);
#4738=VERTEX_POINT('',#11108);
#4739=VERTEX_POINT('',#11112);
#4740=VERTEX_POINT('',#11114);
#4741=VERTEX_POINT('',#11116);
#4742=VERTEX_POINT('',#11118);
#4743=VERTEX_POINT('',#11120);
#4744=VERTEX_POINT('',#11127);
#4745=VERTEX_POINT('',#11128);
#4746=VERTEX_POINT('',#11130);
#4747=VERTEX_POINT('',#11134);
#4748=VERTEX_POINT('',#11138);
#4749=VERTEX_POINT('',#11142);
#4750=VERTEX_POINT('',#11144);
#4751=VERTEX_POINT('',#11146);
#4752=VERTEX_POINT('',#11148);
#4753=VERTEX_POINT('',#11150);
#4754=VERTEX_POINT('',#11152);
#4755=VERTEX_POINT('',#11154);
#4756=VERTEX_POINT('',#11156);
#4757=VERTEX_POINT('',#11158);
#4758=VERTEX_POINT('',#11160);
#4759=VERTEX_POINT('',#11162);
#4760=VERTEX_POINT('',#11164);
#4761=VERTEX_POINT('',#11168);
#4762=VERTEX_POINT('',#11173);
#4763=VERTEX_POINT('',#11174);
#4764=VERTEX_POINT('',#11176);
#4765=VERTEX_POINT('',#11180);
#4766=VERTEX_POINT('',#11184);
#4767=VERTEX_POINT('',#11188);
#4768=VERTEX_POINT('',#11192);
#4769=VERTEX_POINT('',#11196);
#4770=VERTEX_POINT('',#11200);
#4771=VERTEX_POINT('',#11202);
#4772=VERTEX_POINT('',#11204);
#4773=VERTEX_POINT('',#11208);
#4774=VERTEX_POINT('',#11212);
#4775=VERTEX_POINT('',#11214);
#4776=VERTEX_POINT('',#11218);
#4777=VERTEX_POINT('',#11222);
#4778=VERTEX_POINT('',#11226);
#4779=VERTEX_POINT('',#11228);
#4780=VERTEX_POINT('',#11231);
#4781=VERTEX_POINT('',#11232);
#4782=VERTEX_POINT('',#11234);
#4783=VERTEX_POINT('',#11238);
#4784=VERTEX_POINT('',#11242);
#4785=VERTEX_POINT('',#11246);
#4786=VERTEX_POINT('',#11248);
#4787=VERTEX_POINT('',#11250);
#4788=VERTEX_POINT('',#11252);
#4789=VERTEX_POINT('',#11254);
#4790=VERTEX_POINT('',#11256);
#4791=VERTEX_POINT('',#11258);
#4792=VERTEX_POINT('',#11262);
#4793=VERTEX_POINT('',#11266);
#4794=VERTEX_POINT('',#11270);
#4795=VERTEX_POINT('',#11272);
#4796=VERTEX_POINT('',#11274);
#4797=VERTEX_POINT('',#11276);
#4798=VERTEX_POINT('',#11280);
#4799=VERTEX_POINT('',#11282);
#4800=VERTEX_POINT('',#11284);
#4801=VERTEX_POINT('',#11286);
#4802=VERTEX_POINT('',#11288);
#4803=VERTEX_POINT('',#11290);
#4804=VERTEX_POINT('',#11295);
#4805=VERTEX_POINT('',#11296);
#4806=VERTEX_POINT('',#11300);
#4807=VERTEX_POINT('',#11304);
#4808=VERTEX_POINT('',#11308);
#4809=VERTEX_POINT('',#11312);
#4810=VERTEX_POINT('',#11316);
#4811=VERTEX_POINT('',#11318);
#4812=VERTEX_POINT('',#11320);
#4813=VERTEX_POINT('',#11324);
#4814=VERTEX_POINT('',#11328);
#4815=VERTEX_POINT('',#11330);
#4816=VERTEX_POINT('',#11332);
#4817=VERTEX_POINT('',#11334);
#4818=VERTEX_POINT('',#11336);
#4819=VERTEX_POINT('',#11343);
#4820=VERTEX_POINT('',#11344);
#4821=VERTEX_POINT('',#11346);
#4822=VERTEX_POINT('',#11350);
#4823=VERTEX_POINT('',#11354);
#4824=VERTEX_POINT('',#11358);
#4825=VERTEX_POINT('',#11360);
#4826=VERTEX_POINT('',#11362);
#4827=VERTEX_POINT('',#11364);
#4828=VERTEX_POINT('',#11366);
#4829=VERTEX_POINT('',#11368);
#4830=VERTEX_POINT('',#11370);
#4831=VERTEX_POINT('',#11372);
#4832=VERTEX_POINT('',#11375);
#4833=VERTEX_POINT('',#11376);
#4834=VERTEX_POINT('',#11378);
#4835=VERTEX_POINT('',#11380);
#4836=VERTEX_POINT('',#11385);
#4837=VERTEX_POINT('',#11386);
#4838=VERTEX_POINT('',#11390);
#4839=VERTEX_POINT('',#11394);
#4840=VERTEX_POINT('',#11398);
#4841=VERTEX_POINT('',#11403);
#4842=VERTEX_POINT('',#11404);
#4843=VERTEX_POINT('',#11406);
#4844=VERTEX_POINT('',#11410);
#4845=VERTEX_POINT('',#11414);
#4846=VERTEX_POINT('',#11418);
#4847=VERTEX_POINT('',#11420);
#4848=VERTEX_POINT('',#11422);
#4849=VERTEX_POINT('',#11424);
#4850=VERTEX_POINT('',#11426);
#4851=VERTEX_POINT('',#11428);
#4852=VERTEX_POINT('',#11430);
#4853=VERTEX_POINT('',#11432);
#4854=VERTEX_POINT('',#11434);
#4855=VERTEX_POINT('',#11438);
#4856=VERTEX_POINT('',#11442);
#4857=VERTEX_POINT('',#11446);
#4858=VERTEX_POINT('',#11451);
#4859=VERTEX_POINT('',#11452);
#4860=VERTEX_POINT('',#11456);
#4861=VERTEX_POINT('',#11460);
#4862=VERTEX_POINT('',#11464);
#4863=VERTEX_POINT('',#11471);
#4864=VERTEX_POINT('',#11472);
#4865=VERTEX_POINT('',#11474);
#4866=VERTEX_POINT('',#11476);
#4867=VERTEX_POINT('',#11480);
#4868=VERTEX_POINT('',#11484);
#4869=VERTEX_POINT('',#11486);
#4870=VERTEX_POINT('',#11488);
#4871=VERTEX_POINT('',#11490);
#4872=VERTEX_POINT('',#11494);
#4873=VERTEX_POINT('',#11499);
#4874=VERTEX_POINT('',#11500);
#4875=VERTEX_POINT('',#11502);
#4876=VERTEX_POINT('',#11506);
#4877=VERTEX_POINT('',#11510);
#4878=VERTEX_POINT('',#11514);
#4879=VERTEX_POINT('',#11518);
#4880=VERTEX_POINT('',#11520);
#4881=VERTEX_POINT('',#11522);
#4882=VERTEX_POINT('',#11524);
#4883=VERTEX_POINT('',#11528);
#4884=VERTEX_POINT('',#11532);
#4885=VERTEX_POINT('',#11536);
#4886=VERTEX_POINT('',#11540);
#4887=VERTEX_POINT('',#11542);
#4888=VERTEX_POINT('',#11544);
#4889=VERTEX_POINT('',#11546);
#4890=VERTEX_POINT('',#11549);
#4891=VERTEX_POINT('',#11550);
#4892=VERTEX_POINT('',#11552);
#4893=VERTEX_POINT('',#11556);
#4894=VERTEX_POINT('',#11560);
#4895=VERTEX_POINT('',#11564);
#4896=VERTEX_POINT('',#11568);
#4897=VERTEX_POINT('',#11572);
#4898=VERTEX_POINT('',#11576);
#4899=VERTEX_POINT('',#11578);
#4900=VERTEX_POINT('',#11580);
#4901=VERTEX_POINT('',#11584);
#4902=VERTEX_POINT('',#11588);
#4903=VERTEX_POINT('',#11590);
#4904=VERTEX_POINT('',#11594);
#4905=VERTEX_POINT('',#11598);
#4906=VERTEX_POINT('',#11602);
#4907=VERTEX_POINT('',#11604);
#4908=VERTEX_POINT('',#11607);
#4909=VERTEX_POINT('',#11608);
#4910=VERTEX_POINT('',#11610);
#4911=VERTEX_POINT('',#11612);
#4912=VERTEX_POINT('',#11616);
#4913=VERTEX_POINT('',#11620);
#4914=VERTEX_POINT('',#11622);
#4915=VERTEX_POINT('',#11624);
#4916=VERTEX_POINT('',#11626);
#4917=VERTEX_POINT('',#11628);
#4918=VERTEX_POINT('',#11630);
#4919=VERTEX_POINT('',#11632);
#4920=VERTEX_POINT('',#11634);
#4921=VERTEX_POINT('',#11639);
#4922=VERTEX_POINT('',#11640);
#4923=VERTEX_POINT('',#11644);
#4924=VERTEX_POINT('',#11648);
#4925=VERTEX_POINT('',#11650);
#4926=VERTEX_POINT('',#11654);
#4927=VERTEX_POINT('',#11658);
#4928=VERTEX_POINT('',#11662);
#4929=VERTEX_POINT('',#11666);
#4930=VERTEX_POINT('',#11668);
#4931=VERTEX_POINT('',#11672);
#4932=VERTEX_POINT('',#11676);
#4933=VERTEX_POINT('',#11680);
#4934=VERTEX_POINT('',#11682);
#4935=VERTEX_POINT('',#11686);
#4936=VERTEX_POINT('',#11690);
#4937=VERTEX_POINT('',#11694);
#4938=VERTEX_POINT('',#11696);
#4939=VERTEX_POINT('',#11698);
#4940=VERTEX_POINT('',#11700);
#4941=VERTEX_POINT('',#11704);
#4942=VERTEX_POINT('',#11706);
#4943=VERTEX_POINT('',#11710);
#4944=VERTEX_POINT('',#11714);
#4945=VERTEX_POINT('',#11716);
#4946=VERTEX_POINT('',#11720);
#4947=VERTEX_POINT('',#11724);
#4948=VERTEX_POINT('',#11728);
#4949=VERTEX_POINT('',#11733);
#4950=VERTEX_POINT('',#11734);
#4951=VERTEX_POINT('',#11736);
#4952=VERTEX_POINT('',#11738);
#4953=VERTEX_POINT('',#11740);
#4954=VERTEX_POINT('',#11742);
#4955=VERTEX_POINT('',#11744);
#4956=VERTEX_POINT('',#11746);
#4957=VERTEX_POINT('',#11748);
#4958=VERTEX_POINT('',#11750);
#4959=VERTEX_POINT('',#11753);
#4960=VERTEX_POINT('',#11754);
#4961=VERTEX_POINT('',#11756);
#4962=VERTEX_POINT('',#11758);
#4963=VERTEX_POINT('',#11761);
#4964=VERTEX_POINT('',#11763);
#4965=VERTEX_POINT('',#11767);
#4966=VERTEX_POINT('',#11769);
#4967=VERTEX_POINT('',#11773);
#4968=VERTEX_POINT('',#11775);
#4969=VERTEX_POINT('',#11778);
#4970=VERTEX_POINT('',#11779);
#4971=VERTEX_POINT('',#11781);
#4972=VERTEX_POINT('',#11783);
#4973=VERTEX_POINT('',#11787);
#4974=VERTEX_POINT('',#11791);
#4975=VERTEX_POINT('',#11797);
#4976=VERTEX_POINT('',#11799);
#4977=VERTEX_POINT('',#11801);
#4978=VERTEX_POINT('',#11803);
#4979=VERTEX_POINT('',#11808);
#4980=VERTEX_POINT('',#11810);
#4981=VERTEX_POINT('',#11814);
#4982=VERTEX_POINT('',#11816);
#4983=VERTEX_POINT('',#11825);
#4984=VERTEX_POINT('',#11826);
#4985=VERTEX_POINT('',#11832);
#4986=VERTEX_POINT('',#11836);
#4987=VERTEX_POINT('',#11843);
#4988=VERTEX_POINT('',#11845);
#4989=VERTEX_POINT('',#11849);
#4990=VERTEX_POINT('',#11853);
#4991=VERTEX_POINT('',#11857);
#4992=VERTEX_POINT('',#11861);
#4993=VERTEX_POINT('',#11865);
#4994=VERTEX_POINT('',#11869);
#4995=VERTEX_POINT('',#11873);
#4996=VERTEX_POINT('',#11877);
#4997=VERTEX_POINT('',#11891);
#4998=VERTEX_POINT('',#11895);
#4999=VERTEX_POINT('',#11906);
#5000=VERTEX_POINT('',#11919);
#5001=VERTEX_POINT('',#11932);
#5002=VERTEX_POINT('',#11945);
#5003=VERTEX_POINT('',#11951);
#5004=VERTEX_POINT('',#11962);
#5005=VERTEX_POINT('',#11975);
#5006=VERTEX_POINT('',#11981);
#5007=VERTEX_POINT('',#11992);
#5008=VERTEX_POINT('',#11998);
#5009=VERTEX_POINT('',#12002);
#5010=VERTEX_POINT('',#12006);
#5011=VERTEX_POINT('',#12017);
#5012=VERTEX_POINT('',#12030);
#5013=VERTEX_POINT('',#12043);
#5014=VERTEX_POINT('',#12049);
#5015=VERTEX_POINT('',#12060);
#5016=VERTEX_POINT('',#12073);
#5017=VERTEX_POINT('',#12086);
#5018=VERTEX_POINT('',#12092);
#5019=VERTEX_POINT('',#12103);
#5020=VERTEX_POINT('',#12116);
#5021=VERTEX_POINT('',#12129);
#5022=VERTEX_POINT('',#12142);
#5023=VERTEX_POINT('',#12148);
#5024=VERTEX_POINT('',#12159);
#5025=VERTEX_POINT('',#12177);
#5026=VERTEX_POINT('',#12179);
#5027=VERTEX_POINT('',#12183);
#5028=VERTEX_POINT('',#12187);
#5029=VERTEX_POINT('',#12191);
#5030=VERTEX_POINT('',#12195);
#5031=VERTEX_POINT('',#12199);
#5032=VERTEX_POINT('',#12203);
#5033=VERTEX_POINT('',#12207);
#5034=VERTEX_POINT('',#12211);
#5035=VERTEX_POINT('',#12222);
#5036=VERTEX_POINT('',#12235);
#5037=VERTEX_POINT('',#12241);
#5038=VERTEX_POINT('',#12248);
#5039=VERTEX_POINT('',#12249);
#5040=VERTEX_POINT('',#12251);
#5041=VERTEX_POINT('',#12253);
#5042=VERTEX_POINT('',#12257);
#5043=VERTEX_POINT('',#12259);
#5044=VERTEX_POINT('',#12272);
#5045=VERTEX_POINT('',#12274);
#5046=VERTEX_POINT('',#12289);
#5047=VERTEX_POINT('',#12291);
#5048=VERTEX_POINT('',#12306);
#5049=VERTEX_POINT('',#12308);
#5050=VERTEX_POINT('',#12323);
#5051=VERTEX_POINT('',#12325);
#5052=VERTEX_POINT('',#12331);
#5053=VERTEX_POINT('',#12333);
#5054=VERTEX_POINT('',#12337);
#5055=VERTEX_POINT('',#12341);
#5056=VERTEX_POINT('',#12352);
#5057=VERTEX_POINT('',#12365);
#5058=VERTEX_POINT('',#12378);
#5059=VERTEX_POINT('',#12384);
#5060=VERTEX_POINT('',#12395);
#5061=VERTEX_POINT('',#12408);
#5062=VERTEX_POINT('',#12414);
#5063=VERTEX_POINT('',#12418);
#5064=VERTEX_POINT('',#12429);
#5065=VERTEX_POINT('',#12442);
#5066=VERTEX_POINT('',#12455);
#5067=VERTEX_POINT('',#12468);
#5068=VERTEX_POINT('',#12481);
#5069=VERTEX_POINT('',#12494);
#5070=VERTEX_POINT('',#12518);
#5071=VERTEX_POINT('',#12520);
#5072=VERTEX_POINT('',#12524);
#5073=VERTEX_POINT('',#12528);
#5074=VERTEX_POINT('',#12532);
#5075=VERTEX_POINT('',#12536);
#5076=VERTEX_POINT('',#12547);
#5077=VERTEX_POINT('',#12560);
#5078=VERTEX_POINT('',#12573);
#5079=VERTEX_POINT('',#12586);
#5080=VERTEX_POINT('',#12592);
#5081=VERTEX_POINT('',#12596);
#5082=VERTEX_POINT('',#12600);
#5083=VERTEX_POINT('',#12611);
#5084=VERTEX_POINT('',#12624);
#5085=VERTEX_POINT('',#12637);
#5086=VERTEX_POINT('',#12650);
#5087=VERTEX_POINT('',#12666);
#5088=VERTEX_POINT('',#12670);
#5089=VERTEX_POINT('',#12681);
#5090=VERTEX_POINT('',#12694);
#5091=VERTEX_POINT('',#12700);
#5092=VERTEX_POINT('',#12704);
#5093=VERTEX_POINT('',#12708);
#5094=VERTEX_POINT('',#12719);
#5095=VERTEX_POINT('',#12732);
#5096=VERTEX_POINT('',#12738);
#5097=VERTEX_POINT('',#12752);
#5098=VERTEX_POINT('',#12756);
#5099=VERTEX_POINT('',#12767);
#5100=VERTEX_POINT('',#12780);
#5101=VERTEX_POINT('',#12793);
#5102=VERTEX_POINT('',#12811);
#5103=VERTEX_POINT('',#12813);
#5104=VERTEX_POINT('',#12817);
#5105=VERTEX_POINT('',#12828);
#5106=VERTEX_POINT('',#12841);
#5107=VERTEX_POINT('',#12854);
#5108=VERTEX_POINT('',#12860);
#5109=VERTEX_POINT('',#12864);
#5110=VERTEX_POINT('',#12868);
#5111=VERTEX_POINT('',#12872);
#5112=VERTEX_POINT('',#12876);
#5113=VERTEX_POINT('',#12880);
#5114=VERTEX_POINT('',#12884);
#5115=VERTEX_POINT('',#12888);
#5116=VERTEX_POINT('',#12899);
#5117=VERTEX_POINT('',#12912);
#5118=VERTEX_POINT('',#12925);
#5119=VERTEX_POINT('',#12941);
#5120=VERTEX_POINT('',#12945);
#5121=VERTEX_POINT('',#12956);
#5122=VERTEX_POINT('',#12969);
#5123=VERTEX_POINT('',#12982);
#5124=VERTEX_POINT('',#13000);
#5125=VERTEX_POINT('',#13002);
#5126=VERTEX_POINT('',#13006);
#5127=VERTEX_POINT('',#13010);
#5128=VERTEX_POINT('',#13024);
#5129=VERTEX_POINT('',#13028);
#5130=VERTEX_POINT('',#13032);
#5131=VERTEX_POINT('',#13036);
#5132=VERTEX_POINT('',#13040);
#5133=VERTEX_POINT('',#13044);
#5134=VERTEX_POINT('',#13048);
#5135=VERTEX_POINT('',#13052);
#5136=VERTEX_POINT('',#13056);
#5137=VERTEX_POINT('',#13060);
#5138=VERTEX_POINT('',#13071);
#5139=VERTEX_POINT('',#13084);
#5140=VERTEX_POINT('',#13097);
#5141=VERTEX_POINT('',#13113);
#5142=VERTEX_POINT('',#13117);
#5143=VERTEX_POINT('',#13128);
#5144=VERTEX_POINT('',#13134);
#5145=VERTEX_POINT('',#13138);
#5146=VERTEX_POINT('',#13142);
#5147=VERTEX_POINT('',#13146);
#5148=VERTEX_POINT('',#13157);
#5149=VERTEX_POINT('',#13170);
#5150=VERTEX_POINT('',#13176);
#5151=VERTEX_POINT('',#13180);
#5152=VERTEX_POINT('',#13191);
#5153=VERTEX_POINT('',#13204);
#5154=VERTEX_POINT('',#13217);
#5155=VERTEX_POINT('',#13230);
#5156=VERTEX_POINT('',#13245);
#5157=VERTEX_POINT('',#13246);
#5158=VERTEX_POINT('',#13248);
#5159=VERTEX_POINT('',#13252);
#5160=VERTEX_POINT('',#13265);
#5161=VERTEX_POINT('',#13267);
#5162=VERTEX_POINT('',#13282);
#5163=VERTEX_POINT('',#13284);
#5164=VERTEX_POINT('',#13290);
#5165=VERTEX_POINT('',#13292);
#5166=VERTEX_POINT('',#13323);
#5167=VERTEX_POINT('',#13325);
#5168=VERTEX_POINT('',#13329);
#5169=VERTEX_POINT('',#13333);
#5170=VERTEX_POINT('',#13337);
#5171=VERTEX_POINT('',#13341);
#5172=VERTEX_POINT('',#13345);
#5173=VERTEX_POINT('',#13349);
#5174=VERTEX_POINT('',#13360);
#5175=VERTEX_POINT('',#13366);
#5176=VERTEX_POINT('',#13370);
#5177=VERTEX_POINT('',#13374);
#5178=VERTEX_POINT('',#13385);
#5179=VERTEX_POINT('',#13398);
#5180=VERTEX_POINT('',#13411);
#5181=VERTEX_POINT('',#13417);
#5182=VERTEX_POINT('',#13421);
#5183=VERTEX_POINT('',#13425);
#5184=VERTEX_POINT('',#13429);
#5185=VERTEX_POINT('',#13433);
#5186=VERTEX_POINT('',#13437);
#5187=VERTEX_POINT('',#13448);
#5188=VERTEX_POINT('',#13461);
#5189=VERTEX_POINT('',#13474);
#5190=VERTEX_POINT('',#13483);
#5191=VERTEX_POINT('',#13484);
#5192=VERTEX_POINT('',#13486);
#5193=VERTEX_POINT('',#13488);
#5194=VERTEX_POINT('',#13492);
#5195=VERTEX_POINT('',#13494);
#5196=VERTEX_POINT('',#13507);
#5197=VERTEX_POINT('',#13509);
#5198=VERTEX_POINT('',#13524);
#5199=VERTEX_POINT('',#13526);
#5200=VERTEX_POINT('',#13541);
#5201=VERTEX_POINT('',#13543);
#5202=VERTEX_POINT('',#13558);
#5203=VERTEX_POINT('',#13560);
#5204=VERTEX_POINT('',#13566);
#5205=VERTEX_POINT('',#13568);
#5206=VERTEX_POINT('',#13572);
#5207=VERTEX_POINT('',#13576);
#5208=VERTEX_POINT('',#13587);
#5209=VERTEX_POINT('',#13600);
#5210=VERTEX_POINT('',#13613);
#5211=VERTEX_POINT('',#13619);
#5212=VERTEX_POINT('',#13630);
#5213=VERTEX_POINT('',#13643);
#5214=VERTEX_POINT('',#13649);
#5215=VERTEX_POINT('',#13653);
#5216=VERTEX_POINT('',#13664);
#5217=VERTEX_POINT('',#13677);
#5218=VERTEX_POINT('',#13690);
#5219=VERTEX_POINT('',#13703);
#5220=VERTEX_POINT('',#13716);
#5221=VERTEX_POINT('',#13729);
#5222=VERTEX_POINT('',#13760);
#5223=VERTEX_POINT('',#13764);
#5224=VERTEX_POINT('',#13775);
#5225=VERTEX_POINT('',#13788);
#5226=VERTEX_POINT('',#13794);
#5227=VERTEX_POINT('',#13798);
#5228=VERTEX_POINT('',#13802);
#5229=VERTEX_POINT('',#13806);
#5230=VERTEX_POINT('',#13810);
#5231=VERTEX_POINT('',#13814);
#5232=VERTEX_POINT('',#13818);
#5233=VERTEX_POINT('',#13822);
#5234=VERTEX_POINT('',#13826);
#5235=VERTEX_POINT('',#13830);
#5236=VERTEX_POINT('',#13834);
#5237=VERTEX_POINT('',#13845);
#5238=VERTEX_POINT('',#13858);
#5239=VERTEX_POINT('',#13871);
#5240=VERTEX_POINT('',#13887);
#5241=VERTEX_POINT('',#13891);
#5242=VERTEX_POINT('',#13902);
#5243=VERTEX_POINT('',#13908);
#5244=VERTEX_POINT('',#13912);
#5245=VERTEX_POINT('',#13916);
#5246=VERTEX_POINT('',#13920);
#5247=VERTEX_POINT('',#13931);
#5248=VERTEX_POINT('',#13944);
#5249=VERTEX_POINT('',#13950);
#5250=VERTEX_POINT('',#13954);
#5251=VERTEX_POINT('',#13958);
#5252=VERTEX_POINT('',#13969);
#5253=VERTEX_POINT('',#13982);
#5254=VERTEX_POINT('',#14007);
#5255=VERTEX_POINT('',#14011);
#5256=VERTEX_POINT('',#14022);
#5257=VERTEX_POINT('',#14035);
#5258=VERTEX_POINT('',#14041);
#5259=VERTEX_POINT('',#14045);
#5260=VERTEX_POINT('',#14049);
#5261=VERTEX_POINT('',#14060);
#5262=VERTEX_POINT('',#14073);
#5263=VERTEX_POINT('',#14079);
#5264=VERTEX_POINT('',#14086);
#5265=VERTEX_POINT('',#14088);
#5266=VERTEX_POINT('',#14092);
#5267=VERTEX_POINT('',#14096);
#5268=VERTEX_POINT('',#14107);
#5269=VERTEX_POINT('',#14113);
#5270=VERTEX_POINT('',#14117);
#5271=VERTEX_POINT('',#14121);
#5272=VERTEX_POINT('',#14125);
#5273=VERTEX_POINT('',#14136);
#5274=VERTEX_POINT('',#14149);
#5275=VERTEX_POINT('',#14155);
#5276=VERTEX_POINT('',#14159);
#5277=VERTEX_POINT('',#14163);
#5278=VERTEX_POINT('',#14167);
#5279=VERTEX_POINT('',#14171);
#5280=VERTEX_POINT('',#14182);
#5281=VERTEX_POINT('',#14200);
#5282=VERTEX_POINT('',#14201);
#5283=VERTEX_POINT('',#14203);
#5284=VERTEX_POINT('',#14207);
#5285=VERTEX_POINT('',#14220);
#5286=VERTEX_POINT('',#14222);
#5287=VERTEX_POINT('',#14237);
#5288=VERTEX_POINT('',#14239);
#5289=VERTEX_POINT('',#14254);
#5290=VERTEX_POINT('',#14256);
#5291=VERTEX_POINT('',#14271);
#5292=VERTEX_POINT('',#14273);
#5293=VERTEX_POINT('',#14288);
#5294=VERTEX_POINT('',#14290);
#5295=VERTEX_POINT('',#14305);
#5296=VERTEX_POINT('',#14307);
#5297=VERTEX_POINT('',#14313);
#5298=VERTEX_POINT('',#14315);
#5299=VERTEX_POINT('',#14326);
#5300=VERTEX_POINT('',#14330);
#5301=VERTEX_POINT('',#14341);
#5302=VERTEX_POINT('',#14347);
#5303=VERTEX_POINT('',#14358);
#5304=VERTEX_POINT('',#14364);
#5305=VERTEX_POINT('',#14368);
#5306=VERTEX_POINT('',#14372);
#5307=VERTEX_POINT('',#14376);
#5308=VERTEX_POINT('',#14380);
#5309=VERTEX_POINT('',#14384);
#5310=VERTEX_POINT('',#14395);
#5311=VERTEX_POINT('',#14408);
#5312=VERTEX_POINT('',#14421);
#5313=VERTEX_POINT('',#14461);
#5314=VERTEX_POINT('',#14465);
#5315=VERTEX_POINT('',#14476);
#5316=VERTEX_POINT('',#14482);
#5317=VERTEX_POINT('',#14486);
#5318=VERTEX_POINT('',#14490);
#5319=VERTEX_POINT('',#14494);
#5320=VERTEX_POINT('',#14505);
#5321=VERTEX_POINT('',#14518);
#5322=VERTEX_POINT('',#14524);
#5323=VERTEX_POINT('',#14528);
#5324=VERTEX_POINT('',#14539);
#5325=VERTEX_POINT('',#14552);
#5326=VERTEX_POINT('',#14565);
#5327=VERTEX_POINT('',#14578);
#5328=VERTEX_POINT('',#14593);
#5329=VERTEX_POINT('',#14594);
#5330=VERTEX_POINT('',#14596);
#5331=VERTEX_POINT('',#14600);
#5332=VERTEX_POINT('',#14613);
#5333=VERTEX_POINT('',#14615);
#5334=VERTEX_POINT('',#14630);
#5335=VERTEX_POINT('',#14632);
#5336=VERTEX_POINT('',#14638);
#5337=VERTEX_POINT('',#14640);
#5338=VERTEX_POINT('',#14671);
#5339=VERTEX_POINT('',#14673);
#5340=VERTEX_POINT('',#14677);
#5341=VERTEX_POINT('',#14688);
#5342=VERTEX_POINT('',#14701);
#5343=VERTEX_POINT('',#14714);
#5344=VERTEX_POINT('',#14720);
#5345=VERTEX_POINT('',#14724);
#5346=VERTEX_POINT('',#14735);
#5347=VERTEX_POINT('',#14741);
#5348=VERTEX_POINT('',#14745);
#5349=VERTEX_POINT('',#14749);
#5350=VERTEX_POINT('',#14753);
#5351=VERTEX_POINT('',#14757);
#5352=VERTEX_POINT('',#14768);
#5353=VERTEX_POINT('',#14781);
#5354=VERTEX_POINT('',#14794);
#5355=VERTEX_POINT('',#14803);
#5356=VERTEX_POINT('',#14805);
#5357=VERTEX_POINT('',#14809);
#5358=VERTEX_POINT('',#14813);
#5359=VERTEX_POINT('',#14817);
#5360=VERTEX_POINT('',#14821);
#5361=VERTEX_POINT('',#14825);
#5362=VERTEX_POINT('',#14829);
#5363=VERTEX_POINT('',#14833);
#5364=VERTEX_POINT('',#14837);
#5365=VERTEX_POINT('',#14841);
#5366=VERTEX_POINT('',#14845);
#5367=VERTEX_POINT('',#14849);
#5368=VERTEX_POINT('',#14853);
#5369=VERTEX_POINT('',#14857);
#5370=VERTEX_POINT('',#14861);
#5371=VERTEX_POINT('',#14865);
#5372=VERTEX_POINT('',#14869);
#5373=VERTEX_POINT('',#14880);
#5374=VERTEX_POINT('',#14889);
#5375=VERTEX_POINT('',#14890);
#5376=VERTEX_POINT('',#14892);
#5377=VERTEX_POINT('',#14894);
#5378=VERTEX_POINT('',#14898);
#5379=VERTEX_POINT('',#14900);
#5380=VERTEX_POINT('',#14913);
#5381=VERTEX_POINT('',#14915);
#5382=VERTEX_POINT('',#14930);
#5383=VERTEX_POINT('',#14932);
#5384=VERTEX_POINT('',#14947);
#5385=VERTEX_POINT('',#14949);
#5386=VERTEX_POINT('',#14964);
#5387=VERTEX_POINT('',#14966);
#5388=VERTEX_POINT('',#14972);
#5389=VERTEX_POINT('',#14974);
#5390=VERTEX_POINT('',#14978);
#5391=VERTEX_POINT('',#14982);
#5392=VERTEX_POINT('',#14993);
#5393=VERTEX_POINT('',#15006);
#5394=VERTEX_POINT('',#15019);
#5395=VERTEX_POINT('',#15025);
#5396=VERTEX_POINT('',#15036);
#5397=VERTEX_POINT('',#15049);
#5398=VERTEX_POINT('',#15055);
#5399=VERTEX_POINT('',#15059);
#5400=VERTEX_POINT('',#15070);
#5401=VERTEX_POINT('',#15083);
#5402=VERTEX_POINT('',#15096);
#5403=VERTEX_POINT('',#15109);
#5404=VERTEX_POINT('',#15122);
#5405=VERTEX_POINT('',#15135);
#5406=VERTEX_POINT('',#15168);
#5407=VERTEX_POINT('',#15169);
#5408=VERTEX_POINT('',#15171);
#5409=VERTEX_POINT('',#15175);
#5410=VERTEX_POINT('',#15188);
#5411=VERTEX_POINT('',#15190);
#5412=VERTEX_POINT('',#15205);
#5413=VERTEX_POINT('',#15207);
#5414=VERTEX_POINT('',#15222);
#5415=VERTEX_POINT('',#15224);
#5416=VERTEX_POINT('',#15239);
#5417=VERTEX_POINT('',#15241);
#5418=VERTEX_POINT('',#15256);
#5419=VERTEX_POINT('',#15258);
#5420=VERTEX_POINT('',#15273);
#5421=VERTEX_POINT('',#15275);
#5422=VERTEX_POINT('',#15281);
#5423=VERTEX_POINT('',#15283);
#5424=VERTEX_POINT('',#15294);
#5425=VERTEX_POINT('',#15298);
#5426=VERTEX_POINT('',#15309);
#5427=VERTEX_POINT('',#15315);
#5428=VERTEX_POINT('',#15319);
#5429=VERTEX_POINT('',#15323);
#5430=VERTEX_POINT('',#15327);
#5431=VERTEX_POINT('',#15331);
#5432=VERTEX_POINT('',#15335);
#5433=VERTEX_POINT('',#15346);
#5434=VERTEX_POINT('',#15352);
#5435=VERTEX_POINT('',#15363);
#5436=VERTEX_POINT('',#15376);
#5437=VERTEX_POINT('',#15389);
#5438=LINE('',#10650,#6264);
#5439=LINE('',#10653,#6265);
#5440=LINE('',#10655,#6266);
#5441=LINE('',#10657,#6267);
#5442=LINE('',#10659,#6268);
#5443=LINE('',#10661,#6269);
#5444=LINE('',#10663,#6270);
#5445=LINE('',#10665,#6271);
#5446=LINE('',#10667,#6272);
#5447=LINE('',#10669,#6273);
#5448=LINE('',#10671,#6274);
#5449=LINE('',#10673,#6275);
#5450=LINE('',#10675,#6276);
#5451=LINE('',#10677,#6277);
#5452=LINE('',#10679,#6278);
#5453=LINE('',#10680,#6279);
#5454=LINE('',#10682,#6280);
#5455=LINE('',#10684,#6281);
#5456=LINE('',#10685,#6282);
#5457=LINE('',#10687,#6283);
#5458=LINE('',#10689,#6284);
#5459=LINE('',#10691,#6285);
#5460=LINE('',#10693,#6286);
#5461=LINE('',#10695,#6287);
#5462=LINE('',#10697,#6288);
#5463=LINE('',#10699,#6289);
#5464=LINE('',#10701,#6290);
#5465=LINE('',#10703,#6291);
#5466=LINE('',#10705,#6292);
#5467=LINE('',#10706,#6293);
#5468=LINE('',#10710,#6294);
#5469=LINE('',#10713,#6295);
#5470=LINE('',#10715,#6296);
#5471=LINE('',#10717,#6297);
#5472=LINE('',#10718,#6298);
#5473=LINE('',#10721,#6299);
#5474=LINE('',#10723,#6300);
#5475=LINE('',#10725,#6301);
#5476=LINE('',#10727,#6302);
#5477=LINE('',#10729,#6303);
#5478=LINE('',#10753,#6304);
#5479=LINE('',#10759,#6305);
#5480=LINE('',#10761,#6306);
#5481=LINE('',#10763,#6307);
#5482=LINE('',#10765,#6308);
#5483=LINE('',#10767,#6309);
#5484=LINE('',#10769,#6310);
#5485=LINE('',#10774,#6311);
#5486=LINE('',#10777,#6312);
#5487=LINE('',#10803,#6313);
#5488=LINE('',#10805,#6314);
#5489=LINE('',#10815,#6315);
#5490=LINE('',#10829,#6316);
#5491=LINE('',#10831,#6317);
#5492=LINE('',#10832,#6318);
#5493=LINE('',#10835,#6319);
#5494=LINE('',#10841,#6320);
#5495=LINE('',#10843,#6321);
#5496=LINE('',#10845,#6322);
#5497=LINE('',#10847,#6323);
#5498=LINE('',#10849,#6324);
#5499=LINE('',#10851,#6325);
#5500=LINE('',#10853,#6326);
#5501=LINE('',#10855,#6327);
#5502=LINE('',#10857,#6328);
#5503=LINE('',#10859,#6329);
#5504=LINE('',#10861,#6330);
#5505=LINE('',#10867,#6331);
#5506=LINE('',#10869,#6332);
#5507=LINE('',#10871,#6333);
#5508=LINE('',#10872,#6334);
#5509=LINE('',#10875,#6335);
#5510=LINE('',#10889,#6336);
#5511=LINE('',#10891,#6337);
#5512=LINE('',#10893,#6338);
#5513=LINE('',#10895,#6339);
#5514=LINE('',#10897,#6340);
#5515=LINE('',#10903,#6341);
#5516=LINE('',#10905,#6342);
#5517=LINE('',#10919,#6343);
#5518=LINE('',#10945,#6344);
#5519=LINE('',#10947,#6345);
#5520=LINE('',#10961,#6346);
#5521=LINE('',#10989,#6347);
#5522=LINE('',#10991,#6348);
#5523=LINE('',#10993,#6349);
#5524=LINE('',#10995,#6350);
#5525=LINE('',#10997,#6351);
#5526=LINE('',#10999,#6352);
#5527=LINE('',#11005,#6353);
#5528=LINE('',#11010,#6354);
#5529=LINE('',#11013,#6355);
#5530=LINE('',#11019,#6356);
#5531=LINE('',#11023,#6357);
#5532=LINE('',#11025,#6358);
#5533=LINE('',#11027,#6359);
#5534=LINE('',#11039,#6360);
#5535=LINE('',#11049,#6361);
#5536=LINE('',#11051,#6362);
#5537=LINE('',#11057,#6363);
#5538=LINE('',#11069,#6364);
#5539=LINE('',#11071,#6365);
#5540=LINE('',#11073,#6366);
#5541=LINE('',#11099,#6367);
#5542=LINE('',#11117,#6368);
#5543=LINE('',#11129,#6369);
#5544=LINE('',#11143,#6370);
#5545=LINE('',#11145,#6371);
#5546=LINE('',#11147,#6372);
#5547=LINE('',#11149,#6373);
#5548=LINE('',#11151,#6374);
#5549=LINE('',#11153,#6375);
#5550=LINE('',#11155,#6376);
#5551=LINE('',#11157,#6377);
#5552=LINE('',#11159,#6378);
#5553=LINE('',#11161,#6379);
#5554=LINE('',#11163,#6380);
#5555=LINE('',#11172,#6381);
#5556=LINE('',#11175,#6382);
#5557=LINE('',#11201,#6383);
#5558=LINE('',#11203,#6384);
#5559=LINE('',#11213,#6385);
#5560=LINE('',#11227,#6386);
#5561=LINE('',#11229,#6387);
#5562=LINE('',#11230,#6388);
#5563=LINE('',#11233,#6389);
#5564=LINE('',#11249,#6390);
#5565=LINE('',#11251,#6391);
#5566=LINE('',#11253,#6392);
#5567=LINE('',#11255,#6393);
#5568=LINE('',#11257,#6394);
#5569=LINE('',#11271,#6395);
#5570=LINE('',#11273,#6396);
#5571=LINE('',#11275,#6397);
#5572=LINE('',#11287,#6398);
#5573=LINE('',#11289,#6399);
#5574=LINE('',#11291,#6400);
#5575=LINE('',#11317,#6401);
#5576=LINE('',#11319,#6402);
#5577=LINE('',#11333,#6403);
#5578=LINE('',#11345,#6404);
#5579=LINE('',#11359,#6405);
#5580=LINE('',#11361,#6406);
#5581=LINE('',#11363,#6407);
#5582=LINE('',#11365,#6408);
#5583=LINE('',#11367,#6409);
#5584=LINE('',#11369,#6410);
#5585=LINE('',#11374,#6411);
#5586=LINE('',#11377,#6412);
#5587=LINE('',#11379,#6413);
#5588=LINE('',#11381,#6414);
#5589=LINE('',#11402,#6415);
#5590=LINE('',#11405,#6416);
#5591=LINE('',#11419,#6417);
#5592=LINE('',#11421,#6418);
#5593=LINE('',#11423,#6419);
#5594=LINE('',#11425,#6420);
#5595=LINE('',#11427,#6421);
#5596=LINE('',#11431,#6422);
#5597=LINE('',#11433,#6423);
#5598=LINE('',#11447,#6424);
#5599=LINE('',#11473,#6425);
#5600=LINE('',#11485,#6426);
#5601=LINE('',#11487,#6427);
#5602=LINE('',#11489,#6428);
#5603=LINE('',#11498,#6429);
#5604=LINE('',#11501,#6430);
#5605=LINE('',#11519,#6431);
#5606=LINE('',#11521,#6432);
#5607=LINE('',#11523,#6433);
#5608=LINE('',#11541,#6434);
#5609=LINE('',#11543,#6435);
#5610=LINE('',#11545,#6436);
#5611=LINE('',#11547,#6437);
#5612=LINE('',#11548,#6438);
#5613=LINE('',#11551,#6439);
#5614=LINE('',#11577,#6440);
#5615=LINE('',#11579,#6441);
#5616=LINE('',#11589,#6442);
#5617=LINE('',#11603,#6443);
#5618=LINE('',#11605,#6444);
#5619=LINE('',#11609,#6445);
#5620=LINE('',#11621,#6446);
#5621=LINE('',#11623,#6447);
#5622=LINE('',#11625,#6448);
#5623=LINE('',#11627,#6449);
#5624=LINE('',#11629,#6450);
#5625=LINE('',#11631,#6451);
#5626=LINE('',#11649,#6452);
#5627=LINE('',#11699,#6453);
#5628=LINE('',#11732,#6454);
#5629=LINE('',#11735,#6455);
#5630=LINE('',#11737,#6456);
#5631=LINE('',#11739,#6457);
#5632=LINE('',#11741,#6458);
#5633=LINE('',#11743,#6459);
#5634=LINE('',#11745,#6460);
#5635=LINE('',#11747,#6461);
#5636=LINE('',#11749,#6462);
#5637=LINE('',#11751,#6463);
#5638=LINE('',#11752,#6464);
#5639=LINE('',#11755,#6465);
#5640=LINE('',#11757,#6466);
#5641=LINE('',#11759,#6467);
#5642=LINE('',#11760,#6468);
#5643=LINE('',#11762,#6469);
#5644=LINE('',#11764,#6470);
#5645=LINE('',#11766,#6471);
#5646=LINE('',#11768,#6472);
#5647=LINE('',#11770,#6473);
#5648=LINE('',#11772,#6474);
#5649=LINE('',#11774,#6475);
#5650=LINE('',#11776,#6476);
#5651=LINE('',#11777,#6477);
#5652=LINE('',#11780,#6478);
#5653=LINE('',#11782,#6479);
#5654=LINE('',#11784,#6480);
#5655=LINE('',#11786,#6481);
#5656=LINE('',#11788,#6482);
#5657=LINE('',#11789,#6483);
#5658=LINE('',#11790,#6484);
#5659=LINE('',#11792,#6485);
#5660=LINE('',#11794,#6486);
#5661=LINE('',#11796,#6487);
#5662=LINE('',#11798,#6488);
#5663=LINE('',#11800,#6489);
#5664=LINE('',#11802,#6490);
#5665=LINE('',#11804,#6491);
#5666=LINE('',#11807,#6492);
#5667=LINE('',#11809,#6493);
#5668=LINE('',#11811,#6494);
#5669=LINE('',#11813,#6495);
#5670=LINE('',#11815,#6496);
#5671=LINE('',#11817,#6497);
#5672=LINE('',#11819,#6498);
#5673=LINE('',#11820,#6499);
#5674=LINE('',#11824,#6500);
#5675=LINE('',#11827,#6501);
#5676=LINE('',#11828,#6502);
#5677=LINE('',#11831,#6503);
#5678=LINE('',#11833,#6504);
#5679=LINE('',#11835,#6505);
#5680=LINE('',#11837,#6506);
#5681=LINE('',#11839,#6507);
#5682=LINE('',#11842,#6508);
#5683=LINE('',#11844,#6509);
#5684=LINE('',#11846,#6510);
#5685=LINE('',#11848,#6511);
#5686=LINE('',#11850,#6512);
#5687=LINE('',#11852,#6513);
#5688=LINE('',#11854,#6514);
#5689=LINE('',#11856,#6515);
#5690=LINE('',#11858,#6516);
#5691=LINE('',#11860,#6517);
#5692=LINE('',#11862,#6518);
#5693=LINE('',#11864,#6519);
#5694=LINE('',#11866,#6520);
#5695=LINE('',#11868,#6521);
#5696=LINE('',#11870,#6522);
#5697=LINE('',#11872,#6523);
#5698=LINE('',#11874,#6524);
#5699=LINE('',#11876,#6525);
#5700=LINE('',#11878,#6526);
#5701=LINE('',#11880,#6527);
#5702=LINE('',#11890,#6528);
#5703=LINE('',#11896,#6529);
#5704=LINE('',#11905,#6530);
#5705=LINE('',#11918,#6531);
#5706=LINE('',#11931,#6532);
#5707=LINE('',#11944,#6533);
#5708=LINE('',#11950,#6534);
#5709=LINE('',#11961,#6535);
#5710=LINE('',#11974,#6536);
#5711=LINE('',#11980,#6537);
#5712=LINE('',#11991,#6538);
#5713=LINE('',#11997,#6539);
#5714=LINE('',#11999,#6540);
#5715=LINE('',#12001,#6541);
#5716=LINE('',#12005,#6542);
#5717=LINE('',#12016,#6543);
#5718=LINE('',#12029,#6544);
#5719=LINE('',#12042,#6545);
#5720=LINE('',#12048,#6546);
#5721=LINE('',#12059,#6547);
#5722=LINE('',#12072,#6548);
#5723=LINE('',#12085,#6549);
#5724=LINE('',#12091,#6550);
#5725=LINE('',#12102,#6551);
#5726=LINE('',#12115,#6552);
#5727=LINE('',#12128,#6553);
#5728=LINE('',#12141,#6554);
#5729=LINE('',#12147,#6555);
#5730=LINE('',#12149,#6556);
#5731=LINE('',#12158,#6557);
#5732=LINE('',#12176,#6558);
#5733=LINE('',#12180,#6559);
#5734=LINE('',#12182,#6560);
#5735=LINE('',#12186,#6561);
#5736=LINE('',#12190,#6562);
#5737=LINE('',#12192,#6563);
#5738=LINE('',#12194,#6564);
#5739=LINE('',#12196,#6565);
#5740=LINE('',#12198,#6566);
#5741=LINE('',#12200,#6567);
#5742=LINE('',#12202,#6568);
#5743=LINE('',#12204,#6569);
#5744=LINE('',#12206,#6570);
#5745=LINE('',#12208,#6571);
#5746=LINE('',#12210,#6572);
#5747=LINE('',#12212,#6573);
#5748=LINE('',#12221,#6574);
#5749=LINE('',#12234,#6575);
#5750=LINE('',#12240,#6576);
#5751=LINE('',#12244,#6577);
#5752=LINE('',#12247,#6578);
#5753=LINE('',#12250,#6579);
#5754=LINE('',#12252,#6580);
#5755=LINE('',#12254,#6581);
#5756=LINE('',#12256,#6582);
#5757=LINE('',#12258,#6583);
#5758=LINE('',#12260,#6584);
#5759=LINE('',#12273,#6585);
#5760=LINE('',#12290,#6586);
#5761=LINE('',#12307,#6587);
#5762=LINE('',#12324,#6588);
#5763=LINE('',#12330,#6589);
#5764=LINE('',#12332,#6590);
#5765=LINE('',#12334,#6591);
#5766=LINE('',#12336,#6592);
#5767=LINE('',#12338,#6593);
#5768=LINE('',#12340,#6594);
#5769=LINE('',#12342,#6595);
#5770=LINE('',#12351,#6596);
#5771=LINE('',#12364,#6597);
#5772=LINE('',#12377,#6598);
#5773=LINE('',#12383,#6599);
#5774=LINE('',#12385,#6600);
#5775=LINE('',#12394,#6601);
#5776=LINE('',#12407,#6602);
#5777=LINE('',#12413,#6603);
#5778=LINE('',#12415,#6604);
#5779=LINE('',#12417,#6605);
#5780=LINE('',#12419,#6606);
#5781=LINE('',#12428,#6607);
#5782=LINE('',#12441,#6608);
#5783=LINE('',#12454,#6609);
#5784=LINE('',#12467,#6610);
#5785=LINE('',#12480,#6611);
#5786=LINE('',#12493,#6612);
#5787=LINE('',#12499,#6613);
#5788=LINE('',#12517,#6614);
#5789=LINE('',#12519,#6615);
#5790=LINE('',#12521,#6616);
#5791=LINE('',#12523,#6617);
#5792=LINE('',#12525,#6618);
#5793=LINE('',#12527,#6619);
#5794=LINE('',#12529,#6620);
#5795=LINE('',#12531,#6621);
#5796=LINE('',#12533,#6622);
#5797=LINE('',#12535,#6623);
#5798=LINE('',#12537,#6624);
#5799=LINE('',#12546,#6625);
#5800=LINE('',#12559,#6626);
#5801=LINE('',#12572,#6627);
#5802=LINE('',#12585,#6628);
#5803=LINE('',#12591,#6629);
#5804=LINE('',#12593,#6630);
#5805=LINE('',#12595,#6631);
#5806=LINE('',#12597,#6632);
#5807=LINE('',#12599,#6633);
#5808=LINE('',#12601,#6634);
#5809=LINE('',#12610,#6635);
#5810=LINE('',#12623,#6636);
#5811=LINE('',#12636,#6637);
#5812=LINE('',#12649,#6638);
#5813=LINE('',#12655,#6639);
#5814=LINE('',#12665,#6640);
#5815=LINE('',#12671,#6641);
#5816=LINE('',#12680,#6642);
#5817=LINE('',#12693,#6643);
#5818=LINE('',#12699,#6644);
#5819=LINE('',#12701,#6645);
#5820=LINE('',#12703,#6646);
#5821=LINE('',#12705,#6647);
#5822=LINE('',#12707,#6648);
#5823=LINE('',#12709,#6649);
#5824=LINE('',#12718,#6650);
#5825=LINE('',#12731,#6651);
#5826=LINE('',#12737,#6652);
#5827=LINE('',#12741,#6653);
#5828=LINE('',#12751,#6654);
#5829=LINE('',#12757,#6655);
#5830=LINE('',#12766,#6656);
#5831=LINE('',#12779,#6657);
#5832=LINE('',#12792,#6658);
#5833=LINE('',#12810,#6659);
#5834=LINE('',#12812,#6660);
#5835=LINE('',#12814,#6661);
#5836=LINE('',#12816,#6662);
#5837=LINE('',#12818,#6663);
#5838=LINE('',#12827,#6664);
#5839=LINE('',#12840,#6665);
#5840=LINE('',#12853,#6666);
#5841=LINE('',#12859,#6667);
#5842=LINE('',#12861,#6668);
#5843=LINE('',#12863,#6669);
#5844=LINE('',#12865,#6670);
#5845=LINE('',#12867,#6671);
#5846=LINE('',#12871,#6672);
#5847=LINE('',#12873,#6673);
#5848=LINE('',#12875,#6674);
#5849=LINE('',#12877,#6675);
#5850=LINE('',#12879,#6676);
#5851=LINE('',#12881,#6677);
#5852=LINE('',#12883,#6678);
#5853=LINE('',#12885,#6679);
#5854=LINE('',#12887,#6680);
#5855=LINE('',#12889,#6681);
#5856=LINE('',#12898,#6682);
#5857=LINE('',#12911,#6683);
#5858=LINE('',#12924,#6684);
#5859=LINE('',#12930,#6685);
#5860=LINE('',#12940,#6686);
#5861=LINE('',#12946,#6687);
#5862=LINE('',#12955,#6688);
#5863=LINE('',#12968,#6689);
#5864=LINE('',#12981,#6690);
#5865=LINE('',#12999,#6691);
#5866=LINE('',#13001,#6692);
#5867=LINE('',#13003,#6693);
#5868=LINE('',#13005,#6694);
#5869=LINE('',#13007,#6695);
#5870=LINE('',#13009,#6696);
#5871=LINE('',#13011,#6697);
#5872=LINE('',#13013,#6698);
#5873=LINE('',#13023,#6699);
#5874=LINE('',#13029,#6700);
#5875=LINE('',#13031,#6701);
#5876=LINE('',#13035,#6702);
#5877=LINE('',#13039,#6703);
#5878=LINE('',#13041,#6704);
#5879=LINE('',#13043,#6705);
#5880=LINE('',#13045,#6706);
#5881=LINE('',#13047,#6707);
#5882=LINE('',#13049,#6708);
#5883=LINE('',#13051,#6709);
#5884=LINE('',#13053,#6710);
#5885=LINE('',#13055,#6711);
#5886=LINE('',#13057,#6712);
#5887=LINE('',#13059,#6713);
#5888=LINE('',#13061,#6714);
#5889=LINE('',#13070,#6715);
#5890=LINE('',#13083,#6716);
#5891=LINE('',#13096,#6717);
#5892=LINE('',#13102,#6718);
#5893=LINE('',#13112,#6719);
#5894=LINE('',#13118,#6720);
#5895=LINE('',#13127,#6721);
#5896=LINE('',#13133,#6722);
#5897=LINE('',#13137,#6723);
#5898=LINE('',#13139,#6724);
#5899=LINE('',#13141,#6725);
#5900=LINE('',#13145,#6726);
#5901=LINE('',#13156,#6727);
#5902=LINE('',#13169,#6728);
#5903=LINE('',#13175,#6729);
#5904=LINE('',#13177,#6730);
#5905=LINE('',#13179,#6731);
#5906=LINE('',#13181,#6732);
#5907=LINE('',#13190,#6733);
#5908=LINE('',#13203,#6734);
#5909=LINE('',#13216,#6735);
#5910=LINE('',#13229,#6736);
#5911=LINE('',#13247,#6737);
#5912=LINE('',#13253,#6738);
#5913=LINE('',#13266,#6739);
#5914=LINE('',#13283,#6740);
#5915=LINE('',#13289,#6741);
#5916=LINE('',#13291,#6742);
#5917=LINE('',#13293,#6743);
#5918=LINE('',#13322,#6744);
#5919=LINE('',#13324,#6745);
#5920=LINE('',#13326,#6746);
#5921=LINE('',#13328,#6747);
#5922=LINE('',#13330,#6748);
#5923=LINE('',#13332,#6749);
#5924=LINE('',#13334,#6750);
#5925=LINE('',#13336,#6751);
#5926=LINE('',#13338,#6752);
#5927=LINE('',#13340,#6753);
#5928=LINE('',#13344,#6754);
#5929=LINE('',#13348,#6755);
#5930=LINE('',#13359,#6756);
#5931=LINE('',#13365,#6757);
#5932=LINE('',#13367,#6758);
#5933=LINE('',#13369,#6759);
#5934=LINE('',#13371,#6760);
#5935=LINE('',#13373,#6761);
#5936=LINE('',#13375,#6762);
#5937=LINE('',#13384,#6763);
#5938=LINE('',#13397,#6764);
#5939=LINE('',#13410,#6765);
#5940=LINE('',#13416,#6766);
#5941=LINE('',#13418,#6767);
#5942=LINE('',#13420,#6768);
#5943=LINE('',#13422,#6769);
#5944=LINE('',#13424,#6770);
#5945=LINE('',#13426,#6771);
#5946=LINE('',#13428,#6772);
#5947=LINE('',#13430,#6773);
#5948=LINE('',#13432,#6774);
#5949=LINE('',#13434,#6775);
#5950=LINE('',#13436,#6776);
#5951=LINE('',#13447,#6777);
#5952=LINE('',#13460,#6778);
#5953=LINE('',#13473,#6779);
#5954=LINE('',#13479,#6780);
#5955=LINE('',#13482,#6781);
#5956=LINE('',#13485,#6782);
#5957=LINE('',#13487,#6783);
#5958=LINE('',#13489,#6784);
#5959=LINE('',#13491,#6785);
#5960=LINE('',#13493,#6786);
#5961=LINE('',#13495,#6787);
#5962=LINE('',#13508,#6788);
#5963=LINE('',#13525,#6789);
#5964=LINE('',#13542,#6790);
#5965=LINE('',#13559,#6791);
#5966=LINE('',#13565,#6792);
#5967=LINE('',#13567,#6793);
#5968=LINE('',#13569,#6794);
#5969=LINE('',#13571,#6795);
#5970=LINE('',#13573,#6796);
#5971=LINE('',#13575,#6797);
#5972=LINE('',#13577,#6798);
#5973=LINE('',#13586,#6799);
#5974=LINE('',#13599,#6800);
#5975=LINE('',#13612,#6801);
#5976=LINE('',#13618,#6802);
#5977=LINE('',#13620,#6803);
#5978=LINE('',#13629,#6804);
#5979=LINE('',#13642,#6805);
#5980=LINE('',#13648,#6806);
#5981=LINE('',#13650,#6807);
#5982=LINE('',#13652,#6808);
#5983=LINE('',#13654,#6809);
#5984=LINE('',#13663,#6810);
#5985=LINE('',#13676,#6811);
#5986=LINE('',#13689,#6812);
#5987=LINE('',#13702,#6813);
#5988=LINE('',#13715,#6814);
#5989=LINE('',#13728,#6815);
#5990=LINE('',#13734,#6816);
#5991=LINE('',#13759,#6817);
#5992=LINE('',#13765,#6818);
#5993=LINE('',#13774,#6819);
#5994=LINE('',#13787,#6820);
#5995=LINE('',#13793,#6821);
#5996=LINE('',#13795,#6822);
#5997=LINE('',#13797,#6823);
#5998=LINE('',#13799,#6824);
#5999=LINE('',#13801,#6825);
#6000=LINE('',#13803,#6826);
#6001=LINE('',#13805,#6827);
#6002=LINE('',#13807,#6828);
#6003=LINE('',#13809,#6829);
#6004=LINE('',#13811,#6830);
#6005=LINE('',#13813,#6831);
#6006=LINE('',#13815,#6832);
#6007=LINE('',#13817,#6833);
#6008=LINE('',#13819,#6834);
#6009=LINE('',#13821,#6835);
#6010=LINE('',#13823,#6836);
#6011=LINE('',#13825,#6837);
#6012=LINE('',#13827,#6838);
#6013=LINE('',#13829,#6839);
#6014=LINE('',#13831,#6840);
#6015=LINE('',#13833,#6841);
#6016=LINE('',#13835,#6842);
#6017=LINE('',#13844,#6843);
#6018=LINE('',#13857,#6844);
#6019=LINE('',#13870,#6845);
#6020=LINE('',#13876,#6846);
#6021=LINE('',#13886,#6847);
#6022=LINE('',#13892,#6848);
#6023=LINE('',#13901,#6849);
#6024=LINE('',#13907,#6850);
#6025=LINE('',#13911,#6851);
#6026=LINE('',#13913,#6852);
#6027=LINE('',#13915,#6853);
#6028=LINE('',#13919,#6854);
#6029=LINE('',#13930,#6855);
#6030=LINE('',#13943,#6856);
#6031=LINE('',#13949,#6857);
#6032=LINE('',#13953,#6858);
#6033=LINE('',#13957,#6859);
#6034=LINE('',#13959,#6860);
#6035=LINE('',#13968,#6861);
#6036=LINE('',#13981,#6862);
#6037=LINE('',#14006,#6863);
#6038=LINE('',#14012,#6864);
#6039=LINE('',#14021,#6865);
#6040=LINE('',#14034,#6866);
#6041=LINE('',#14040,#6867);
#6042=LINE('',#14042,#6868);
#6043=LINE('',#14044,#6869);
#6044=LINE('',#14046,#6870);
#6045=LINE('',#14048,#6871);
#6046=LINE('',#14050,#6872);
#6047=LINE('',#14059,#6873);
#6048=LINE('',#14072,#6874);
#6049=LINE('',#14078,#6875);
#6050=LINE('',#14082,#6876);
#6051=LINE('',#14085,#6877);
#6052=LINE('',#14087,#6878);
#6053=LINE('',#14089,#6879);
#6054=LINE('',#14091,#6880);
#6055=LINE('',#14093,#6881);
#6056=LINE('',#14095,#6882);
#6057=LINE('',#14097,#6883);
#6058=LINE('',#14106,#6884);
#6059=LINE('',#14112,#6885);
#6060=LINE('',#14116,#6886);
#6061=LINE('',#14120,#6887);
#6062=LINE('',#14122,#6888);
#6063=LINE('',#14124,#6889);
#6064=LINE('',#14135,#6890);
#6065=LINE('',#14148,#6891);
#6066=LINE('',#14154,#6892);
#6067=LINE('',#14156,#6893);
#6068=LINE('',#14158,#6894);
#6069=LINE('',#14160,#6895);
#6070=LINE('',#14162,#6896);
#6071=LINE('',#14164,#6897);
#6072=LINE('',#14166,#6898);
#6073=LINE('',#14170,#6899);
#6074=LINE('',#14172,#6900);
#6075=LINE('',#14181,#6901);
#6076=LINE('',#14187,#6902);
#6077=LINE('',#14202,#6903);
#6078=LINE('',#14208,#6904);
#6079=LINE('',#14221,#6905);
#6080=LINE('',#14238,#6906);
#6081=LINE('',#14255,#6907);
#6082=LINE('',#14272,#6908);
#6083=LINE('',#14289,#6909);
#6084=LINE('',#14306,#6910);
#6085=LINE('',#14312,#6911);
#6086=LINE('',#14314,#6912);
#6087=LINE('',#14316,#6913);
#6088=LINE('',#14325,#6914);
#6089=LINE('',#14331,#6915);
#6090=LINE('',#14340,#6916);
#6091=LINE('',#14346,#6917);
#6092=LINE('',#14348,#6918);
#6093=LINE('',#14357,#6919);
#6094=LINE('',#14363,#6920);
#6095=LINE('',#14365,#6921);
#6096=LINE('',#14367,#6922);
#6097=LINE('',#14369,#6923);
#6098=LINE('',#14371,#6924);
#6099=LINE('',#14373,#6925);
#6100=LINE('',#14375,#6926);
#6101=LINE('',#14377,#6927);
#6102=LINE('',#14379,#6928);
#6103=LINE('',#14381,#6929);
#6104=LINE('',#14383,#6930);
#6105=LINE('',#14385,#6931);
#6106=LINE('',#14394,#6932);
#6107=LINE('',#14407,#6933);
#6108=LINE('',#14420,#6934);
#6109=LINE('',#14460,#6935);
#6110=LINE('',#14466,#6936);
#6111=LINE('',#14475,#6937);
#6112=LINE('',#14481,#6938);
#6113=LINE('',#14485,#6939);
#6114=LINE('',#14487,#6940);
#6115=LINE('',#14489,#6941);
#6116=LINE('',#14493,#6942);
#6117=LINE('',#14504,#6943);
#6118=LINE('',#14517,#6944);
#6119=LINE('',#14523,#6945);
#6120=LINE('',#14525,#6946);
#6121=LINE('',#14527,#6947);
#6122=LINE('',#14529,#6948);
#6123=LINE('',#14538,#6949);
#6124=LINE('',#14551,#6950);
#6125=LINE('',#14564,#6951);
#6126=LINE('',#14577,#6952);
#6127=LINE('',#14595,#6953);
#6128=LINE('',#14601,#6954);
#6129=LINE('',#14614,#6955);
#6130=LINE('',#14631,#6956);
#6131=LINE('',#14637,#6957);
#6132=LINE('',#14639,#6958);
#6133=LINE('',#14641,#6959);
#6134=LINE('',#14670,#6960);
#6135=LINE('',#14672,#6961);
#6136=LINE('',#14674,#6962);
#6137=LINE('',#14676,#6963);
#6138=LINE('',#14678,#6964);
#6139=LINE('',#14687,#6965);
#6140=LINE('',#14700,#6966);
#6141=LINE('',#14713,#6967);
#6142=LINE('',#14719,#6968);
#6143=LINE('',#14721,#6969);
#6144=LINE('',#14723,#6970);
#6145=LINE('',#14725,#6971);
#6146=LINE('',#14734,#6972);
#6147=LINE('',#14740,#6973);
#6148=LINE('',#14742,#6974);
#6149=LINE('',#14744,#6975);
#6150=LINE('',#14746,#6976);
#6151=LINE('',#14748,#6977);
#6152=LINE('',#14750,#6978);
#6153=LINE('',#14752,#6979);
#6154=LINE('',#14754,#6980);
#6155=LINE('',#14756,#6981);
#6156=LINE('',#14758,#6982);
#6157=LINE('',#14767,#6983);
#6158=LINE('',#14780,#6984);
#6159=LINE('',#14793,#6985);
#6160=LINE('',#14799,#6986);
#6161=LINE('',#14802,#6987);
#6162=LINE('',#14804,#6988);
#6163=LINE('',#14806,#6989);
#6164=LINE('',#14808,#6990);
#6165=LINE('',#14810,#6991);
#6166=LINE('',#14812,#6992);
#6167=LINE('',#14814,#6993);
#6168=LINE('',#14816,#6994);
#6169=LINE('',#14818,#6995);
#6170=LINE('',#14820,#6996);
#6171=LINE('',#14824,#6997);
#6172=LINE('',#14828,#6998);
#6173=LINE('',#14830,#6999);
#6174=LINE('',#14832,#7000);
#6175=LINE('',#14834,#7001);
#6176=LINE('',#14836,#7002);
#6177=LINE('',#14838,#7003);
#6178=LINE('',#14840,#7004);
#6179=LINE('',#14842,#7005);
#6180=LINE('',#14844,#7006);
#6181=LINE('',#14846,#7007);
#6182=LINE('',#14848,#7008);
#6183=LINE('',#14850,#7009);
#6184=LINE('',#14852,#7010);
#6185=LINE('',#14854,#7011);
#6186=LINE('',#14856,#7012);
#6187=LINE('',#14858,#7013);
#6188=LINE('',#14860,#7014);
#6189=LINE('',#14862,#7015);
#6190=LINE('',#14864,#7016);
#6191=LINE('',#14866,#7017);
#6192=LINE('',#14868,#7018);
#6193=LINE('',#14870,#7019);
#6194=LINE('',#14879,#7020);
#6195=LINE('',#14885,#7021);
#6196=LINE('',#14888,#7022);
#6197=LINE('',#14891,#7023);
#6198=LINE('',#14893,#7024);
#6199=LINE('',#14895,#7025);
#6200=LINE('',#14897,#7026);
#6201=LINE('',#14899,#7027);
#6202=LINE('',#14901,#7028);
#6203=LINE('',#14914,#7029);
#6204=LINE('',#14931,#7030);
#6205=LINE('',#14948,#7031);
#6206=LINE('',#14965,#7032);
#6207=LINE('',#14971,#7033);
#6208=LINE('',#14973,#7034);
#6209=LINE('',#14975,#7035);
#6210=LINE('',#14977,#7036);
#6211=LINE('',#14979,#7037);
#6212=LINE('',#14981,#7038);
#6213=LINE('',#14983,#7039);
#6214=LINE('',#14992,#7040);
#6215=LINE('',#15005,#7041);
#6216=LINE('',#15018,#7042);
#6217=LINE('',#15024,#7043);
#6218=LINE('',#15026,#7044);
#6219=LINE('',#15035,#7045);
#6220=LINE('',#15048,#7046);
#6221=LINE('',#15054,#7047);
#6222=LINE('',#15056,#7048);
#6223=LINE('',#15058,#7049);
#6224=LINE('',#15060,#7050);
#6225=LINE('',#15069,#7051);
#6226=LINE('',#15082,#7052);
#6227=LINE('',#15095,#7053);
#6228=LINE('',#15108,#7054);
#6229=LINE('',#15121,#7055);
#6230=LINE('',#15134,#7056);
#6231=LINE('',#15140,#7057);
#6232=LINE('',#15170,#7058);
#6233=LINE('',#15176,#7059);
#6234=LINE('',#15189,#7060);
#6235=LINE('',#15206,#7061);
#6236=LINE('',#15223,#7062);
#6237=LINE('',#15240,#7063);
#6238=LINE('',#15257,#7064);
#6239=LINE('',#15274,#7065);
#6240=LINE('',#15280,#7066);
#6241=LINE('',#15282,#7067);
#6242=LINE('',#15284,#7068);
#6243=LINE('',#15293,#7069);
#6244=LINE('',#15299,#7070);
#6245=LINE('',#15308,#7071);
#6246=LINE('',#15314,#7072);
#6247=LINE('',#15316,#7073);
#6248=LINE('',#15318,#7074);
#6249=LINE('',#15320,#7075);
#6250=LINE('',#15322,#7076);
#6251=LINE('',#15324,#7077);
#6252=LINE('',#15326,#7078);
#6253=LINE('',#15328,#7079);
#6254=LINE('',#15330,#7080);
#6255=LINE('',#15332,#7081);
#6256=LINE('',#15334,#7082);
#6257=LINE('',#15336,#7083);
#6258=LINE('',#15345,#7084);
#6259=LINE('',#15351,#7085);
#6260=LINE('',#15353,#7086);
#6261=LINE('',#15362,#7087);
#6262=LINE('',#15375,#7088);
#6263=LINE('',#15388,#7089);
#6264=VECTOR('',#9142,1.);
#6265=VECTOR('',#9143,1.);
#6266=VECTOR('',#9144,1.);
#6267=VECTOR('',#9145,1.);
#6268=VECTOR('',#9146,1.);
#6269=VECTOR('',#9147,1.);
#6270=VECTOR('',#9148,1.);
#6271=VECTOR('',#9149,1.);
#6272=VECTOR('',#9150,1.);
#6273=VECTOR('',#9151,1.);
#6274=VECTOR('',#9152,1.);
#6275=VECTOR('',#9153,1.);
#6276=VECTOR('',#9156,1.);
#6277=VECTOR('',#9157,1.);
#6278=VECTOR('',#9158,1.);
#6279=VECTOR('',#9159,1.);
#6280=VECTOR('',#9160,1.);
#6281=VECTOR('',#9161,1.);
#6282=VECTOR('',#9162,1.);
#6283=VECTOR('',#9163,1.);
#6284=VECTOR('',#9164,1.);
#6285=VECTOR('',#9167,1.);
#6286=VECTOR('',#9168,1.);
#6287=VECTOR('',#9169,1.);
#6288=VECTOR('',#9172,1.);
#6289=VECTOR('',#9175,1.);
#6290=VECTOR('',#9176,1.);
#6291=VECTOR('',#9177,1.);
#6292=VECTOR('',#9180,1.);
#6293=VECTOR('',#9181,1.);
#6294=VECTOR('',#9188,1.);
#6295=VECTOR('',#9189,1.);
#6296=VECTOR('',#9190,1.);
#6297=VECTOR('',#9191,1.);
#6298=VECTOR('',#9192,1.);
#6299=VECTOR('',#9197,1.);
#6300=VECTOR('',#9198,1.);
#6301=VECTOR('',#9201,1.);
#6302=VECTOR('',#9202,1.);
#6303=VECTOR('',#9205,1.);
#6304=VECTOR('',#9210,1.);
#6305=VECTOR('',#9211,1.);
#6306=VECTOR('',#9212,1.);
#6307=VECTOR('',#9213,1.);
#6308=VECTOR('',#9214,1.);
#6309=VECTOR('',#9215,1.);
#6310=VECTOR('',#9216,1.);
#6311=VECTOR('',#9217,1.);
#6312=VECTOR('',#9218,1.);
#6313=VECTOR('',#9219,1.);
#6314=VECTOR('',#9220,1.);
#6315=VECTOR('',#9221,1.);
#6316=VECTOR('',#9222,1.);
#6317=VECTOR('',#9223,1.);
#6318=VECTOR('',#9224,1.);
#6319=VECTOR('',#9225,1.);
#6320=VECTOR('',#9226,1.);
#6321=VECTOR('',#9227,1.);
#6322=VECTOR('',#9228,1.);
#6323=VECTOR('',#9229,1.);
#6324=VECTOR('',#9230,1.);
#6325=VECTOR('',#9231,1.);
#6326=VECTOR('',#9232,1.);
#6327=VECTOR('',#9233,1.);
#6328=VECTOR('',#9234,1.);
#6329=VECTOR('',#9235,1.);
#6330=VECTOR('',#9236,1.);
#6331=VECTOR('',#9241,1.);
#6332=VECTOR('',#9242,1.);
#6333=VECTOR('',#9243,1.);
#6334=VECTOR('',#9244,1.);
#6335=VECTOR('',#9245,1.);
#6336=VECTOR('',#9246,1.);
#6337=VECTOR('',#9247,1.);
#6338=VECTOR('',#9248,1.);
#6339=VECTOR('',#9249,1.);
#6340=VECTOR('',#9250,1.);
#6341=VECTOR('',#9251,1.);
#6342=VECTOR('',#9252,1.);
#6343=VECTOR('',#9253,1.);
#6344=VECTOR('',#9254,1.);
#6345=VECTOR('',#9255,1.);
#6346=VECTOR('',#9260,1.);
#6347=VECTOR('',#9263,1.);
#6348=VECTOR('',#9264,1.);
#6349=VECTOR('',#9265,1.);
#6350=VECTOR('',#9266,1.);
#6351=VECTOR('',#9267,1.);
#6352=VECTOR('',#9268,1.);
#6353=VECTOR('',#9269,1.);
#6354=VECTOR('',#9270,1.);
#6355=VECTOR('',#9271,1.);
#6356=VECTOR('',#9272,1.);
#6357=VECTOR('',#9275,1.);
#6358=VECTOR('',#9276,1.);
#6359=VECTOR('',#9277,1.);
#6360=VECTOR('',#9280,1.);
#6361=VECTOR('',#9285,1.);
#6362=VECTOR('',#9286,1.);
#6363=VECTOR('',#9287,1.);
#6364=VECTOR('',#9290,1.);
#6365=VECTOR('',#9291,1.);
#6366=VECTOR('',#9292,1.);
#6367=VECTOR('',#9293,1.);
#6368=VECTOR('',#9302,1.);
#6369=VECTOR('',#9305,1.);
#6370=VECTOR('',#9306,1.);
#6371=VECTOR('',#9307,1.);
#6372=VECTOR('',#9308,1.);
#6373=VECTOR('',#9309,1.);
#6374=VECTOR('',#9310,1.);
#6375=VECTOR('',#9311,1.);
#6376=VECTOR('',#9312,1.);
#6377=VECTOR('',#9313,1.);
#6378=VECTOR('',#9314,1.);
#6379=VECTOR('',#9315,1.);
#6380=VECTOR('',#9316,1.);
#6381=VECTOR('',#9317,1.);
#6382=VECTOR('',#9318,1.);
#6383=VECTOR('',#9319,1.);
#6384=VECTOR('',#9320,1.);
#6385=VECTOR('',#9321,1.);
#6386=VECTOR('',#9322,1.);
#6387=VECTOR('',#9323,1.);
#6388=VECTOR('',#9324,1.);
#6389=VECTOR('',#9325,1.);
#6390=VECTOR('',#9328,1.);
#6391=VECTOR('',#9329,1.);
#6392=VECTOR('',#9330,1.);
#6393=VECTOR('',#9331,1.);
#6394=VECTOR('',#9332,1.);
#6395=VECTOR('',#9333,1.);
#6396=VECTOR('',#9334,1.);
#6397=VECTOR('',#9335,1.);
#6398=VECTOR('',#9342,1.);
#6399=VECTOR('',#9343,1.);
#6400=VECTOR('',#9344,1.);
#6401=VECTOR('',#9345,1.);
#6402=VECTOR('',#9346,1.);
#6403=VECTOR('',#9351,1.);
#6404=VECTOR('',#9354,1.);
#6405=VECTOR('',#9355,1.);
#6406=VECTOR('',#9356,1.);
#6407=VECTOR('',#9357,1.);
#6408=VECTOR('',#9358,1.);
#6409=VECTOR('',#9359,1.);
#6410=VECTOR('',#9360,1.);
#6411=VECTOR('',#9365,1.);
#6412=VECTOR('',#9366,1.);
#6413=VECTOR('',#9367,1.);
#6414=VECTOR('',#9368,1.);
#6415=VECTOR('',#9369,1.);
#6416=VECTOR('',#9370,1.);
#6417=VECTOR('',#9371,1.);
#6418=VECTOR('',#9372,1.);
#6419=VECTOR('',#9373,1.);
#6420=VECTOR('',#9374,1.);
#6421=VECTOR('',#9375,1.);
#6422=VECTOR('',#9378,1.);
#6423=VECTOR('',#9379,1.);
#6424=VECTOR('',#9380,1.);
#6425=VECTOR('',#9381,1.);
#6426=VECTOR('',#9384,1.);
#6427=VECTOR('',#9385,1.);
#6428=VECTOR('',#9386,1.);
#6429=VECTOR('',#9387,1.);
#6430=VECTOR('',#9388,1.);
#6431=VECTOR('',#9389,1.);
#6432=VECTOR('',#9390,1.);
#6433=VECTOR('',#9391,1.);
#6434=VECTOR('',#9392,1.);
#6435=VECTOR('',#9393,1.);
#6436=VECTOR('',#9394,1.);
#6437=VECTOR('',#9395,1.);
#6438=VECTOR('',#9396,1.);
#6439=VECTOR('',#9397,1.);
#6440=VECTOR('',#9398,1.);
#6441=VECTOR('',#9399,1.);
#6442=VECTOR('',#9400,1.);
#6443=VECTOR('',#9401,1.);
#6444=VECTOR('',#9402,1.);
#6445=VECTOR('',#9405,1.);
#6446=VECTOR('',#9408,1.);
#6447=VECTOR('',#9409,1.);
#6448=VECTOR('',#9410,1.);
#6449=VECTOR('',#9411,1.);
#6450=VECTOR('',#9412,1.);
#6451=VECTOR('',#9413,1.);
#6452=VECTOR('',#9418,1.);
#6453=VECTOR('',#9427,1.);
#6454=VECTOR('',#9432,1.);
#6455=VECTOR('',#9433,1.);
#6456=VECTOR('',#9434,1.);
#6457=VECTOR('',#9435,1.);
#6458=VECTOR('',#9436,1.);
#6459=VECTOR('',#9437,1.);
#6460=VECTOR('',#9438,1.);
#6461=VECTOR('',#9439,1.);
#6462=VECTOR('',#9440,1.);
#6463=VECTOR('',#9441,1.);
#6464=VECTOR('',#9442,1.);
#6465=VECTOR('',#9443,1.);
#6466=VECTOR('',#9444,1.);
#6467=VECTOR('',#9445,1.);
#6468=VECTOR('',#9446,1.);
#6469=VECTOR('',#9447,1.);
#6470=VECTOR('',#9448,1.);
#6471=VECTOR('',#9451,1.);
#6472=VECTOR('',#9452,1.);
#6473=VECTOR('',#9453,1.);
#6474=VECTOR('',#9456,1.);
#6475=VECTOR('',#9457,1.);
#6476=VECTOR('',#9458,1.);
#6477=VECTOR('',#9459,1.);
#6478=VECTOR('',#9460,1.);
#6479=VECTOR('',#9461,1.);
#6480=VECTOR('',#9462,1.);
#6481=VECTOR('',#9465,1.);
#6482=VECTOR('',#9466,1.);
#6483=VECTOR('',#9467,1.);
#6484=VECTOR('',#9468,1.);
#6485=VECTOR('',#9469,1.);
#6486=VECTOR('',#9472,1.);
#6487=VECTOR('',#9475,1.);
#6488=VECTOR('',#9476,1.);
#6489=VECTOR('',#9477,1.);
#6490=VECTOR('',#9478,1.);
#6491=VECTOR('',#9479,1.);
#6492=VECTOR('',#9484,1.);
#6493=VECTOR('',#9485,1.);
#6494=VECTOR('',#9486,1.);
#6495=VECTOR('',#9489,1.);
#6496=VECTOR('',#9490,1.);
#6497=VECTOR('',#9491,1.);
#6498=VECTOR('',#9494,1.);
#6499=VECTOR('',#9495,1.);
#6500=VECTOR('',#9502,1.);
#6501=VECTOR('',#9503,1.);
#6502=VECTOR('',#9504,1.);
#6503=VECTOR('',#9509,1.);
#6504=VECTOR('',#9510,1.);
#6505=VECTOR('',#9513,1.);
#6506=VECTOR('',#9514,1.);
#6507=VECTOR('',#9517,1.);
#6508=VECTOR('',#9522,1.);
#6509=VECTOR('',#9523,1.);
#6510=VECTOR('',#9524,1.);
#6511=VECTOR('',#9527,1.);
#6512=VECTOR('',#9528,1.);
#6513=VECTOR('',#9531,1.);
#6514=VECTOR('',#9532,1.);
#6515=VECTOR('',#9535,1.);
#6516=VECTOR('',#9536,1.);
#6517=VECTOR('',#9539,1.);
#6518=VECTOR('',#9540,1.);
#6519=VECTOR('',#9543,1.);
#6520=VECTOR('',#9544,1.);
#6521=VECTOR('',#9547,1.);
#6522=VECTOR('',#9548,1.);
#6523=VECTOR('',#9551,1.);
#6524=VECTOR('',#9552,1.);
#6525=VECTOR('',#9555,1.);
#6526=VECTOR('',#9556,1.);
#6527=VECTOR('',#9559,1.);
#6528=VECTOR('',#9562,1.);
#6529=VECTOR('',#9563,1.);
#6530=VECTOR('',#9564,1.);
#6531=VECTOR('',#9565,1.);
#6532=VECTOR('',#9566,1.);
#6533=VECTOR('',#9567,1.);
#6534=VECTOR('',#9570,1.);
#6535=VECTOR('',#9573,1.);
#6536=VECTOR('',#9574,1.);
#6537=VECTOR('',#9577,1.);
#6538=VECTOR('',#9580,1.);
#6539=VECTOR('',#9583,1.);
#6540=VECTOR('',#9584,1.);
#6541=VECTOR('',#9587,1.);
#6542=VECTOR('',#9592,1.);
#6543=VECTOR('',#9595,1.);
#6544=VECTOR('',#9596,1.);
#6545=VECTOR('',#9597,1.);
#6546=VECTOR('',#9600,1.);
#6547=VECTOR('',#9603,1.);
#6548=VECTOR('',#9604,1.);
#6549=VECTOR('',#9605,1.);
#6550=VECTOR('',#9608,1.);
#6551=VECTOR('',#9611,1.);
#6552=VECTOR('',#9612,1.);
#6553=VECTOR('',#9613,1.);
#6554=VECTOR('',#9614,1.);
#6555=VECTOR('',#9617,1.);
#6556=VECTOR('',#9618,1.);
#6557=VECTOR('',#9619,1.);
#6558=VECTOR('',#9624,1.);
#6559=VECTOR('',#9627,1.);
#6560=VECTOR('',#9630,1.);
#6561=VECTOR('',#9635,1.);
#6562=VECTOR('',#9640,1.);
#6563=VECTOR('',#9641,1.);
#6564=VECTOR('',#9644,1.);
#6565=VECTOR('',#9645,1.);
#6566=VECTOR('',#9648,1.);
#6567=VECTOR('',#9649,1.);
#6568=VECTOR('',#9652,1.);
#6569=VECTOR('',#9653,1.);
#6570=VECTOR('',#9656,1.);
#6571=VECTOR('',#9657,1.);
#6572=VECTOR('',#9660,1.);
#6573=VECTOR('',#9661,1.);
#6574=VECTOR('',#9662,1.);
#6575=VECTOR('',#9663,1.);
#6576=VECTOR('',#9666,1.);
#6577=VECTOR('',#9671,1.);
#6578=VECTOR('',#9676,1.);
#6579=VECTOR('',#9677,1.);
#6580=VECTOR('',#9678,1.);
#6581=VECTOR('',#9679,1.);
#6582=VECTOR('',#9682,1.);
#6583=VECTOR('',#9683,1.);
#6584=VECTOR('',#9684,1.);
#6585=VECTOR('',#9685,1.);
#6586=VECTOR('',#9686,1.);
#6587=VECTOR('',#9687,1.);
#6588=VECTOR('',#9688,1.);
#6589=VECTOR('',#9691,1.);
#6590=VECTOR('',#9692,1.);
#6591=VECTOR('',#9693,1.);
#6592=VECTOR('',#9696,1.);
#6593=VECTOR('',#9697,1.);
#6594=VECTOR('',#9700,1.);
#6595=VECTOR('',#9701,1.);
#6596=VECTOR('',#9702,1.);
#6597=VECTOR('',#9703,1.);
#6598=VECTOR('',#9704,1.);
#6599=VECTOR('',#9707,1.);
#6600=VECTOR('',#9708,1.);
#6601=VECTOR('',#9709,1.);
#6602=VECTOR('',#9710,1.);
#6603=VECTOR('',#9713,1.);
#6604=VECTOR('',#9714,1.);
#6605=VECTOR('',#9717,1.);
#6606=VECTOR('',#9718,1.);
#6607=VECTOR('',#9719,1.);
#6608=VECTOR('',#9720,1.);
#6609=VECTOR('',#9721,1.);
#6610=VECTOR('',#9722,1.);
#6611=VECTOR('',#9723,1.);
#6612=VECTOR('',#9724,1.);
#6613=VECTOR('',#9727,1.);
#6614=VECTOR('',#9734,1.);
#6615=VECTOR('',#9735,1.);
#6616=VECTOR('',#9736,1.);
#6617=VECTOR('',#9739,1.);
#6618=VECTOR('',#9740,1.);
#6619=VECTOR('',#9743,1.);
#6620=VECTOR('',#9744,1.);
#6621=VECTOR('',#9747,1.);
#6622=VECTOR('',#9748,1.);
#6623=VECTOR('',#9751,1.);
#6624=VECTOR('',#9752,1.);
#6625=VECTOR('',#9753,1.);
#6626=VECTOR('',#9754,1.);
#6627=VECTOR('',#9755,1.);
#6628=VECTOR('',#9756,1.);
#6629=VECTOR('',#9759,1.);
#6630=VECTOR('',#9760,1.);
#6631=VECTOR('',#9763,1.);
#6632=VECTOR('',#9764,1.);
#6633=VECTOR('',#9767,1.);
#6634=VECTOR('',#9768,1.);
#6635=VECTOR('',#9769,1.);
#6636=VECTOR('',#9770,1.);
#6637=VECTOR('',#9771,1.);
#6638=VECTOR('',#9772,1.);
#6639=VECTOR('',#9775,1.);
#6640=VECTOR('',#9778,1.);
#6641=VECTOR('',#9779,1.);
#6642=VECTOR('',#9780,1.);
#6643=VECTOR('',#9781,1.);
#6644=VECTOR('',#9784,1.);
#6645=VECTOR('',#9785,1.);
#6646=VECTOR('',#9788,1.);
#6647=VECTOR('',#9789,1.);
#6648=VECTOR('',#9792,1.);
#6649=VECTOR('',#9793,1.);
#6650=VECTOR('',#9794,1.);
#6651=VECTOR('',#9795,1.);
#6652=VECTOR('',#9798,1.);
#6653=VECTOR('',#9803,1.);
#6654=VECTOR('',#9806,1.);
#6655=VECTOR('',#9807,1.);
#6656=VECTOR('',#9808,1.);
#6657=VECTOR('',#9809,1.);
#6658=VECTOR('',#9810,1.);
#6659=VECTOR('',#9815,1.);
#6660=VECTOR('',#9816,1.);
#6661=VECTOR('',#9817,1.);
#6662=VECTOR('',#9820,1.);
#6663=VECTOR('',#9821,1.);
#6664=VECTOR('',#9822,1.);
#6665=VECTOR('',#9823,1.);
#6666=VECTOR('',#9824,1.);
#6667=VECTOR('',#9827,1.);
#6668=VECTOR('',#9828,1.);
#6669=VECTOR('',#9831,1.);
#6670=VECTOR('',#9832,1.);
#6671=VECTOR('',#9835,1.);
#6672=VECTOR('',#9840,1.);
#6673=VECTOR('',#9841,1.);
#6674=VECTOR('',#9844,1.);
#6675=VECTOR('',#9845,1.);
#6676=VECTOR('',#9848,1.);
#6677=VECTOR('',#9849,1.);
#6678=VECTOR('',#9852,1.);
#6679=VECTOR('',#9853,1.);
#6680=VECTOR('',#9856,1.);
#6681=VECTOR('',#9857,1.);
#6682=VECTOR('',#9858,1.);
#6683=VECTOR('',#9859,1.);
#6684=VECTOR('',#9860,1.);
#6685=VECTOR('',#9863,1.);
#6686=VECTOR('',#9866,1.);
#6687=VECTOR('',#9867,1.);
#6688=VECTOR('',#9868,1.);
#6689=VECTOR('',#9869,1.);
#6690=VECTOR('',#9870,1.);
#6691=VECTOR('',#9875,1.);
#6692=VECTOR('',#9876,1.);
#6693=VECTOR('',#9877,1.);
#6694=VECTOR('',#9880,1.);
#6695=VECTOR('',#9881,1.);
#6696=VECTOR('',#9884,1.);
#6697=VECTOR('',#9885,1.);
#6698=VECTOR('',#9888,1.);
#6699=VECTOR('',#9891,1.);
#6700=VECTOR('',#9892,1.);
#6701=VECTOR('',#9895,1.);
#6702=VECTOR('',#9900,1.);
#6703=VECTOR('',#9905,1.);
#6704=VECTOR('',#9906,1.);
#6705=VECTOR('',#9909,1.);
#6706=VECTOR('',#9910,1.);
#6707=VECTOR('',#9913,1.);
#6708=VECTOR('',#9914,1.);
#6709=VECTOR('',#9917,1.);
#6710=VECTOR('',#9918,1.);
#6711=VECTOR('',#9921,1.);
#6712=VECTOR('',#9922,1.);
#6713=VECTOR('',#9925,1.);
#6714=VECTOR('',#9926,1.);
#6715=VECTOR('',#9927,1.);
#6716=VECTOR('',#9928,1.);
#6717=VECTOR('',#9929,1.);
#6718=VECTOR('',#9932,1.);
#6719=VECTOR('',#9935,1.);
#6720=VECTOR('',#9936,1.);
#6721=VECTOR('',#9937,1.);
#6722=VECTOR('',#9940,1.);
#6723=VECTOR('',#9945,1.);
#6724=VECTOR('',#9946,1.);
#6725=VECTOR('',#9949,1.);
#6726=VECTOR('',#9954,1.);
#6727=VECTOR('',#9957,1.);
#6728=VECTOR('',#9958,1.);
#6729=VECTOR('',#9961,1.);
#6730=VECTOR('',#9962,1.);
#6731=VECTOR('',#9965,1.);
#6732=VECTOR('',#9966,1.);
#6733=VECTOR('',#9967,1.);
#6734=VECTOR('',#9968,1.);
#6735=VECTOR('',#9969,1.);
#6736=VECTOR('',#9970,1.);
#6737=VECTOR('',#9971,1.);
#6738=VECTOR('',#9972,1.);
#6739=VECTOR('',#9973,1.);
#6740=VECTOR('',#9974,1.);
#6741=VECTOR('',#9977,1.);
#6742=VECTOR('',#9978,1.);
#6743=VECTOR('',#9979,1.);
#6744=VECTOR('',#9986,1.);
#6745=VECTOR('',#9987,1.);
#6746=VECTOR('',#9988,1.);
#6747=VECTOR('',#9991,1.);
#6748=VECTOR('',#9992,1.);
#6749=VECTOR('',#9995,1.);
#6750=VECTOR('',#9996,1.);
#6751=VECTOR('',#9999,1.);
#6752=VECTOR('',#10000,1.);
#6753=VECTOR('',#10003,1.);
#6754=VECTOR('',#10008,1.);
#6755=VECTOR('',#10013,1.);
#6756=VECTOR('',#10016,1.);
#6757=VECTOR('',#10019,1.);
#6758=VECTOR('',#10020,1.);
#6759=VECTOR('',#10023,1.);
#6760=VECTOR('',#10024,1.);
#6761=VECTOR('',#10027,1.);
#6762=VECTOR('',#10028,1.);
#6763=VECTOR('',#10029,1.);
#6764=VECTOR('',#10030,1.);
#6765=VECTOR('',#10031,1.);
#6766=VECTOR('',#10034,1.);
#6767=VECTOR('',#10035,1.);
#6768=VECTOR('',#10038,1.);
#6769=VECTOR('',#10039,1.);
#6770=VECTOR('',#10042,1.);
#6771=VECTOR('',#10043,1.);
#6772=VECTOR('',#10046,1.);
#6773=VECTOR('',#10047,1.);
#6774=VECTOR('',#10050,1.);
#6775=VECTOR('',#10051,1.);
#6776=VECTOR('',#10054,1.);
#6777=VECTOR('',#10057,1.);
#6778=VECTOR('',#10058,1.);
#6779=VECTOR('',#10059,1.);
#6780=VECTOR('',#10062,1.);
#6781=VECTOR('',#10067,1.);
#6782=VECTOR('',#10068,1.);
#6783=VECTOR('',#10069,1.);
#6784=VECTOR('',#10070,1.);
#6785=VECTOR('',#10073,1.);
#6786=VECTOR('',#10074,1.);
#6787=VECTOR('',#10075,1.);
#6788=VECTOR('',#10076,1.);
#6789=VECTOR('',#10077,1.);
#6790=VECTOR('',#10078,1.);
#6791=VECTOR('',#10079,1.);
#6792=VECTOR('',#10082,1.);
#6793=VECTOR('',#10083,1.);
#6794=VECTOR('',#10084,1.);
#6795=VECTOR('',#10087,1.);
#6796=VECTOR('',#10088,1.);
#6797=VECTOR('',#10091,1.);
#6798=VECTOR('',#10092,1.);
#6799=VECTOR('',#10093,1.);
#6800=VECTOR('',#10094,1.);
#6801=VECTOR('',#10095,1.);
#6802=VECTOR('',#10098,1.);
#6803=VECTOR('',#10099,1.);
#6804=VECTOR('',#10100,1.);
#6805=VECTOR('',#10101,1.);
#6806=VECTOR('',#10104,1.);
#6807=VECTOR('',#10105,1.);
#6808=VECTOR('',#10108,1.);
#6809=VECTOR('',#10109,1.);
#6810=VECTOR('',#10110,1.);
#6811=VECTOR('',#10111,1.);
#6812=VECTOR('',#10112,1.);
#6813=VECTOR('',#10113,1.);
#6814=VECTOR('',#10114,1.);
#6815=VECTOR('',#10115,1.);
#6816=VECTOR('',#10118,1.);
#6817=VECTOR('',#10123,1.);
#6818=VECTOR('',#10124,1.);
#6819=VECTOR('',#10125,1.);
#6820=VECTOR('',#10126,1.);
#6821=VECTOR('',#10129,1.);
#6822=VECTOR('',#10130,1.);
#6823=VECTOR('',#10133,1.);
#6824=VECTOR('',#10134,1.);
#6825=VECTOR('',#10137,1.);
#6826=VECTOR('',#10138,1.);
#6827=VECTOR('',#10141,1.);
#6828=VECTOR('',#10142,1.);
#6829=VECTOR('',#10145,1.);
#6830=VECTOR('',#10146,1.);
#6831=VECTOR('',#10149,1.);
#6832=VECTOR('',#10150,1.);
#6833=VECTOR('',#10153,1.);
#6834=VECTOR('',#10154,1.);
#6835=VECTOR('',#10157,1.);
#6836=VECTOR('',#10158,1.);
#6837=VECTOR('',#10161,1.);
#6838=VECTOR('',#10162,1.);
#6839=VECTOR('',#10165,1.);
#6840=VECTOR('',#10166,1.);
#6841=VECTOR('',#10169,1.);
#6842=VECTOR('',#10170,1.);
#6843=VECTOR('',#10171,1.);
#6844=VECTOR('',#10172,1.);
#6845=VECTOR('',#10173,1.);
#6846=VECTOR('',#10176,1.);
#6847=VECTOR('',#10179,1.);
#6848=VECTOR('',#10180,1.);
#6849=VECTOR('',#10181,1.);
#6850=VECTOR('',#10184,1.);
#6851=VECTOR('',#10189,1.);
#6852=VECTOR('',#10190,1.);
#6853=VECTOR('',#10193,1.);
#6854=VECTOR('',#10198,1.);
#6855=VECTOR('',#10201,1.);
#6856=VECTOR('',#10202,1.);
#6857=VECTOR('',#10205,1.);
#6858=VECTOR('',#10210,1.);
#6859=VECTOR('',#10215,1.);
#6860=VECTOR('',#10216,1.);
#6861=VECTOR('',#10217,1.);
#6862=VECTOR('',#10218,1.);
#6863=VECTOR('',#10221,1.);
#6864=VECTOR('',#10222,1.);
#6865=VECTOR('',#10223,1.);
#6866=VECTOR('',#10224,1.);
#6867=VECTOR('',#10227,1.);
#6868=VECTOR('',#10228,1.);
#6869=VECTOR('',#10231,1.);
#6870=VECTOR('',#10232,1.);
#6871=VECTOR('',#10235,1.);
#6872=VECTOR('',#10236,1.);
#6873=VECTOR('',#10237,1.);
#6874=VECTOR('',#10238,1.);
#6875=VECTOR('',#10241,1.);
#6876=VECTOR('',#10246,1.);
#6877=VECTOR('',#10251,1.);
#6878=VECTOR('',#10252,1.);
#6879=VECTOR('',#10253,1.);
#6880=VECTOR('',#10256,1.);
#6881=VECTOR('',#10257,1.);
#6882=VECTOR('',#10260,1.);
#6883=VECTOR('',#10261,1.);
#6884=VECTOR('',#10262,1.);
#6885=VECTOR('',#10265,1.);
#6886=VECTOR('',#10270,1.);
#6887=VECTOR('',#10275,1.);
#6888=VECTOR('',#10276,1.);
#6889=VECTOR('',#10279,1.);
#6890=VECTOR('',#10282,1.);
#6891=VECTOR('',#10283,1.);
#6892=VECTOR('',#10286,1.);
#6893=VECTOR('',#10287,1.);
#6894=VECTOR('',#10290,1.);
#6895=VECTOR('',#10291,1.);
#6896=VECTOR('',#10294,1.);
#6897=VECTOR('',#10295,1.);
#6898=VECTOR('',#10298,1.);
#6899=VECTOR('',#10303,1.);
#6900=VECTOR('',#10304,1.);
#6901=VECTOR('',#10305,1.);
#6902=VECTOR('',#10308,1.);
#6903=VECTOR('',#10311,1.);
#6904=VECTOR('',#10312,1.);
#6905=VECTOR('',#10313,1.);
#6906=VECTOR('',#10314,1.);
#6907=VECTOR('',#10315,1.);
#6908=VECTOR('',#10316,1.);
#6909=VECTOR('',#10317,1.);
#6910=VECTOR('',#10318,1.);
#6911=VECTOR('',#10321,1.);
#6912=VECTOR('',#10322,1.);
#6913=VECTOR('',#10323,1.);
#6914=VECTOR('',#10324,1.);
#6915=VECTOR('',#10325,1.);
#6916=VECTOR('',#10326,1.);
#6917=VECTOR('',#10329,1.);
#6918=VECTOR('',#10330,1.);
#6919=VECTOR('',#10331,1.);
#6920=VECTOR('',#10334,1.);
#6921=VECTOR('',#10335,1.);
#6922=VECTOR('',#10338,1.);
#6923=VECTOR('',#10339,1.);
#6924=VECTOR('',#10342,1.);
#6925=VECTOR('',#10343,1.);
#6926=VECTOR('',#10346,1.);
#6927=VECTOR('',#10347,1.);
#6928=VECTOR('',#10350,1.);
#6929=VECTOR('',#10351,1.);
#6930=VECTOR('',#10354,1.);
#6931=VECTOR('',#10355,1.);
#6932=VECTOR('',#10356,1.);
#6933=VECTOR('',#10357,1.);
#6934=VECTOR('',#10358,1.);
#6935=VECTOR('',#10363,1.);
#6936=VECTOR('',#10364,1.);
#6937=VECTOR('',#10365,1.);
#6938=VECTOR('',#10368,1.);
#6939=VECTOR('',#10373,1.);
#6940=VECTOR('',#10374,1.);
#6941=VECTOR('',#10377,1.);
#6942=VECTOR('',#10382,1.);
#6943=VECTOR('',#10385,1.);
#6944=VECTOR('',#10386,1.);
#6945=VECTOR('',#10389,1.);
#6946=VECTOR('',#10390,1.);
#6947=VECTOR('',#10393,1.);
#6948=VECTOR('',#10394,1.);
#6949=VECTOR('',#10395,1.);
#6950=VECTOR('',#10396,1.);
#6951=VECTOR('',#10397,1.);
#6952=VECTOR('',#10398,1.);
#6953=VECTOR('',#10399,1.);
#6954=VECTOR('',#10400,1.);
#6955=VECTOR('',#10401,1.);
#6956=VECTOR('',#10402,1.);
#6957=VECTOR('',#10405,1.);
#6958=VECTOR('',#10406,1.);
#6959=VECTOR('',#10407,1.);
#6960=VECTOR('',#10414,1.);
#6961=VECTOR('',#10415,1.);
#6962=VECTOR('',#10416,1.);
#6963=VECTOR('',#10419,1.);
#6964=VECTOR('',#10420,1.);
#6965=VECTOR('',#10421,1.);
#6966=VECTOR('',#10422,1.);
#6967=VECTOR('',#10423,1.);
#6968=VECTOR('',#10426,1.);
#6969=VECTOR('',#10427,1.);
#6970=VECTOR('',#10430,1.);
#6971=VECTOR('',#10431,1.);
#6972=VECTOR('',#10432,1.);
#6973=VECTOR('',#10435,1.);
#6974=VECTOR('',#10436,1.);
#6975=VECTOR('',#10439,1.);
#6976=VECTOR('',#10440,1.);
#6977=VECTOR('',#10443,1.);
#6978=VECTOR('',#10444,1.);
#6979=VECTOR('',#10447,1.);
#6980=VECTOR('',#10448,1.);
#6981=VECTOR('',#10451,1.);
#6982=VECTOR('',#10452,1.);
#6983=VECTOR('',#10453,1.);
#6984=VECTOR('',#10454,1.);
#6985=VECTOR('',#10455,1.);
#6986=VECTOR('',#10458,1.);
#6987=VECTOR('',#10463,1.);
#6988=VECTOR('',#10464,1.);
#6989=VECTOR('',#10465,1.);
#6990=VECTOR('',#10468,1.);
#6991=VECTOR('',#10469,1.);
#6992=VECTOR('',#10472,1.);
#6993=VECTOR('',#10473,1.);
#6994=VECTOR('',#10476,1.);
#6995=VECTOR('',#10477,1.);
#6996=VECTOR('',#10480,1.);
#6997=VECTOR('',#10485,1.);
#6998=VECTOR('',#10490,1.);
#6999=VECTOR('',#10491,1.);
#7000=VECTOR('',#10494,1.);
#7001=VECTOR('',#10495,1.);
#7002=VECTOR('',#10498,1.);
#7003=VECTOR('',#10499,1.);
#7004=VECTOR('',#10502,1.);
#7005=VECTOR('',#10503,1.);
#7006=VECTOR('',#10506,1.);
#7007=VECTOR('',#10507,1.);
#7008=VECTOR('',#10510,1.);
#7009=VECTOR('',#10511,1.);
#7010=VECTOR('',#10514,1.);
#7011=VECTOR('',#10515,1.);
#7012=VECTOR('',#10518,1.);
#7013=VECTOR('',#10519,1.);
#7014=VECTOR('',#10522,1.);
#7015=VECTOR('',#10523,1.);
#7016=VECTOR('',#10526,1.);
#7017=VECTOR('',#10527,1.);
#7018=VECTOR('',#10530,1.);
#7019=VECTOR('',#10531,1.);
#7020=VECTOR('',#10532,1.);
#7021=VECTOR('',#10535,1.);
#7022=VECTOR('',#10540,1.);
#7023=VECTOR('',#10541,1.);
#7024=VECTOR('',#10542,1.);
#7025=VECTOR('',#10543,1.);
#7026=VECTOR('',#10546,1.);
#7027=VECTOR('',#10547,1.);
#7028=VECTOR('',#10548,1.);
#7029=VECTOR('',#10549,1.);
#7030=VECTOR('',#10550,1.);
#7031=VECTOR('',#10551,1.);
#7032=VECTOR('',#10552,1.);
#7033=VECTOR('',#10555,1.);
#7034=VECTOR('',#10556,1.);
#7035=VECTOR('',#10557,1.);
#7036=VECTOR('',#10560,1.);
#7037=VECTOR('',#10561,1.);
#7038=VECTOR('',#10564,1.);
#7039=VECTOR('',#10565,1.);
#7040=VECTOR('',#10566,1.);
#7041=VECTOR('',#10567,1.);
#7042=VECTOR('',#10568,1.);
#7043=VECTOR('',#10571,1.);
#7044=VECTOR('',#10572,1.);
#7045=VECTOR('',#10573,1.);
#7046=VECTOR('',#10574,1.);
#7047=VECTOR('',#10577,1.);
#7048=VECTOR('',#10578,1.);
#7049=VECTOR('',#10581,1.);
#7050=VECTOR('',#10582,1.);
#7051=VECTOR('',#10583,1.);
#7052=VECTOR('',#10584,1.);
#7053=VECTOR('',#10585,1.);
#7054=VECTOR('',#10586,1.);
#7055=VECTOR('',#10587,1.);
#7056=VECTOR('',#10588,1.);
#7057=VECTOR('',#10591,1.);
#7058=VECTOR('',#10596,1.);
#7059=VECTOR('',#10597,1.);
#7060=VECTOR('',#10598,1.);
#7061=VECTOR('',#10599,1.);
#7062=VECTOR('',#10600,1.);
#7063=VECTOR('',#10601,1.);
#7064=VECTOR('',#10602,1.);
#7065=VECTOR('',#10603,1.);
#7066=VECTOR('',#10606,1.);
#7067=VECTOR('',#10607,1.);
#7068=VECTOR('',#10608,1.);
#7069=VECTOR('',#10609,1.);
#7070=VECTOR('',#10610,1.);
#7071=VECTOR('',#10611,1.);
#7072=VECTOR('',#10614,1.);
#7073=VECTOR('',#10615,1.);
#7074=VECTOR('',#10618,1.);
#7075=VECTOR('',#10619,1.);
#7076=VECTOR('',#10622,1.);
#7077=VECTOR('',#10623,1.);
#7078=VECTOR('',#10626,1.);
#7079=VECTOR('',#10627,1.);
#7080=VECTOR('',#10630,1.);
#7081=VECTOR('',#10631,1.);
#7082=VECTOR('',#10634,1.);
#7083=VECTOR('',#10635,1.);
#7084=VECTOR('',#10636,1.);
#7085=VECTOR('',#10639,1.);
#7086=VECTOR('',#10640,1.);
#7087=VECTOR('',#10641,1.);
#7088=VECTOR('',#10642,1.);
#7089=VECTOR('',#10643,1.);
#7090=EDGE_LOOP('',(#708,#709,#710,#711,#712,#713,#714,#715,#716,#717,#718,
#719));
#7091=EDGE_LOOP('',(#720,#721,#722,#723,#724,#725,#726,#727,#728,#729,#730,
#731));
#7092=EDGE_LOOP('',(#732,#733,#734,#735));
#7093=EDGE_LOOP('',(#736,#737,#738,#739));
#7094=EDGE_LOOP('',(#740,#741,#742,#743));
#7095=EDGE_LOOP('',(#744,#745,#746,#747));
#7096=EDGE_LOOP('',(#748,#749,#750,#751));
#7097=EDGE_LOOP('',(#752,#753,#754,#755));
#7098=EDGE_LOOP('',(#756,#757,#758,#759));
#7099=EDGE_LOOP('',(#760,#761,#762,#763));
#7100=EDGE_LOOP('',(#764,#765,#766,#767));
#7101=EDGE_LOOP('',(#768,#769,#770,#771));
#7102=EDGE_LOOP('',(#772,#773,#774,#775));
#7103=EDGE_LOOP('',(#776,#777,#778,#779));
#7104=EDGE_LOOP('',(#780,#781,#782,#783));
#7105=EDGE_LOOP('',(#784,#785,#786,#787,#788,#789,#790,#791,#792,#793,#794,
#795,#796,#797));
#7106=EDGE_LOOP('',(#798,#799,#800,#801,#802,#803,#804,#805,#806,#807,#808,
#809,#810,#811,#812,#813,#814,#815));
#7107=EDGE_LOOP('',(#816,#817,#818,#819,#820,#821,#822,#823,#824,#825,#826,
#827,#828,#829,#830,#831,#832,#833,#834));
#7108=EDGE_LOOP('',(#835,#836,#837,#838,#839,#840,#841,#842,#843,#844,#845,
#846,#847,#848,#849,#850,#851));
#7109=EDGE_LOOP('',(#852,#853,#854,#855,#856,#857,#858,#859,#860,#861,#862,
#863,#864,#865,#866));
#7110=EDGE_LOOP('',(#867,#868,#869,#870,#871,#872,#873,#874,#875,#876,#877,
#878,#879,#880));
#7111=EDGE_LOOP('',(#881,#882,#883,#884,#885,#886,#887,#888,#889,#890,#891,
#892,#893,#894,#895,#896,#897));
#7112=EDGE_LOOP('',(#898,#899,#900,#901,#902,#903,#904,#905,#906,#907));
#7113=EDGE_LOOP('',(#908,#909,#910,#911,#912,#913,#914,#915,#916,#917,#918,
#919,#920,#921));
#7114=EDGE_LOOP('',(#922,#923,#924,#925,#926,#927,#928,#929,#930,#931,#932,
#933,#934,#935,#936,#937,#938,#939));
#7115=EDGE_LOOP('',(#940,#941,#942,#943,#944,#945,#946,#947,#948,#949,#950,
#951,#952,#953,#954,#955,#956,#957));
#7116=EDGE_LOOP('',(#958,#959,#960,#961,#962,#963,#964,#965,#966,#967,#968,
#969,#970,#971,#972,#973,#974,#975,#976,#977,#978,#979,#980,#981));
#7117=EDGE_LOOP('',(#982,#983,#984,#985,#986,#987,#988,#989,#990,#991,#992,
#993,#994,#995,#996));
#7118=EDGE_LOOP('',(#997,#998,#999,#1000,#1001,#1002,#1003,#1004,#1005,
#1006,#1007,#1008,#1009));
#7119=EDGE_LOOP('',(#1010,#1011,#1012,#1013));
#7120=EDGE_LOOP('',(#1014,#1015,#1016,#1017,#1018));
#7121=EDGE_LOOP('',(#1019,#1020,#1021,#1022,#1023,#1024,#1025,#1026,#1027,
#1028,#1029,#1030,#1031,#1032,#1033,#1034,#1035));
#7122=EDGE_LOOP('',(#1036,#1037,#1038,#1039,#1040));
#7123=EDGE_LOOP('',(#1041,#1042,#1043,#1044,#1045,#1046,#1047,#1048,#1049,
#1050));
#7124=EDGE_LOOP('',(#1051,#1052,#1053,#1054,#1055,#1056,#1057,#1058,#1059,
#1060,#1061,#1062,#1063,#1064,#1065,#1066,#1067));
#7125=EDGE_LOOP('',(#1068,#1069,#1070,#1071,#1072,#1073,#1074,#1075,#1076,
#1077,#1078,#1079,#1080,#1081,#1082,#1083,#1084,#1085));
#7126=EDGE_LOOP('',(#1086,#1087,#1088,#1089,#1090,#1091,#1092,#1093,#1094,
#1095,#1096,#1097,#1098));
#7127=EDGE_LOOP('',(#1099,#1100,#1101,#1102,#1103,#1104,#1105,#1106,#1107,
#1108,#1109,#1110,#1111,#1112,#1113,#1114,#1115,#1116,#1117,#1118,#1119,
#1120,#1121,#1122,#1123,#1124,#1125,#1126));
#7128=EDGE_LOOP('',(#1127,#1128,#1129,#1130,#1131,#1132,#1133,#1134,#1135,
#1136));
#7129=EDGE_LOOP('',(#1137,#1138,#1139,#1140,#1141,#1142,#1143,#1144));
#7130=EDGE_LOOP('',(#1145,#1146,#1147,#1148));
#7131=EDGE_LOOP('',(#1149,#1150,#1151,#1152));
#7132=EDGE_LOOP('',(#1153,#1154,#1155,#1156));
#7133=EDGE_LOOP('',(#1157,#1158,#1159,#1160,#1161,#1162,#1163,#1164));
#7134=EDGE_LOOP('',(#1165,#1166,#1167,#1168));
#7135=EDGE_LOOP('',(#1169,#1170,#1171,#1172,#1173,#1174,#1175,#1176));
#7136=EDGE_LOOP('',(#1177,#1178,#1179,#1180));
#7137=EDGE_LOOP('',(#1181,#1182,#1183,#1184));
#7138=EDGE_LOOP('',(#1185,#1186,#1187,#1188));
#7139=EDGE_LOOP('',(#1189,#1190,#1191,#1192));
#7140=EDGE_LOOP('',(#1193,#1194,#1195,#1196));
#7141=EDGE_LOOP('',(#1197,#1198,#1199,#1200));
#7142=EDGE_LOOP('',(#1201,#1202,#1203,#1204,#1205,#1206,#1207,#1208));
#7143=EDGE_LOOP('',(#1209,#1210,#1211,#1212));
#7144=EDGE_LOOP('',(#1213,#1214,#1215,#1216));
#7145=EDGE_LOOP('',(#1217,#1218,#1219,#1220));
#7146=EDGE_LOOP('',(#1221,#1222,#1223,#1224));
#7147=EDGE_LOOP('',(#1225,#1226,#1227,#1228));
#7148=EDGE_LOOP('',(#1229,#1230,#1231,#1232));
#7149=EDGE_LOOP('',(#1233,#1234,#1235,#1236));
#7150=EDGE_LOOP('',(#1237,#1238,#1239,#1240));
#7151=EDGE_LOOP('',(#1241,#1242,#1243,#1244));
#7152=EDGE_LOOP('',(#1245,#1246,#1247,#1248));
#7153=EDGE_LOOP('',(#1249,#1250,#1251,#1252));
#7154=EDGE_LOOP('',(#1253,#1254,#1255,#1256));
#7155=EDGE_LOOP('',(#1257,#1258,#1259,#1260));
#7156=EDGE_LOOP('',(#1261,#1262,#1263,#1264));
#7157=EDGE_LOOP('',(#1265,#1266,#1267,#1268));
#7158=EDGE_LOOP('',(#1269,#1270,#1271,#1272,#1273,#1274,#1275,#1276,#1277,
#1278));
#7159=EDGE_LOOP('',(#1279,#1280,#1281,#1282));
#7160=EDGE_LOOP('',(#1283,#1284,#1285,#1286));
#7161=EDGE_LOOP('',(#1287,#1288,#1289,#1290));
#7162=EDGE_LOOP('',(#1291,#1292,#1293,#1294));
#7163=EDGE_LOOP('',(#1295,#1296,#1297,#1298));
#7164=EDGE_LOOP('',(#1299,#1300,#1301,#1302));
#7165=EDGE_LOOP('',(#1303,#1304,#1305,#1306));
#7166=EDGE_LOOP('',(#1307,#1308,#1309,#1310));
#7167=EDGE_LOOP('',(#1311,#1312,#1313,#1314));
#7168=EDGE_LOOP('',(#1315,#1316,#1317,#1318));
#7169=EDGE_LOOP('',(#1319,#1320,#1321,#1322));
#7170=EDGE_LOOP('',(#1323,#1324,#1325,#1326));
#7171=EDGE_LOOP('',(#1327,#1328,#1329,#1330));
#7172=EDGE_LOOP('',(#1331,#1332,#1333,#1334));
#7173=EDGE_LOOP('',(#1335,#1336,#1337,#1338));
#7174=EDGE_LOOP('',(#1339,#1340,#1341,#1342));
#7175=EDGE_LOOP('',(#1343,#1344,#1345,#1346));
#7176=EDGE_LOOP('',(#1347,#1348,#1349,#1350));
#7177=EDGE_LOOP('',(#1351,#1352,#1353,#1354));
#7178=EDGE_LOOP('',(#1355,#1356,#1357,#1358));
#7179=EDGE_LOOP('',(#1359,#1360,#1361,#1362));
#7180=EDGE_LOOP('',(#1363,#1364,#1365,#1366));
#7181=EDGE_LOOP('',(#1367,#1368,#1369,#1370));
#7182=EDGE_LOOP('',(#1371,#1372,#1373,#1374));
#7183=EDGE_LOOP('',(#1375,#1376,#1377,#1378));
#7184=EDGE_LOOP('',(#1379,#1380,#1381,#1382));
#7185=EDGE_LOOP('',(#1383,#1384,#1385,#1386));
#7186=EDGE_LOOP('',(#1387,#1388,#1389,#1390));
#7187=EDGE_LOOP('',(#1391,#1392,#1393,#1394,#1395,#1396,#1397,#1398,#1399,
#1400,#1401,#1402,#1403,#1404,#1405,#1406,#1407,#1408,#1409,#1410,#1411,
#1412,#1413,#1414,#1415,#1416,#1417,#1418));
#7188=EDGE_LOOP('',(#1419,#1420,#1421,#1422));
#7189=EDGE_LOOP('',(#1423,#1424,#1425,#1426));
#7190=EDGE_LOOP('',(#1427,#1428,#1429,#1430));
#7191=EDGE_LOOP('',(#1431,#1432,#1433,#1434));
#7192=EDGE_LOOP('',(#1435,#1436,#1437,#1438));
#7193=EDGE_LOOP('',(#1439,#1440,#1441,#1442));
#7194=EDGE_LOOP('',(#1443,#1444,#1445,#1446));
#7195=EDGE_LOOP('',(#1447,#1448,#1449,#1450));
#7196=EDGE_LOOP('',(#1451,#1452,#1453,#1454));
#7197=EDGE_LOOP('',(#1455,#1456,#1457,#1458));
#7198=EDGE_LOOP('',(#1459,#1460,#1461,#1462));
#7199=EDGE_LOOP('',(#1463,#1464,#1465,#1466));
#7200=EDGE_LOOP('',(#1467,#1468,#1469,#1470));
#7201=EDGE_LOOP('',(#1471,#1472,#1473,#1474,#1475,#1476,#1477,#1478,#1479,
#1480,#1481,#1482,#1483));
#7202=EDGE_LOOP('',(#1484,#1485,#1486,#1487));
#7203=EDGE_LOOP('',(#1488,#1489,#1490,#1491));
#7204=EDGE_LOOP('',(#1492,#1493,#1494,#1495));
#7205=EDGE_LOOP('',(#1496,#1497,#1498,#1499));
#7206=EDGE_LOOP('',(#1500,#1501,#1502,#1503));
#7207=EDGE_LOOP('',(#1504,#1505,#1506,#1507));
#7208=EDGE_LOOP('',(#1508,#1509,#1510,#1511));
#7209=EDGE_LOOP('',(#1512,#1513,#1514,#1515));
#7210=EDGE_LOOP('',(#1516,#1517,#1518,#1519));
#7211=EDGE_LOOP('',(#1520,#1521,#1522,#1523));
#7212=EDGE_LOOP('',(#1524,#1525,#1526,#1527));
#7213=EDGE_LOOP('',(#1528,#1529,#1530,#1531));
#7214=EDGE_LOOP('',(#1532,#1533,#1534,#1535));
#7215=EDGE_LOOP('',(#1536,#1537,#1538,#1539));
#7216=EDGE_LOOP('',(#1540,#1541,#1542,#1543));
#7217=EDGE_LOOP('',(#1544,#1545,#1546,#1547));
#7218=EDGE_LOOP('',(#1548,#1549,#1550,#1551));
#7219=EDGE_LOOP('',(#1552,#1553,#1554,#1555));
#7220=EDGE_LOOP('',(#1556,#1557,#1558,#1559));
#7221=EDGE_LOOP('',(#1560,#1561,#1562,#1563));
#7222=EDGE_LOOP('',(#1564,#1565,#1566,#1567));
#7223=EDGE_LOOP('',(#1568,#1569,#1570,#1571));
#7224=EDGE_LOOP('',(#1572,#1573,#1574,#1575));
#7225=EDGE_LOOP('',(#1576,#1577,#1578,#1579));
#7226=EDGE_LOOP('',(#1580,#1581,#1582,#1583));
#7227=EDGE_LOOP('',(#1584,#1585,#1586,#1587,#1588,#1589,#1590,#1591,#1592,
#1593,#1594,#1595,#1596,#1597,#1598,#1599,#1600,#1601));
#7228=EDGE_LOOP('',(#1602,#1603,#1604,#1605,#1606,#1607,#1608));
#7229=EDGE_LOOP('',(#1609,#1610,#1611,#1612,#1613,#1614,#1615));
#7230=EDGE_LOOP('',(#1616,#1617,#1618,#1619));
#7231=EDGE_LOOP('',(#1620,#1621,#1622,#1623));
#7232=EDGE_LOOP('',(#1624,#1625,#1626,#1627));
#7233=EDGE_LOOP('',(#1628,#1629,#1630,#1631));
#7234=EDGE_LOOP('',(#1632,#1633,#1634,#1635));
#7235=EDGE_LOOP('',(#1636,#1637,#1638,#1639));
#7236=EDGE_LOOP('',(#1640,#1641,#1642,#1643));
#7237=EDGE_LOOP('',(#1644,#1645,#1646,#1647));
#7238=EDGE_LOOP('',(#1648,#1649,#1650,#1651));
#7239=EDGE_LOOP('',(#1652,#1653,#1654,#1655));
#7240=EDGE_LOOP('',(#1656,#1657,#1658,#1659));
#7241=EDGE_LOOP('',(#1660,#1661,#1662,#1663));
#7242=EDGE_LOOP('',(#1664,#1665,#1666,#1667));
#7243=EDGE_LOOP('',(#1668,#1669,#1670,#1671));
#7244=EDGE_LOOP('',(#1672,#1673,#1674,#1675));
#7245=EDGE_LOOP('',(#1676,#1677,#1678,#1679));
#7246=EDGE_LOOP('',(#1680,#1681,#1682,#1683));
#7247=EDGE_LOOP('',(#1684,#1685,#1686,#1687,#1688,#1689,#1690,#1691,#1692,
#1693,#1694,#1695,#1696,#1697,#1698,#1699,#1700));
#7248=EDGE_LOOP('',(#1701,#1702,#1703,#1704));
#7249=EDGE_LOOP('',(#1705,#1706,#1707,#1708));
#7250=EDGE_LOOP('',(#1709,#1710,#1711,#1712));
#7251=EDGE_LOOP('',(#1713,#1714,#1715,#1716));
#7252=EDGE_LOOP('',(#1717,#1718,#1719,#1720));
#7253=EDGE_LOOP('',(#1721,#1722,#1723,#1724));
#7254=EDGE_LOOP('',(#1725,#1726,#1727,#1728));
#7255=EDGE_LOOP('',(#1729,#1730,#1731,#1732));
#7256=EDGE_LOOP('',(#1733,#1734,#1735,#1736));
#7257=EDGE_LOOP('',(#1737,#1738,#1739,#1740));
#7258=EDGE_LOOP('',(#1741,#1742,#1743,#1744,#1745,#1746,#1747,#1748,#1749,
#1750));
#7259=EDGE_LOOP('',(#1751,#1752,#1753,#1754));
#7260=EDGE_LOOP('',(#1755,#1756,#1757,#1758));
#7261=EDGE_LOOP('',(#1759,#1760,#1761,#1762));
#7262=EDGE_LOOP('',(#1763,#1764,#1765,#1766));
#7263=EDGE_LOOP('',(#1767,#1768,#1769,#1770));
#7264=EDGE_LOOP('',(#1771,#1772,#1773,#1774,#1775));
#7265=EDGE_LOOP('',(#1776,#1777,#1778,#1779));
#7266=EDGE_LOOP('',(#1780,#1781,#1782,#1783));
#7267=EDGE_LOOP('',(#1784,#1785,#1786,#1787));
#7268=EDGE_LOOP('',(#1788,#1789,#1790,#1791));
#7269=EDGE_LOOP('',(#1792,#1793,#1794,#1795));
#7270=EDGE_LOOP('',(#1796,#1797,#1798,#1799));
#7271=EDGE_LOOP('',(#1800,#1801,#1802,#1803));
#7272=EDGE_LOOP('',(#1804,#1805,#1806,#1807));
#7273=EDGE_LOOP('',(#1808,#1809,#1810,#1811));
#7274=EDGE_LOOP('',(#1812,#1813,#1814,#1815));
#7275=EDGE_LOOP('',(#1816,#1817,#1818,#1819));
#7276=EDGE_LOOP('',(#1820,#1821,#1822,#1823));
#7277=EDGE_LOOP('',(#1824,#1825,#1826,#1827));
#7278=EDGE_LOOP('',(#1828,#1829,#1830,#1831));
#7279=EDGE_LOOP('',(#1832,#1833,#1834,#1835));
#7280=EDGE_LOOP('',(#1836,#1837,#1838,#1839));
#7281=EDGE_LOOP('',(#1840,#1841,#1842,#1843));
#7282=EDGE_LOOP('',(#1844,#1845,#1846,#1847,#1848,#1849,#1850,#1851,#1852,
#1853,#1854,#1855,#1856,#1857,#1858,#1859,#1860));
#7283=EDGE_LOOP('',(#1861,#1862,#1863,#1864));
#7284=EDGE_LOOP('',(#1865,#1866,#1867,#1868));
#7285=EDGE_LOOP('',(#1869,#1870,#1871,#1872));
#7286=EDGE_LOOP('',(#1873,#1874,#1875,#1876));
#7287=EDGE_LOOP('',(#1877,#1878,#1879,#1880));
#7288=EDGE_LOOP('',(#1881,#1882,#1883,#1884,#1885));
#7289=EDGE_LOOP('',(#1886,#1887,#1888,#1889));
#7290=EDGE_LOOP('',(#1890,#1891,#1892,#1893));
#7291=EDGE_LOOP('',(#1894,#1895,#1896,#1897));
#7292=EDGE_LOOP('',(#1898,#1899,#1900,#1901));
#7293=EDGE_LOOP('',(#1902,#1903,#1904,#1905));
#7294=EDGE_LOOP('',(#1906,#1907,#1908,#1909));
#7295=EDGE_LOOP('',(#1910,#1911,#1912,#1913));
#7296=EDGE_LOOP('',(#1914,#1915,#1916,#1917));
#7297=EDGE_LOOP('',(#1918,#1919,#1920,#1921));
#7298=EDGE_LOOP('',(#1922,#1923,#1924,#1925));
#7299=EDGE_LOOP('',(#1926,#1927,#1928,#1929));
#7300=EDGE_LOOP('',(#1930,#1931,#1932,#1933));
#7301=EDGE_LOOP('',(#1934,#1935,#1936,#1937));
#7302=EDGE_LOOP('',(#1938,#1939,#1940,#1941));
#7303=EDGE_LOOP('',(#1942,#1943,#1944,#1945));
#7304=EDGE_LOOP('',(#1946,#1947,#1948,#1949));
#7305=EDGE_LOOP('',(#1950,#1951,#1952,#1953));
#7306=EDGE_LOOP('',(#1954,#1955,#1956,#1957));
#7307=EDGE_LOOP('',(#1958,#1959,#1960,#1961,#1962,#1963,#1964,#1965,#1966,
#1967,#1968,#1969,#1970));
#7308=EDGE_LOOP('',(#1971,#1972,#1973,#1974));
#7309=EDGE_LOOP('',(#1975,#1976,#1977,#1978));
#7310=EDGE_LOOP('',(#1979,#1980,#1981,#1982));
#7311=EDGE_LOOP('',(#1983,#1984,#1985,#1986));
#7312=EDGE_LOOP('',(#1987,#1988,#1989,#1990));
#7313=EDGE_LOOP('',(#1991,#1992,#1993,#1994));
#7314=EDGE_LOOP('',(#1995,#1996,#1997,#1998));
#7315=EDGE_LOOP('',(#1999,#2000,#2001,#2002));
#7316=EDGE_LOOP('',(#2003,#2004,#2005,#2006));
#7317=EDGE_LOOP('',(#2007,#2008,#2009,#2010));
#7318=EDGE_LOOP('',(#2011,#2012,#2013,#2014));
#7319=EDGE_LOOP('',(#2015,#2016,#2017,#2018));
#7320=EDGE_LOOP('',(#2019,#2020,#2021,#2022));
#7321=EDGE_LOOP('',(#2023,#2024,#2025,#2026));
#7322=EDGE_LOOP('',(#2027,#2028,#2029,#2030));
#7323=EDGE_LOOP('',(#2031,#2032,#2033,#2034));
#7324=EDGE_LOOP('',(#2035,#2036,#2037,#2038));
#7325=EDGE_LOOP('',(#2039,#2040,#2041,#2042));
#7326=EDGE_LOOP('',(#2043,#2044,#2045,#2046));
#7327=EDGE_LOOP('',(#2047,#2048,#2049,#2050));
#7328=EDGE_LOOP('',(#2051,#2052,#2053,#2054,#2055));
#7329=EDGE_LOOP('',(#2056,#2057,#2058,#2059,#2060,#2061,#2062,#2063,#2064,
#2065,#2066,#2067,#2068,#2069,#2070));
#7330=EDGE_LOOP('',(#2071,#2072,#2073,#2074,#2075));
#7331=EDGE_LOOP('',(#2076,#2077,#2078,#2079));
#7332=EDGE_LOOP('',(#2080,#2081,#2082,#2083));
#7333=EDGE_LOOP('',(#2084,#2085,#2086,#2087));
#7334=EDGE_LOOP('',(#2088,#2089,#2090,#2091));
#7335=EDGE_LOOP('',(#2092,#2093,#2094,#2095));
#7336=EDGE_LOOP('',(#2096,#2097,#2098,#2099));
#7337=EDGE_LOOP('',(#2100,#2101,#2102,#2103));
#7338=EDGE_LOOP('',(#2104,#2105,#2106,#2107));
#7339=EDGE_LOOP('',(#2108,#2109,#2110,#2111));
#7340=EDGE_LOOP('',(#2112,#2113,#2114,#2115));
#7341=EDGE_LOOP('',(#2116,#2117,#2118,#2119));
#7342=EDGE_LOOP('',(#2120,#2121,#2122,#2123));
#7343=EDGE_LOOP('',(#2124,#2125,#2126,#2127));
#7344=EDGE_LOOP('',(#2128,#2129,#2130,#2131));
#7345=EDGE_LOOP('',(#2132,#2133,#2134,#2135));
#7346=EDGE_LOOP('',(#2136,#2137,#2138,#2139));
#7347=EDGE_LOOP('',(#2140,#2141,#2142,#2143));
#7348=EDGE_LOOP('',(#2144,#2145,#2146,#2147));
#7349=EDGE_LOOP('',(#2148,#2149,#2150,#2151));
#7350=EDGE_LOOP('',(#2152,#2153,#2154,#2155));
#7351=EDGE_LOOP('',(#2156,#2157,#2158,#2159));
#7352=EDGE_LOOP('',(#2160,#2161,#2162,#2163));
#7353=EDGE_LOOP('',(#2164,#2165,#2166,#2167));
#7354=EDGE_LOOP('',(#2168,#2169,#2170,#2171));
#7355=EDGE_LOOP('',(#2172,#2173,#2174,#2175,#2176,#2177,#2178,#2179,#2180,
#2181,#2182,#2183,#2184,#2185,#2186,#2187,#2188,#2189,#2190,#2191,#2192,
#2193,#2194,#2195));
#7356=EDGE_LOOP('',(#2196,#2197,#2198,#2199));
#7357=EDGE_LOOP('',(#2200,#2201,#2202,#2203));
#7358=EDGE_LOOP('',(#2204,#2205,#2206,#2207));
#7359=EDGE_LOOP('',(#2208,#2209,#2210,#2211));
#7360=EDGE_LOOP('',(#2212,#2213,#2214,#2215));
#7361=EDGE_LOOP('',(#2216,#2217,#2218,#2219));
#7362=EDGE_LOOP('',(#2220,#2221,#2222,#2223));
#7363=EDGE_LOOP('',(#2224,#2225,#2226,#2227));
#7364=EDGE_LOOP('',(#2228,#2229,#2230,#2231));
#7365=EDGE_LOOP('',(#2232,#2233,#2234,#2235));
#7366=EDGE_LOOP('',(#2236,#2237,#2238,#2239));
#7367=EDGE_LOOP('',(#2240,#2241,#2242,#2243));
#7368=EDGE_LOOP('',(#2244,#2245,#2246,#2247));
#7369=EDGE_LOOP('',(#2248,#2249,#2250,#2251));
#7370=EDGE_LOOP('',(#2252,#2253,#2254,#2255));
#7371=EDGE_LOOP('',(#2256,#2257,#2258,#2259));
#7372=EDGE_LOOP('',(#2260,#2261,#2262,#2263));
#7373=EDGE_LOOP('',(#2264,#2265,#2266,#2267));
#7374=EDGE_LOOP('',(#2268,#2269,#2270,#2271));
#7375=EDGE_LOOP('',(#2272,#2273,#2274,#2275));
#7376=EDGE_LOOP('',(#2276,#2277,#2278,#2279));
#7377=EDGE_LOOP('',(#2280,#2281,#2282,#2283));
#7378=EDGE_LOOP('',(#2284,#2285,#2286,#2287));
#7379=EDGE_LOOP('',(#2288,#2289,#2290,#2291));
#7380=EDGE_LOOP('',(#2292,#2293,#2294,#2295));
#7381=EDGE_LOOP('',(#2296,#2297,#2298,#2299,#2300,#2301,#2302,#2303,#2304,
#2305,#2306,#2307,#2308,#2309,#2310,#2311,#2312,#2313));
#7382=EDGE_LOOP('',(#2314,#2315,#2316,#2317,#2318,#2319,#2320));
#7383=EDGE_LOOP('',(#2321,#2322,#2323,#2324,#2325,#2326,#2327));
#7384=EDGE_LOOP('',(#2328,#2329,#2330,#2331));
#7385=EDGE_LOOP('',(#2332,#2333,#2334,#2335));
#7386=EDGE_LOOP('',(#2336,#2337,#2338,#2339));
#7387=EDGE_LOOP('',(#2340,#2341,#2342,#2343));
#7388=EDGE_LOOP('',(#2344,#2345,#2346,#2347));
#7389=EDGE_LOOP('',(#2348,#2349,#2350,#2351));
#7390=EDGE_LOOP('',(#2352,#2353,#2354,#2355));
#7391=EDGE_LOOP('',(#2356,#2357,#2358,#2359));
#7392=EDGE_LOOP('',(#2360,#2361,#2362,#2363));
#7393=EDGE_LOOP('',(#2364,#2365,#2366,#2367));
#7394=EDGE_LOOP('',(#2368,#2369,#2370,#2371));
#7395=EDGE_LOOP('',(#2372,#2373,#2374,#2375));
#7396=EDGE_LOOP('',(#2376,#2377,#2378,#2379));
#7397=EDGE_LOOP('',(#2380,#2381,#2382,#2383));
#7398=EDGE_LOOP('',(#2384,#2385,#2386,#2387));
#7399=EDGE_LOOP('',(#2388,#2389,#2390,#2391));
#7400=EDGE_LOOP('',(#2392,#2393,#2394,#2395));
#7401=EDGE_LOOP('',(#2396,#2397,#2398,#2399));
#7402=EDGE_LOOP('',(#2400,#2401,#2402,#2403,#2404,#2405,#2406,#2407,#2408,
#2409,#2410,#2411,#2412,#2413,#2414,#2415,#2416,#2417));
#7403=EDGE_LOOP('',(#2418,#2419,#2420,#2421));
#7404=EDGE_LOOP('',(#2422,#2423,#2424,#2425));
#7405=EDGE_LOOP('',(#2426,#2427,#2428,#2429));
#7406=EDGE_LOOP('',(#2430,#2431,#2432,#2433));
#7407=EDGE_LOOP('',(#2434,#2435,#2436,#2437));
#7408=EDGE_LOOP('',(#2438,#2439,#2440,#2441));
#7409=EDGE_LOOP('',(#2442,#2443,#2444,#2445));
#7410=EDGE_LOOP('',(#2446,#2447,#2448,#2449));
#7411=EDGE_LOOP('',(#2450,#2451,#2452,#2453));
#7412=EDGE_LOOP('',(#2454,#2455,#2456,#2457));
#7413=EDGE_LOOP('',(#2458,#2459,#2460,#2461));
#7414=EDGE_LOOP('',(#2462,#2463,#2464,#2465));
#7415=EDGE_LOOP('',(#2466,#2467,#2468,#2469));
#7416=EDGE_LOOP('',(#2470,#2471,#2472,#2473));
#7417=EDGE_LOOP('',(#2474,#2475,#2476,#2477,#2478,#2479,#2480,#2481,#2482,
#2483,#2484,#2485,#2486,#2487));
#7418=EDGE_LOOP('',(#2488,#2489,#2490,#2491));
#7419=EDGE_LOOP('',(#2492,#2493,#2494,#2495));
#7420=EDGE_LOOP('',(#2496,#2497,#2498,#2499));
#7421=EDGE_LOOP('',(#2500,#2501,#2502,#2503));
#7422=EDGE_LOOP('',(#2504,#2505,#2506,#2507));
#7423=EDGE_LOOP('',(#2508,#2509,#2510,#2511));
#7424=EDGE_LOOP('',(#2512,#2513,#2514,#2515));
#7425=EDGE_LOOP('',(#2516,#2517,#2518,#2519));
#7426=EDGE_LOOP('',(#2520,#2521,#2522,#2523));
#7427=EDGE_LOOP('',(#2524,#2525,#2526,#2527));
#7428=EDGE_LOOP('',(#2528,#2529,#2530,#2531,#2532,#2533,#2534,#2535,#2536,
#2537));
#7429=EDGE_LOOP('',(#2538,#2539,#2540,#2541));
#7430=EDGE_LOOP('',(#2542,#2543,#2544,#2545));
#7431=EDGE_LOOP('',(#2546,#2547,#2548,#2549));
#7432=EDGE_LOOP('',(#2550,#2551,#2552,#2553));
#7433=EDGE_LOOP('',(#2554,#2555,#2556,#2557));
#7434=EDGE_LOOP('',(#2558,#2559,#2560,#2561));
#7435=EDGE_LOOP('',(#2562,#2563,#2564,#2565));
#7436=EDGE_LOOP('',(#2566,#2567,#2568,#2569));
#7437=EDGE_LOOP('',(#2570,#2571,#2572,#2573));
#7438=EDGE_LOOP('',(#2574,#2575,#2576,#2577));
#7439=EDGE_LOOP('',(#2578,#2579,#2580,#2581));
#7440=EDGE_LOOP('',(#2582,#2583,#2584,#2585));
#7441=EDGE_LOOP('',(#2586,#2587,#2588,#2589));
#7442=EDGE_LOOP('',(#2590,#2591,#2592,#2593));
#7443=EDGE_LOOP('',(#2594,#2595,#2596,#2597));
#7444=EDGE_LOOP('',(#2598,#2599,#2600,#2601));
#7445=EDGE_LOOP('',(#2602,#2603,#2604,#2605));
#7446=EDGE_LOOP('',(#2606,#2607,#2608,#2609,#2610,#2611,#2612,#2613,#2614,
#2615,#2616,#2617,#2618,#2619,#2620,#2621,#2622));
#7447=EDGE_LOOP('',(#2623,#2624,#2625,#2626));
#7448=EDGE_LOOP('',(#2627,#2628,#2629,#2630));
#7449=EDGE_LOOP('',(#2631,#2632,#2633,#2634));
#7450=EDGE_LOOP('',(#2635,#2636,#2637,#2638));
#7451=EDGE_LOOP('',(#2639,#2640,#2641,#2642));
#7452=EDGE_LOOP('',(#2643,#2644,#2645,#2646));
#7453=EDGE_LOOP('',(#2647,#2648,#2649,#2650));
#7454=EDGE_LOOP('',(#2651,#2652,#2653,#2654));
#7455=EDGE_LOOP('',(#2655,#2656,#2657,#2658));
#7456=EDGE_LOOP('',(#2659,#2660,#2661,#2662));
#7457=EDGE_LOOP('',(#2663,#2664,#2665,#2666));
#7458=EDGE_LOOP('',(#2667,#2668,#2669,#2670));
#7459=EDGE_LOOP('',(#2671,#2672,#2673,#2674));
#7460=EDGE_LOOP('',(#2675,#2676,#2677,#2678));
#7461=EDGE_LOOP('',(#2679,#2680,#2681,#2682));
#7462=EDGE_LOOP('',(#2683,#2684,#2685,#2686));
#7463=EDGE_LOOP('',(#2687,#2688,#2689,#2690));
#7464=EDGE_LOOP('',(#2691,#2692,#2693,#2694));
#7465=EDGE_LOOP('',(#2695,#2696,#2697,#2698));
#7466=EDGE_LOOP('',(#2699,#2700,#2701,#2702));
#7467=EDGE_LOOP('',(#2703,#2704,#2705,#2706));
#7468=EDGE_LOOP('',(#2707,#2708,#2709,#2710));
#7469=EDGE_LOOP('',(#2711,#2712,#2713,#2714));
#7470=EDGE_LOOP('',(#2715,#2716,#2717,#2718,#2719,#2720,#2721,#2722,#2723,
#2724,#2725,#2726,#2727,#2728));
#7471=EDGE_LOOP('',(#2729,#2730,#2731,#2732,#2733,#2734,#2735,#2736,#2737));
#7472=EDGE_LOOP('',(#2738,#2739,#2740,#2741,#2742,#2743,#2744,#2745,#2746));
#7473=EDGE_LOOP('',(#2747,#2748,#2749,#2750));
#7474=EDGE_LOOP('',(#2751,#2752,#2753,#2754));
#7475=EDGE_LOOP('',(#2755,#2756,#2757,#2758));
#7476=EDGE_LOOP('',(#2759,#2760,#2761,#2762));
#7477=EDGE_LOOP('',(#2763,#2764,#2765,#2766));
#7478=EDGE_LOOP('',(#2767,#2768,#2769,#2770));
#7479=EDGE_LOOP('',(#2771,#2772,#2773,#2774));
#7480=EDGE_LOOP('',(#2775,#2776,#2777,#2778));
#7481=EDGE_LOOP('',(#2779,#2780,#2781,#2782));
#7482=EDGE_LOOP('',(#2783,#2784,#2785,#2786));
#7483=EDGE_LOOP('',(#2787,#2788,#2789,#2790));
#7484=EDGE_LOOP('',(#2791,#2792,#2793,#2794));
#7485=EDGE_LOOP('',(#2795,#2796,#2797,#2798));
#7486=EDGE_LOOP('',(#2799,#2800,#2801,#2802));
#7487=EDGE_LOOP('',(#2803,#2804,#2805,#2806));
#7488=EDGE_LOOP('',(#2807,#2808,#2809,#2810));
#7489=EDGE_LOOP('',(#2811,#2812,#2813,#2814));
#7490=EDGE_LOOP('',(#2815,#2816,#2817,#2818));
#7491=EDGE_LOOP('',(#2819,#2820,#2821,#2822));
#7492=EDGE_LOOP('',(#2823,#2824,#2825,#2826));
#7493=EDGE_LOOP('',(#2827,#2828,#2829,#2830,#2831));
#7494=EDGE_LOOP('',(#2832,#2833,#2834,#2835,#2836,#2837,#2838,#2839,#2840,
#2841,#2842,#2843,#2844,#2845,#2846));
#7495=EDGE_LOOP('',(#2847,#2848,#2849,#2850,#2851));
#7496=EDGE_LOOP('',(#2852,#2853,#2854,#2855));
#7497=EDGE_LOOP('',(#2856,#2857,#2858,#2859));
#7498=EDGE_LOOP('',(#2860,#2861,#2862,#2863));
#7499=EDGE_LOOP('',(#2864,#2865,#2866,#2867));
#7500=EDGE_LOOP('',(#2868,#2869,#2870,#2871));
#7501=EDGE_LOOP('',(#2872,#2873,#2874,#2875));
#7502=EDGE_LOOP('',(#2876,#2877,#2878,#2879));
#7503=EDGE_LOOP('',(#2880,#2881,#2882,#2883));
#7504=EDGE_LOOP('',(#2884,#2885,#2886,#2887));
#7505=EDGE_LOOP('',(#2888,#2889,#2890,#2891));
#7506=EDGE_LOOP('',(#2892,#2893,#2894,#2895));
#7507=EDGE_LOOP('',(#2896,#2897,#2898,#2899));
#7508=EDGE_LOOP('',(#2900,#2901,#2902,#2903));
#7509=EDGE_LOOP('',(#2904,#2905,#2906,#2907));
#7510=EDGE_LOOP('',(#2908,#2909,#2910,#2911));
#7511=EDGE_LOOP('',(#2912,#2913,#2914,#2915));
#7512=EDGE_LOOP('',(#2916,#2917,#2918,#2919));
#7513=EDGE_LOOP('',(#2920,#2921,#2922,#2923,#2924,#2925,#2926,#2927,#2928,
#2929,#2930,#2931,#2932,#2933,#2934,#2935,#2936));
#7514=EDGE_LOOP('',(#2937,#2938,#2939,#2940));
#7515=EDGE_LOOP('',(#2941,#2942,#2943,#2944));
#7516=EDGE_LOOP('',(#2945,#2946,#2947,#2948));
#7517=EDGE_LOOP('',(#2949,#2950,#2951,#2952));
#7518=EDGE_LOOP('',(#2953,#2954,#2955,#2956));
#7519=EDGE_LOOP('',(#2957,#2958,#2959,#2960));
#7520=EDGE_LOOP('',(#2961,#2962,#2963,#2964));
#7521=EDGE_LOOP('',(#2965,#2966,#2967,#2968));
#7522=EDGE_LOOP('',(#2969,#2970,#2971,#2972));
#7523=EDGE_LOOP('',(#2973,#2974,#2975,#2976));
#7524=EDGE_LOOP('',(#2977,#2978,#2979,#2980));
#7525=EDGE_LOOP('',(#2981,#2982,#2983,#2984));
#7526=EDGE_LOOP('',(#2985,#2986,#2987,#2988));
#7527=EDGE_LOOP('',(#2989,#2990,#2991,#2992));
#7528=EDGE_LOOP('',(#2993,#2994,#2995,#2996));
#7529=EDGE_LOOP('',(#2997,#2998,#2999,#3000));
#7530=EDGE_LOOP('',(#3001,#3002,#3003,#3004));
#7531=EDGE_LOOP('',(#3005,#3006,#3007,#3008));
#7532=EDGE_LOOP('',(#3009,#3010,#3011,#3012));
#7533=EDGE_LOOP('',(#3013,#3014,#3015,#3016,#3017,#3018,#3019,#3020,#3021,
#3022,#3023,#3024,#3025,#3026,#3027,#3028,#3029,#3030,#3031));
#7534=EDGE_LOOP('',(#3032,#3033,#3034,#3035));
#7535=EDGE_LOOP('',(#3036,#3037,#3038,#3039));
#7536=EDGE_LOOP('',(#3040,#3041,#3042,#3043));
#7537=EDGE_LOOP('',(#3044,#3045,#3046,#3047));
#7538=EDGE_LOOP('',(#3048,#3049,#3050,#3051));
#7539=EDGE_LOOP('',(#3052,#3053,#3054,#3055));
#7540=EDGE_LOOP('',(#3056,#3057,#3058,#3059));
#7541=EDGE_LOOP('',(#3060,#3061,#3062,#3063));
#7542=EDGE_LOOP('',(#3064,#3065,#3066,#3067));
#7543=EDGE_LOOP('',(#3068,#3069,#3070,#3071));
#7544=EDGE_LOOP('',(#3072,#3073,#3074,#3075));
#7545=EDGE_LOOP('',(#3076,#3077,#3078,#3079));
#7546=EDGE_LOOP('',(#3080,#3081,#3082,#3083));
#7547=EDGE_LOOP('',(#3084,#3085,#3086,#3087));
#7548=EDGE_LOOP('',(#3088,#3089,#3090,#3091));
#7549=EDGE_LOOP('',(#3092,#3093,#3094,#3095));
#7550=EDGE_LOOP('',(#3096,#3097,#3098,#3099));
#7551=EDGE_LOOP('',(#3100,#3101,#3102,#3103));
#7552=EDGE_LOOP('',(#3104,#3105,#3106,#3107));
#7553=EDGE_LOOP('',(#3108,#3109,#3110,#3111));
#7554=EDGE_LOOP('',(#3112,#3113,#3114,#3115));
#7555=EDGE_LOOP('',(#3116,#3117,#3118,#3119));
#7556=EDGE_LOOP('',(#3120,#3121,#3122,#3123));
#7557=EDGE_LOOP('',(#3124,#3125,#3126,#3127));
#7558=EDGE_LOOP('',(#3128,#3129,#3130,#3131));
#7559=EDGE_LOOP('',(#3132,#3133,#3134,#3135,#3136,#3137,#3138,#3139,#3140,
#3141,#3142,#3143,#3144,#3145,#3146,#3147,#3148,#3149));
#7560=EDGE_LOOP('',(#3150,#3151,#3152,#3153,#3154,#3155,#3156));
#7561=EDGE_LOOP('',(#3157,#3158,#3159,#3160,#3161,#3162,#3163));
#7562=EDGE_LOOP('',(#3164,#3165,#3166,#3167));
#7563=EDGE_LOOP('',(#3168,#3169,#3170,#3171));
#7564=EDGE_LOOP('',(#3172,#3173,#3174,#3175));
#7565=EDGE_LOOP('',(#3176,#3177,#3178,#3179));
#7566=EDGE_LOOP('',(#3180,#3181,#3182,#3183));
#7567=EDGE_LOOP('',(#3184,#3185,#3186,#3187));
#7568=EDGE_LOOP('',(#3188,#3189,#3190,#3191));
#7569=EDGE_LOOP('',(#3192,#3193,#3194,#3195));
#7570=EDGE_LOOP('',(#3196,#3197,#3198,#3199));
#7571=EDGE_LOOP('',(#3200,#3201,#3202,#3203));
#7572=EDGE_LOOP('',(#3204,#3205,#3206,#3207));
#7573=EDGE_LOOP('',(#3208,#3209,#3210,#3211));
#7574=EDGE_LOOP('',(#3212,#3213,#3214,#3215));
#7575=EDGE_LOOP('',(#3216,#3217,#3218,#3219));
#7576=EDGE_LOOP('',(#3220,#3221,#3222,#3223));
#7577=EDGE_LOOP('',(#3224,#3225,#3226,#3227));
#7578=EDGE_LOOP('',(#3228,#3229,#3230,#3231));
#7579=EDGE_LOOP('',(#3232,#3233,#3234,#3235));
#7580=EDGE_LOOP('',(#3236,#3237,#3238,#3239));
#7581=EDGE_LOOP('',(#3240,#3241,#3242,#3243));
#7582=EDGE_LOOP('',(#3244,#3245,#3246,#3247));
#7583=EDGE_LOOP('',(#3248,#3249,#3250,#3251));
#7584=EDGE_LOOP('',(#3252,#3253,#3254,#3255));
#7585=EDGE_LOOP('',(#3256,#3257,#3258,#3259,#3260,#3261,#3262,#3263,#3264,
#3265,#3266,#3267,#3268,#3269));
#7586=EDGE_LOOP('',(#3270,#3271,#3272,#3273,#3274,#3275,#3276,#3277,#3278));
#7587=EDGE_LOOP('',(#3279,#3280,#3281,#3282,#3283,#3284,#3285,#3286,#3287));
#7588=FACE_BOUND('',#7090,.T.);
#7589=FACE_BOUND('',#7091,.T.);
#7590=FACE_BOUND('',#7092,.T.);
#7591=FACE_BOUND('',#7093,.T.);
#7592=FACE_BOUND('',#7094,.T.);
#7593=FACE_BOUND('',#7095,.T.);
#7594=FACE_BOUND('',#7096,.T.);
#7595=FACE_BOUND('',#7097,.T.);
#7596=FACE_BOUND('',#7098,.T.);
#7597=FACE_BOUND('',#7099,.T.);
#7598=FACE_BOUND('',#7100,.T.);
#7599=FACE_BOUND('',#7101,.T.);
#7600=FACE_BOUND('',#7102,.T.);
#7601=FACE_BOUND('',#7103,.T.);
#7602=FACE_BOUND('',#7104,.T.);
#7603=FACE_BOUND('',#7105,.T.);
#7604=FACE_BOUND('',#7106,.T.);
#7605=FACE_BOUND('',#7107,.T.);
#7606=FACE_BOUND('',#7108,.T.);
#7607=FACE_BOUND('',#7109,.T.);
#7608=FACE_BOUND('',#7110,.T.);
#7609=FACE_BOUND('',#7111,.T.);
#7610=FACE_BOUND('',#7112,.T.);
#7611=FACE_BOUND('',#7113,.T.);
#7612=FACE_BOUND('',#7114,.T.);
#7613=FACE_BOUND('',#7115,.T.);
#7614=FACE_BOUND('',#7116,.T.);
#7615=FACE_BOUND('',#7117,.T.);
#7616=FACE_BOUND('',#7118,.T.);
#7617=FACE_BOUND('',#7119,.T.);
#7618=FACE_BOUND('',#7120,.T.);
#7619=FACE_BOUND('',#7121,.T.);
#7620=FACE_BOUND('',#7122,.T.);
#7621=FACE_BOUND('',#7123,.T.);
#7622=FACE_BOUND('',#7124,.T.);
#7623=FACE_BOUND('',#7125,.T.);
#7624=FACE_BOUND('',#7126,.T.);
#7625=FACE_BOUND('',#7127,.T.);
#7626=FACE_BOUND('',#7128,.T.);
#7627=FACE_BOUND('',#7129,.T.);
#7628=FACE_BOUND('',#7130,.T.);
#7629=FACE_BOUND('',#7131,.T.);
#7630=FACE_BOUND('',#7132,.T.);
#7631=FACE_BOUND('',#7133,.T.);
#7632=FACE_BOUND('',#7134,.T.);
#7633=FACE_BOUND('',#7135,.T.);
#7634=FACE_BOUND('',#7136,.T.);
#7635=FACE_BOUND('',#7137,.T.);
#7636=FACE_BOUND('',#7138,.T.);
#7637=FACE_BOUND('',#7139,.T.);
#7638=FACE_BOUND('',#7140,.T.);
#7639=FACE_BOUND('',#7141,.T.);
#7640=FACE_BOUND('',#7142,.T.);
#7641=FACE_BOUND('',#7143,.T.);
#7642=FACE_BOUND('',#7144,.T.);
#7643=FACE_BOUND('',#7145,.T.);
#7644=FACE_BOUND('',#7146,.T.);
#7645=FACE_BOUND('',#7147,.T.);
#7646=FACE_BOUND('',#7148,.T.);
#7647=FACE_BOUND('',#7149,.T.);
#7648=FACE_BOUND('',#7150,.T.);
#7649=FACE_BOUND('',#7151,.T.);
#7650=FACE_BOUND('',#7152,.T.);
#7651=FACE_BOUND('',#7153,.T.);
#7652=FACE_BOUND('',#7154,.T.);
#7653=FACE_BOUND('',#7155,.T.);
#7654=FACE_BOUND('',#7156,.T.);
#7655=FACE_BOUND('',#7157,.T.);
#7656=FACE_BOUND('',#7158,.T.);
#7657=FACE_BOUND('',#7159,.T.);
#7658=FACE_BOUND('',#7160,.T.);
#7659=FACE_BOUND('',#7161,.T.);
#7660=FACE_BOUND('',#7162,.T.);
#7661=FACE_BOUND('',#7163,.T.);
#7662=FACE_BOUND('',#7164,.T.);
#7663=FACE_BOUND('',#7165,.T.);
#7664=FACE_BOUND('',#7166,.T.);
#7665=FACE_BOUND('',#7167,.T.);
#7666=FACE_BOUND('',#7168,.T.);
#7667=FACE_BOUND('',#7169,.T.);
#7668=FACE_BOUND('',#7170,.T.);
#7669=FACE_BOUND('',#7171,.T.);
#7670=FACE_BOUND('',#7172,.T.);
#7671=FACE_BOUND('',#7173,.T.);
#7672=FACE_BOUND('',#7174,.T.);
#7673=FACE_BOUND('',#7175,.T.);
#7674=FACE_BOUND('',#7176,.T.);
#7675=FACE_BOUND('',#7177,.T.);
#7676=FACE_BOUND('',#7178,.T.);
#7677=FACE_BOUND('',#7179,.T.);
#7678=FACE_BOUND('',#7180,.T.);
#7679=FACE_BOUND('',#7181,.T.);
#7680=FACE_BOUND('',#7182,.T.);
#7681=FACE_BOUND('',#7183,.T.);
#7682=FACE_BOUND('',#7184,.T.);
#7683=FACE_BOUND('',#7185,.T.);
#7684=FACE_BOUND('',#7186,.T.);
#7685=FACE_BOUND('',#7187,.T.);
#7686=FACE_BOUND('',#7188,.T.);
#7687=FACE_BOUND('',#7189,.T.);
#7688=FACE_BOUND('',#7190,.T.);
#7689=FACE_BOUND('',#7191,.T.);
#7690=FACE_BOUND('',#7192,.T.);
#7691=FACE_BOUND('',#7193,.T.);
#7692=FACE_BOUND('',#7194,.T.);
#7693=FACE_BOUND('',#7195,.T.);
#7694=FACE_BOUND('',#7196,.T.);
#7695=FACE_BOUND('',#7197,.T.);
#7696=FACE_BOUND('',#7198,.T.);
#7697=FACE_BOUND('',#7199,.T.);
#7698=FACE_BOUND('',#7200,.T.);
#7699=FACE_BOUND('',#7201,.T.);
#7700=FACE_BOUND('',#7202,.T.);
#7701=FACE_BOUND('',#7203,.T.);
#7702=FACE_BOUND('',#7204,.T.);
#7703=FACE_BOUND('',#7205,.T.);
#7704=FACE_BOUND('',#7206,.T.);
#7705=FACE_BOUND('',#7207,.T.);
#7706=FACE_BOUND('',#7208,.T.);
#7707=FACE_BOUND('',#7209,.T.);
#7708=FACE_BOUND('',#7210,.T.);
#7709=FACE_BOUND('',#7211,.T.);
#7710=FACE_BOUND('',#7212,.T.);
#7711=FACE_BOUND('',#7213,.T.);
#7712=FACE_BOUND('',#7214,.T.);
#7713=FACE_BOUND('',#7215,.T.);
#7714=FACE_BOUND('',#7216,.T.);
#7715=FACE_BOUND('',#7217,.T.);
#7716=FACE_BOUND('',#7218,.T.);
#7717=FACE_BOUND('',#7219,.T.);
#7718=FACE_BOUND('',#7220,.T.);
#7719=FACE_BOUND('',#7221,.T.);
#7720=FACE_BOUND('',#7222,.T.);
#7721=FACE_BOUND('',#7223,.T.);
#7722=FACE_BOUND('',#7224,.T.);
#7723=FACE_BOUND('',#7225,.T.);
#7724=FACE_BOUND('',#7226,.T.);
#7725=FACE_BOUND('',#7227,.T.);
#7726=FACE_BOUND('',#7228,.T.);
#7727=FACE_BOUND('',#7229,.T.);
#7728=FACE_BOUND('',#7230,.T.);
#7729=FACE_BOUND('',#7231,.T.);
#7730=FACE_BOUND('',#7232,.T.);
#7731=FACE_BOUND('',#7233,.T.);
#7732=FACE_BOUND('',#7234,.T.);
#7733=FACE_BOUND('',#7235,.T.);
#7734=FACE_BOUND('',#7236,.T.);
#7735=FACE_BOUND('',#7237,.T.);
#7736=FACE_BOUND('',#7238,.T.);
#7737=FACE_BOUND('',#7239,.T.);
#7738=FACE_BOUND('',#7240,.T.);
#7739=FACE_BOUND('',#7241,.T.);
#7740=FACE_BOUND('',#7242,.T.);
#7741=FACE_BOUND('',#7243,.T.);
#7742=FACE_BOUND('',#7244,.T.);
#7743=FACE_BOUND('',#7245,.T.);
#7744=FACE_BOUND('',#7246,.T.);
#7745=FACE_BOUND('',#7247,.T.);
#7746=FACE_BOUND('',#7248,.T.);
#7747=FACE_BOUND('',#7249,.T.);
#7748=FACE_BOUND('',#7250,.T.);
#7749=FACE_BOUND('',#7251,.T.);
#7750=FACE_BOUND('',#7252,.T.);
#7751=FACE_BOUND('',#7253,.T.);
#7752=FACE_BOUND('',#7254,.T.);
#7753=FACE_BOUND('',#7255,.T.);
#7754=FACE_BOUND('',#7256,.T.);
#7755=FACE_BOUND('',#7257,.T.);
#7756=FACE_BOUND('',#7258,.T.);
#7757=FACE_BOUND('',#7259,.T.);
#7758=FACE_BOUND('',#7260,.T.);
#7759=FACE_BOUND('',#7261,.T.);
#7760=FACE_BOUND('',#7262,.T.);
#7761=FACE_BOUND('',#7263,.T.);
#7762=FACE_BOUND('',#7264,.T.);
#7763=FACE_BOUND('',#7265,.T.);
#7764=FACE_BOUND('',#7266,.T.);
#7765=FACE_BOUND('',#7267,.T.);
#7766=FACE_BOUND('',#7268,.T.);
#7767=FACE_BOUND('',#7269,.T.);
#7768=FACE_BOUND('',#7270,.T.);
#7769=FACE_BOUND('',#7271,.T.);
#7770=FACE_BOUND('',#7272,.T.);
#7771=FACE_BOUND('',#7273,.T.);
#7772=FACE_BOUND('',#7274,.T.);
#7773=FACE_BOUND('',#7275,.T.);
#7774=FACE_BOUND('',#7276,.T.);
#7775=FACE_BOUND('',#7277,.T.);
#7776=FACE_BOUND('',#7278,.T.);
#7777=FACE_BOUND('',#7279,.T.);
#7778=FACE_BOUND('',#7280,.T.);
#7779=FACE_BOUND('',#7281,.T.);
#7780=FACE_BOUND('',#7282,.T.);
#7781=FACE_BOUND('',#7283,.T.);
#7782=FACE_BOUND('',#7284,.T.);
#7783=FACE_BOUND('',#7285,.T.);
#7784=FACE_BOUND('',#7286,.T.);
#7785=FACE_BOUND('',#7287,.T.);
#7786=FACE_BOUND('',#7288,.T.);
#7787=FACE_BOUND('',#7289,.T.);
#7788=FACE_BOUND('',#7290,.T.);
#7789=FACE_BOUND('',#7291,.T.);
#7790=FACE_BOUND('',#7292,.T.);
#7791=FACE_BOUND('',#7293,.T.);
#7792=FACE_BOUND('',#7294,.T.);
#7793=FACE_BOUND('',#7295,.T.);
#7794=FACE_BOUND('',#7296,.T.);
#7795=FACE_BOUND('',#7297,.T.);
#7796=FACE_BOUND('',#7298,.T.);
#7797=FACE_BOUND('',#7299,.T.);
#7798=FACE_BOUND('',#7300,.T.);
#7799=FACE_BOUND('',#7301,.T.);
#7800=FACE_BOUND('',#7302,.T.);
#7801=FACE_BOUND('',#7303,.T.);
#7802=FACE_BOUND('',#7304,.T.);
#7803=FACE_BOUND('',#7305,.T.);
#7804=FACE_BOUND('',#7306,.T.);
#7805=FACE_BOUND('',#7307,.T.);
#7806=FACE_BOUND('',#7308,.T.);
#7807=FACE_BOUND('',#7309,.T.);
#7808=FACE_BOUND('',#7310,.T.);
#7809=FACE_BOUND('',#7311,.T.);
#7810=FACE_BOUND('',#7312,.T.);
#7811=FACE_BOUND('',#7313,.T.);
#7812=FACE_BOUND('',#7314,.T.);
#7813=FACE_BOUND('',#7315,.T.);
#7814=FACE_BOUND('',#7316,.T.);
#7815=FACE_BOUND('',#7317,.T.);
#7816=FACE_BOUND('',#7318,.T.);
#7817=FACE_BOUND('',#7319,.T.);
#7818=FACE_BOUND('',#7320,.T.);
#7819=FACE_BOUND('',#7321,.T.);
#7820=FACE_BOUND('',#7322,.T.);
#7821=FACE_BOUND('',#7323,.T.);
#7822=FACE_BOUND('',#7324,.T.);
#7823=FACE_BOUND('',#7325,.T.);
#7824=FACE_BOUND('',#7326,.T.);
#7825=FACE_BOUND('',#7327,.T.);
#7826=FACE_BOUND('',#7328,.T.);
#7827=FACE_BOUND('',#7329,.T.);
#7828=FACE_BOUND('',#7330,.T.);
#7829=FACE_BOUND('',#7331,.T.);
#7830=FACE_BOUND('',#7332,.T.);
#7831=FACE_BOUND('',#7333,.T.);
#7832=FACE_BOUND('',#7334,.T.);
#7833=FACE_BOUND('',#7335,.T.);
#7834=FACE_BOUND('',#7336,.T.);
#7835=FACE_BOUND('',#7337,.T.);
#7836=FACE_BOUND('',#7338,.T.);
#7837=FACE_BOUND('',#7339,.T.);
#7838=FACE_BOUND('',#7340,.T.);
#7839=FACE_BOUND('',#7341,.T.);
#7840=FACE_BOUND('',#7342,.T.);
#7841=FACE_BOUND('',#7343,.T.);
#7842=FACE_BOUND('',#7344,.T.);
#7843=FACE_BOUND('',#7345,.T.);
#7844=FACE_BOUND('',#7346,.T.);
#7845=FACE_BOUND('',#7347,.T.);
#7846=FACE_BOUND('',#7348,.T.);
#7847=FACE_BOUND('',#7349,.T.);
#7848=FACE_BOUND('',#7350,.T.);
#7849=FACE_BOUND('',#7351,.T.);
#7850=FACE_BOUND('',#7352,.T.);
#7851=FACE_BOUND('',#7353,.T.);
#7852=FACE_BOUND('',#7354,.T.);
#7853=FACE_BOUND('',#7355,.T.);
#7854=FACE_BOUND('',#7356,.T.);
#7855=FACE_BOUND('',#7357,.T.);
#7856=FACE_BOUND('',#7358,.T.);
#7857=FACE_BOUND('',#7359,.T.);
#7858=FACE_BOUND('',#7360,.T.);
#7859=FACE_BOUND('',#7361,.T.);
#7860=FACE_BOUND('',#7362,.T.);
#7861=FACE_BOUND('',#7363,.T.);
#7862=FACE_BOUND('',#7364,.T.);
#7863=FACE_BOUND('',#7365,.T.);
#7864=FACE_BOUND('',#7366,.T.);
#7865=FACE_BOUND('',#7367,.T.);
#7866=FACE_BOUND('',#7368,.T.);
#7867=FACE_BOUND('',#7369,.T.);
#7868=FACE_BOUND('',#7370,.T.);
#7869=FACE_BOUND('',#7371,.T.);
#7870=FACE_BOUND('',#7372,.T.);
#7871=FACE_BOUND('',#7373,.T.);
#7872=FACE_BOUND('',#7374,.T.);
#7873=FACE_BOUND('',#7375,.T.);
#7874=FACE_BOUND('',#7376,.T.);
#7875=FACE_BOUND('',#7377,.T.);
#7876=FACE_BOUND('',#7378,.T.);
#7877=FACE_BOUND('',#7379,.T.);
#7878=FACE_BOUND('',#7380,.T.);
#7879=FACE_BOUND('',#7381,.T.);
#7880=FACE_BOUND('',#7382,.T.);
#7881=FACE_BOUND('',#7383,.T.);
#7882=FACE_BOUND('',#7384,.T.);
#7883=FACE_BOUND('',#7385,.T.);
#7884=FACE_BOUND('',#7386,.T.);
#7885=FACE_BOUND('',#7387,.T.);
#7886=FACE_BOUND('',#7388,.T.);
#7887=FACE_BOUND('',#7389,.T.);
#7888=FACE_BOUND('',#7390,.T.);
#7889=FACE_BOUND('',#7391,.T.);
#7890=FACE_BOUND('',#7392,.T.);
#7891=FACE_BOUND('',#7393,.T.);
#7892=FACE_BOUND('',#7394,.T.);
#7893=FACE_BOUND('',#7395,.T.);
#7894=FACE_BOUND('',#7396,.T.);
#7895=FACE_BOUND('',#7397,.T.);
#7896=FACE_BOUND('',#7398,.T.);
#7897=FACE_BOUND('',#7399,.T.);
#7898=FACE_BOUND('',#7400,.T.);
#7899=FACE_BOUND('',#7401,.T.);
#7900=FACE_BOUND('',#7402,.T.);
#7901=FACE_BOUND('',#7403,.T.);
#7902=FACE_BOUND('',#7404,.T.);
#7903=FACE_BOUND('',#7405,.T.);
#7904=FACE_BOUND('',#7406,.T.);
#7905=FACE_BOUND('',#7407,.T.);
#7906=FACE_BOUND('',#7408,.T.);
#7907=FACE_BOUND('',#7409,.T.);
#7908=FACE_BOUND('',#7410,.T.);
#7909=FACE_BOUND('',#7411,.T.);
#7910=FACE_BOUND('',#7412,.T.);
#7911=FACE_BOUND('',#7413,.T.);
#7912=FACE_BOUND('',#7414,.T.);
#7913=FACE_BOUND('',#7415,.T.);
#7914=FACE_BOUND('',#7416,.T.);
#7915=FACE_BOUND('',#7417,.T.);
#7916=FACE_BOUND('',#7418,.T.);
#7917=FACE_BOUND('',#7419,.T.);
#7918=FACE_BOUND('',#7420,.T.);
#7919=FACE_BOUND('',#7421,.T.);
#7920=FACE_BOUND('',#7422,.T.);
#7921=FACE_BOUND('',#7423,.T.);
#7922=FACE_BOUND('',#7424,.T.);
#7923=FACE_BOUND('',#7425,.T.);
#7924=FACE_BOUND('',#7426,.T.);
#7925=FACE_BOUND('',#7427,.T.);
#7926=FACE_BOUND('',#7428,.T.);
#7927=FACE_BOUND('',#7429,.T.);
#7928=FACE_BOUND('',#7430,.T.);
#7929=FACE_BOUND('',#7431,.T.);
#7930=FACE_BOUND('',#7432,.T.);
#7931=FACE_BOUND('',#7433,.T.);
#7932=FACE_BOUND('',#7434,.T.);
#7933=FACE_BOUND('',#7435,.T.);
#7934=FACE_BOUND('',#7436,.T.);
#7935=FACE_BOUND('',#7437,.T.);
#7936=FACE_BOUND('',#7438,.T.);
#7937=FACE_BOUND('',#7439,.T.);
#7938=FACE_BOUND('',#7440,.T.);
#7939=FACE_BOUND('',#7441,.T.);
#7940=FACE_BOUND('',#7442,.T.);
#7941=FACE_BOUND('',#7443,.T.);
#7942=FACE_BOUND('',#7444,.T.);
#7943=FACE_BOUND('',#7445,.T.);
#7944=FACE_BOUND('',#7446,.T.);
#7945=FACE_BOUND('',#7447,.T.);
#7946=FACE_BOUND('',#7448,.T.);
#7947=FACE_BOUND('',#7449,.T.);
#7948=FACE_BOUND('',#7450,.T.);
#7949=FACE_BOUND('',#7451,.T.);
#7950=FACE_BOUND('',#7452,.T.);
#7951=FACE_BOUND('',#7453,.T.);
#7952=FACE_BOUND('',#7454,.T.);
#7953=FACE_BOUND('',#7455,.T.);
#7954=FACE_BOUND('',#7456,.T.);
#7955=FACE_BOUND('',#7457,.T.);
#7956=FACE_BOUND('',#7458,.T.);
#7957=FACE_BOUND('',#7459,.T.);
#7958=FACE_BOUND('',#7460,.T.);
#7959=FACE_BOUND('',#7461,.T.);
#7960=FACE_BOUND('',#7462,.T.);
#7961=FACE_BOUND('',#7463,.T.);
#7962=FACE_BOUND('',#7464,.T.);
#7963=FACE_BOUND('',#7465,.T.);
#7964=FACE_BOUND('',#7466,.T.);
#7965=FACE_BOUND('',#7467,.T.);
#7966=FACE_BOUND('',#7468,.T.);
#7967=FACE_BOUND('',#7469,.T.);
#7968=FACE_BOUND('',#7470,.T.);
#7969=FACE_BOUND('',#7471,.T.);
#7970=FACE_BOUND('',#7472,.T.);
#7971=FACE_BOUND('',#7473,.T.);
#7972=FACE_BOUND('',#7474,.T.);
#7973=FACE_BOUND('',#7475,.T.);
#7974=FACE_BOUND('',#7476,.T.);
#7975=FACE_BOUND('',#7477,.T.);
#7976=FACE_BOUND('',#7478,.T.);
#7977=FACE_BOUND('',#7479,.T.);
#7978=FACE_BOUND('',#7480,.T.);
#7979=FACE_BOUND('',#7481,.T.);
#7980=FACE_BOUND('',#7482,.T.);
#7981=FACE_BOUND('',#7483,.T.);
#7982=FACE_BOUND('',#7484,.T.);
#7983=FACE_BOUND('',#7485,.T.);
#7984=FACE_BOUND('',#7486,.T.);
#7985=FACE_BOUND('',#7487,.T.);
#7986=FACE_BOUND('',#7488,.T.);
#7987=FACE_BOUND('',#7489,.T.);
#7988=FACE_BOUND('',#7490,.T.);
#7989=FACE_BOUND('',#7491,.T.);
#7990=FACE_BOUND('',#7492,.T.);
#7991=FACE_BOUND('',#7493,.T.);
#7992=FACE_BOUND('',#7494,.T.);
#7993=FACE_BOUND('',#7495,.T.);
#7994=FACE_BOUND('',#7496,.T.);
#7995=FACE_BOUND('',#7497,.T.);
#7996=FACE_BOUND('',#7498,.T.);
#7997=FACE_BOUND('',#7499,.T.);
#7998=FACE_BOUND('',#7500,.T.);
#7999=FACE_BOUND('',#7501,.T.);
#8000=FACE_BOUND('',#7502,.T.);
#8001=FACE_BOUND('',#7503,.T.);
#8002=FACE_BOUND('',#7504,.T.);
#8003=FACE_BOUND('',#7505,.T.);
#8004=FACE_BOUND('',#7506,.T.);
#8005=FACE_BOUND('',#7507,.T.);
#8006=FACE_BOUND('',#7508,.T.);
#8007=FACE_BOUND('',#7509,.T.);
#8008=FACE_BOUND('',#7510,.T.);
#8009=FACE_BOUND('',#7511,.T.);
#8010=FACE_BOUND('',#7512,.T.);
#8011=FACE_BOUND('',#7513,.T.);
#8012=FACE_BOUND('',#7514,.T.);
#8013=FACE_BOUND('',#7515,.T.);
#8014=FACE_BOUND('',#7516,.T.);
#8015=FACE_BOUND('',#7517,.T.);
#8016=FACE_BOUND('',#7518,.T.);
#8017=FACE_BOUND('',#7519,.T.);
#8018=FACE_BOUND('',#7520,.T.);
#8019=FACE_BOUND('',#7521,.T.);
#8020=FACE_BOUND('',#7522,.T.);
#8021=FACE_BOUND('',#7523,.T.);
#8022=FACE_BOUND('',#7524,.T.);
#8023=FACE_BOUND('',#7525,.T.);
#8024=FACE_BOUND('',#7526,.T.);
#8025=FACE_BOUND('',#7527,.T.);
#8026=FACE_BOUND('',#7528,.T.);
#8027=FACE_BOUND('',#7529,.T.);
#8028=FACE_BOUND('',#7530,.T.);
#8029=FACE_BOUND('',#7531,.T.);
#8030=FACE_BOUND('',#7532,.T.);
#8031=FACE_BOUND('',#7533,.T.);
#8032=FACE_BOUND('',#7534,.T.);
#8033=FACE_BOUND('',#7535,.T.);
#8034=FACE_BOUND('',#7536,.T.);
#8035=FACE_BOUND('',#7537,.T.);
#8036=FACE_BOUND('',#7538,.T.);
#8037=FACE_BOUND('',#7539,.T.);
#8038=FACE_BOUND('',#7540,.T.);
#8039=FACE_BOUND('',#7541,.T.);
#8040=FACE_BOUND('',#7542,.T.);
#8041=FACE_BOUND('',#7543,.T.);
#8042=FACE_BOUND('',#7544,.T.);
#8043=FACE_BOUND('',#7545,.T.);
#8044=FACE_BOUND('',#7546,.T.);
#8045=FACE_BOUND('',#7547,.T.);
#8046=FACE_BOUND('',#7548,.T.);
#8047=FACE_BOUND('',#7549,.T.);
#8048=FACE_BOUND('',#7550,.T.);
#8049=FACE_BOUND('',#7551,.T.);
#8050=FACE_BOUND('',#7552,.T.);
#8051=FACE_BOUND('',#7553,.T.);
#8052=FACE_BOUND('',#7554,.T.);
#8053=FACE_BOUND('',#7555,.T.);
#8054=FACE_BOUND('',#7556,.T.);
#8055=FACE_BOUND('',#7557,.T.);
#8056=FACE_BOUND('',#7558,.T.);
#8057=FACE_BOUND('',#7559,.T.);
#8058=FACE_BOUND('',#7560,.T.);
#8059=FACE_BOUND('',#7561,.T.);
#8060=FACE_BOUND('',#7562,.T.);
#8061=FACE_BOUND('',#7563,.T.);
#8062=FACE_BOUND('',#7564,.T.);
#8063=FACE_BOUND('',#7565,.T.);
#8064=FACE_BOUND('',#7566,.T.);
#8065=FACE_BOUND('',#7567,.T.);
#8066=FACE_BOUND('',#7568,.T.);
#8067=FACE_BOUND('',#7569,.T.);
#8068=FACE_BOUND('',#7570,.T.);
#8069=FACE_BOUND('',#7571,.T.);
#8070=FACE_BOUND('',#7572,.T.);
#8071=FACE_BOUND('',#7573,.T.);
#8072=FACE_BOUND('',#7574,.T.);
#8073=FACE_BOUND('',#7575,.T.);
#8074=FACE_BOUND('',#7576,.T.);
#8075=FACE_BOUND('',#7577,.T.);
#8076=FACE_BOUND('',#7578,.T.);
#8077=FACE_BOUND('',#7579,.T.);
#8078=FACE_BOUND('',#7580,.T.);
#8079=FACE_BOUND('',#7581,.T.);
#8080=FACE_BOUND('',#7582,.T.);
#8081=FACE_BOUND('',#7583,.T.);
#8082=FACE_BOUND('',#7584,.T.);
#8083=FACE_BOUND('',#7585,.T.);
#8084=FACE_BOUND('',#7586,.T.);
#8085=FACE_BOUND('',#7587,.T.);
#8086=PLANE('',#8797);
#8087=PLANE('',#8798);
#8088=PLANE('',#8799);
#8089=PLANE('',#8800);
#8090=PLANE('',#8801);
#8091=PLANE('',#8802);
#8092=PLANE('',#8803);
#8093=PLANE('',#8804);
#8094=PLANE('',#8805);
#8095=PLANE('',#8806);
#8096=PLANE('',#8807);
#8097=PLANE('',#8808);
#8098=PLANE('',#8809);
#8099=PLANE('',#8810);
#8100=PLANE('',#8811);
#8101=PLANE('',#8848);
#8102=PLANE('',#8849);
#8103=PLANE('',#8850);
#8104=PLANE('',#8851);
#8105=PLANE('',#8852);
#8106=PLANE('',#8853);
#8107=PLANE('',#8854);
#8108=PLANE('',#8855);
#8109=PLANE('',#8856);
#8110=PLANE('',#8857);
#8111=PLANE('',#8858);
#8112=PLANE('',#8859);
#8113=PLANE('',#8860);
#8114=PLANE('',#8861);
#8115=PLANE('',#8862);
#8116=PLANE('',#8863);
#8117=PLANE('',#8864);
#8118=PLANE('',#8865);
#8119=PLANE('',#8866);
#8120=PLANE('',#8867);
#8121=PLANE('',#8868);
#8122=PLANE('',#8869);
#8123=PLANE('',#8870);
#8124=PLANE('',#8871);
#8125=PLANE('',#8872);
#8126=PLANE('',#8873);
#8127=PLANE('',#8874);
#8128=PLANE('',#8875);
#8129=PLANE('',#8880);
#8130=PLANE('',#8889);
#8131=PLANE('',#8890);
#8132=PLANE('',#8897);
#8133=PLANE('',#8898);
#8134=PLANE('',#8899);
#8135=PLANE('',#8900);
#8136=PLANE('',#8901);
#8137=PLANE('',#8902);
#8138=PLANE('',#8905);
#8139=PLANE('',#8906);
#8140=PLANE('',#8907);
#8141=PLANE('',#8908);
#8142=PLANE('',#8909);
#8143=PLANE('',#8910);
#8144=PLANE('',#8911);
#8145=PLANE('',#8912);
#8146=PLANE('',#8913);
#8147=PLANE('',#8914);
#8148=PLANE('',#8915);
#8149=PLANE('',#8916);
#8150=PLANE('',#8917);
#8151=PLANE('',#8918);
#8152=PLANE('',#8919);
#8153=PLANE('',#8920);
#8154=PLANE('',#8921);
#8155=PLANE('',#8922);
#8156=PLANE('',#8923);
#8157=PLANE('',#8924);
#8158=PLANE('',#8925);
#8159=PLANE('',#8926);
#8160=PLANE('',#8927);
#8161=PLANE('',#8928);
#8162=PLANE('',#8929);
#8163=PLANE('',#8930);
#8164=PLANE('',#8933);
#8165=PLANE('',#8934);
#8166=PLANE('',#8935);
#8167=PLANE('',#8936);
#8168=PLANE('',#8937);
#8169=PLANE('',#8938);
#8170=PLANE('',#8939);
#8171=PLANE('',#8942);
#8172=PLANE('',#8943);
#8173=PLANE('',#8944);
#8174=PLANE('',#8945);
#8175=PLANE('',#8946);
#8176=PLANE('',#8947);
#8177=PLANE('',#8948);
#8178=PLANE('',#8949);
#8179=PLANE('',#8950);
#8180=PLANE('',#8951);
#8181=PLANE('',#8952);
#8182=PLANE('',#8953);
#8183=PLANE('',#8954);
#8184=PLANE('',#8959);
#8185=PLANE('',#8960);
#8186=PLANE('',#8961);
#8187=PLANE('',#8962);
#8188=PLANE('',#8963);
#8189=PLANE('',#8964);
#8190=PLANE('',#8965);
#8191=PLANE('',#8966);
#8192=PLANE('',#8969);
#8193=PLANE('',#8974);
#8194=PLANE('',#8975);
#8195=PLANE('',#8976);
#8196=PLANE('',#8977);
#8197=PLANE('',#8978);
#8198=PLANE('',#8979);
#8199=PLANE('',#8980);
#8200=PLANE('',#8981);
#8201=PLANE('',#8982);
#8202=PLANE('',#8989);
#8203=PLANE('',#8990);
#8204=PLANE('',#8991);
#8205=PLANE('',#8992);
#8206=PLANE('',#8993);
#8207=PLANE('',#8994);
#8208=PLANE('',#8995);
#8209=PLANE('',#8996);
#8210=PLANE('',#8999);
#8211=PLANE('',#9000);
#8212=PLANE('',#9001);
#8213=PLANE('',#9002);
#8214=PLANE('',#9003);
#8215=PLANE('',#9004);
#8216=PLANE('',#9005);
#8217=PLANE('',#9006);
#8218=PLANE('',#9007);
#8219=PLANE('',#9008);
#8220=PLANE('',#9009);
#8221=PLANE('',#9010);
#8222=PLANE('',#9011);
#8223=PLANE('',#9012);
#8224=PLANE('',#9013);
#8225=PLANE('',#9014);
#8226=PLANE('',#9015);
#8227=PLANE('',#9016);
#8228=PLANE('',#9017);
#8229=PLANE('',#9018);
#8230=PLANE('',#9019);
#8231=PLANE('',#9020);
#8232=PLANE('',#9021);
#8233=PLANE('',#9022);
#8234=PLANE('',#9023);
#8235=PLANE('',#9024);
#8236=PLANE('',#9027);
#8237=PLANE('',#9036);
#8238=PLANE('',#9037);
#8239=PLANE('',#9038);
#8240=PLANE('',#9039);
#8241=PLANE('',#9040);
#8242=PLANE('',#9043);
#8243=PLANE('',#9044);
#8244=PLANE('',#9045);
#8245=PLANE('',#9046);
#8246=PLANE('',#9047);
#8247=PLANE('',#9052);
#8248=PLANE('',#9055);
#8249=PLANE('',#9056);
#8250=PLANE('',#9057);
#8251=PLANE('',#9060);
#8252=PLANE('',#9061);
#8253=PLANE('',#9062);
#8254=PLANE('',#9063);
#8255=PLANE('',#9064);
#8256=PLANE('',#9065);
#8257=PLANE('',#9066);
#8258=PLANE('',#9067);
#8259=PLANE('',#9068);
#8260=PLANE('',#9069);
#8261=PLANE('',#9070);
#8262=PLANE('',#9071);
#8263=PLANE('',#9072);
#8264=PLANE('',#9075);
#8265=PLANE('',#9080);
#8266=PLANE('',#9081);
#8267=PLANE('',#9082);
#8268=PLANE('',#9083);
#8269=PLANE('',#9084);
#8270=PLANE('',#9085);
#8271=PLANE('',#9086);
#8272=PLANE('',#9087);
#8273=PLANE('',#9088);
#8274=PLANE('',#9089);
#8275=PLANE('',#9090);
#8276=PLANE('',#9091);
#8277=PLANE('',#9092);
#8278=PLANE('',#9093);
#8279=PLANE('',#9094);
#8280=PLANE('',#9095);
#8281=PLANE('',#9096);
#8282=PLANE('',#9097);
#8283=PLANE('',#9098);
#8284=PLANE('',#9099);
#8285=PLANE('',#9104);
#8286=PLANE('',#9105);
#8287=PLANE('',#9106);
#8288=PLANE('',#9107);
#8289=PLANE('',#9108);
#8290=PLANE('',#9109);
#8291=PLANE('',#9110);
#8292=PLANE('',#9111);
#8293=PLANE('',#9112);
#8294=PLANE('',#9113);
#8295=PLANE('',#9114);
#8296=PLANE('',#9115);
#8297=PLANE('',#9116);
#8298=PLANE('',#9117);
#8299=PLANE('',#9118);
#8300=PLANE('',#9119);
#8301=PLANE('',#9120);
#8302=PLANE('',#9121);
#8303=PLANE('',#9122);
#8304=PLANE('',#9123);
#8305=PLANE('',#9124);
#8306=PLANE('',#9125);
#8307=PLANE('',#9126);
#8308=PLANE('',#9127);
#8309=PLANE('',#9128);
#8310=PLANE('',#9129);
#8311=PLANE('',#9130);
#8312=PLANE('',#9131);
#8313=PLANE('',#9132);
#8314=PLANE('',#9133);
#8315=PLANE('',#9134);
#8316=PLANE('',#9135);
#8317=PLANE('',#9136);
#8318=PLANE('',#9137);
#8319=ADVANCED_FACE('',(#7588),#8086,.F.);
#8320=ADVANCED_FACE('',(#7589),#8087,.T.);
#8321=ADVANCED_FACE('',(#7590),#8088,.F.);
#8322=ADVANCED_FACE('',(#7591),#8089,.T.);
#8323=ADVANCED_FACE('',(#7592),#8090,.F.);
#8324=ADVANCED_FACE('',(#7593),#8091,.T.);
#8325=ADVANCED_FACE('',(#7594),#8092,.F.);
#8326=ADVANCED_FACE('',(#7595),#8093,.T.);
#8327=ADVANCED_FACE('',(#7596,#7597),#8094,.T.);
#8328=ADVANCED_FACE('',(#7598),#8095,.F.);
#8329=ADVANCED_FACE('',(#7599),#8096,.F.);
#8330=ADVANCED_FACE('',(#7600),#8097,.T.);
#8331=ADVANCED_FACE('',(#7601),#8098,.F.);
#8332=ADVANCED_FACE('',(#7602),#8099,.T.);
#8333=ADVANCED_FACE('',(#7603,#7604,#7605,#7606,#7607,#7608,#7609,#7610,
#7611,#7612,#7613,#7614,#7615,#7616,#7617,#7618,#7619,#7620,#7621,#7622,
#7623,#7624,#7625,#7626,#7627),#8100,.T.);
#8334=ADVANCED_FACE('',(#7628),#8101,.T.);
#8335=ADVANCED_FACE('',(#7629,#7630),#8102,.F.);
#8336=ADVANCED_FACE('',(#7631),#8103,.F.);
#8337=ADVANCED_FACE('',(#7632),#8104,.T.);
#8338=ADVANCED_FACE('',(#7633),#8105,.T.);
#8339=ADVANCED_FACE('',(#7634),#8106,.F.);
#8340=ADVANCED_FACE('',(#7635),#8107,.F.);
#8341=ADVANCED_FACE('',(#7636),#8108,.T.);
#8342=ADVANCED_FACE('',(#7637),#8109,.F.);
#8343=ADVANCED_FACE('',(#7638),#8110,.F.);
#8344=ADVANCED_FACE('',(#7639),#8111,.T.);
#8345=ADVANCED_FACE('',(#7640),#8112,.F.);
#8346=ADVANCED_FACE('',(#7641),#8113,.T.);
#8347=ADVANCED_FACE('',(#7642),#8114,.F.);
#8348=ADVANCED_FACE('',(#7643),#8115,.T.);
#8349=ADVANCED_FACE('',(#7644),#8116,.F.);
#8350=ADVANCED_FACE('',(#7645),#8117,.F.);
#8351=ADVANCED_FACE('',(#7646),#8118,.T.);
#8352=ADVANCED_FACE('',(#7647),#8119,.T.);
#8353=ADVANCED_FACE('',(#7648),#8120,.T.);
#8354=ADVANCED_FACE('',(#7649),#8121,.T.);
#8355=ADVANCED_FACE('',(#7650),#8122,.T.);
#8356=ADVANCED_FACE('',(#7651),#8123,.T.);
#8357=ADVANCED_FACE('',(#7652),#8124,.T.);
#8358=ADVANCED_FACE('',(#7653),#8125,.T.);
#8359=ADVANCED_FACE('',(#7654),#8126,.T.);
#8360=ADVANCED_FACE('',(#7655),#8127,.T.);
#8361=ADVANCED_FACE('',(#7656),#8128,.T.);
#8362=ADVANCED_FACE('',(#7657),#48,.T.);
#8363=ADVANCED_FACE('',(#7658),#49,.T.);
#8364=ADVANCED_FACE('',(#7659),#50,.T.);
#8365=ADVANCED_FACE('',(#7660),#51,.T.);
#8366=ADVANCED_FACE('',(#7661),#52,.T.);
#8367=ADVANCED_FACE('',(#7662),#12,.F.);
#8368=ADVANCED_FACE('',(#7663),#53,.T.);
#8369=ADVANCED_FACE('',(#7664),#54,.T.);
#8370=ADVANCED_FACE('',(#7665),#13,.F.);
#8371=ADVANCED_FACE('',(#7666),#55,.T.);
#8372=ADVANCED_FACE('',(#7667),#8129,.T.);
#8373=ADVANCED_FACE('',(#7668),#14,.T.);
#8374=ADVANCED_FACE('',(#7669),#15,.T.);
#8375=ADVANCED_FACE('',(#7670),#56,.T.);
#8376=ADVANCED_FACE('',(#7671),#57,.T.);
#8377=ADVANCED_FACE('',(#7672),#58,.T.);
#8378=ADVANCED_FACE('',(#7673),#16,.T.);
#8379=ADVANCED_FACE('',(#7674),#59,.T.);
#8380=ADVANCED_FACE('',(#7675),#60,.T.);
#8381=ADVANCED_FACE('',(#7676),#61,.T.);
#8382=ADVANCED_FACE('',(#7677),#17,.F.);
#8383=ADVANCED_FACE('',(#7678),#62,.T.);
#8384=ADVANCED_FACE('',(#7679),#63,.T.);
#8385=ADVANCED_FACE('',(#7680),#64,.T.);
#8386=ADVANCED_FACE('',(#7681),#65,.T.);
#8387=ADVANCED_FACE('',(#7682),#8130,.T.);
#8388=ADVANCED_FACE('',(#7683),#66,.T.);
#8389=ADVANCED_FACE('',(#7684),#67,.T.);
#8390=ADVANCED_FACE('',(#7685),#8131,.T.);
#8391=ADVANCED_FACE('',(#7686),#18,.T.);
#8392=ADVANCED_FACE('',(#7687),#19,.T.);
#8393=ADVANCED_FACE('',(#7688),#20,.T.);
#8394=ADVANCED_FACE('',(#7689),#8132,.T.);
#8395=ADVANCED_FACE('',(#7690),#8133,.T.);
#8396=ADVANCED_FACE('',(#7691),#8134,.T.);
#8397=ADVANCED_FACE('',(#7692),#8135,.T.);
#8398=ADVANCED_FACE('',(#7693),#8136,.T.);
#8399=ADVANCED_FACE('',(#7694),#8137,.T.);
#8400=ADVANCED_FACE('',(#7695),#68,.T.);
#8401=ADVANCED_FACE('',(#7696),#69,.T.);
#8402=ADVANCED_FACE('',(#7697),#21,.F.);
#8403=ADVANCED_FACE('',(#7698),#8138,.T.);
#8404=ADVANCED_FACE('',(#7699),#8139,.T.);
#8405=ADVANCED_FACE('',(#7700),#8140,.T.);
#8406=ADVANCED_FACE('',(#7701),#8141,.T.);
#8407=ADVANCED_FACE('',(#7702),#70,.T.);
#8408=ADVANCED_FACE('',(#7703),#71,.T.);
#8409=ADVANCED_FACE('',(#7704),#72,.T.);
#8410=ADVANCED_FACE('',(#7705),#73,.T.);
#8411=ADVANCED_FACE('',(#7706),#8142,.T.);
#8412=ADVANCED_FACE('',(#7707),#8143,.T.);
#8413=ADVANCED_FACE('',(#7708),#8144,.T.);
#8414=ADVANCED_FACE('',(#7709),#74,.T.);
#8415=ADVANCED_FACE('',(#7710),#75,.T.);
#8416=ADVANCED_FACE('',(#7711),#76,.T.);
#8417=ADVANCED_FACE('',(#7712),#8145,.T.);
#8418=ADVANCED_FACE('',(#7713),#77,.T.);
#8419=ADVANCED_FACE('',(#7714),#78,.T.);
#8420=ADVANCED_FACE('',(#7715),#8146,.T.);
#8421=ADVANCED_FACE('',(#7716),#8147,.T.);
#8422=ADVANCED_FACE('',(#7717),#79,.T.);
#8423=ADVANCED_FACE('',(#7718),#80,.T.);
#8424=ADVANCED_FACE('',(#7719),#81,.T.);
#8425=ADVANCED_FACE('',(#7720),#82,.T.);
#8426=ADVANCED_FACE('',(#7721),#83,.T.);
#8427=ADVANCED_FACE('',(#7722),#84,.T.);
#8428=ADVANCED_FACE('',(#7723),#8148,.T.);
#8429=ADVANCED_FACE('',(#7724),#85,.T.);
#8430=ADVANCED_FACE('',(#7725,#7726),#8149,.T.);
#8431=ADVANCED_FACE('',(#7727),#8150,.T.);
#8432=ADVANCED_FACE('',(#7728),#8151,.T.);
#8433=ADVANCED_FACE('',(#7729),#8152,.T.);
#8434=ADVANCED_FACE('',(#7730),#8153,.T.);
#8435=ADVANCED_FACE('',(#7731),#8154,.T.);
#8436=ADVANCED_FACE('',(#7732),#8155,.T.);
#8437=ADVANCED_FACE('',(#7733),#86,.T.);
#8438=ADVANCED_FACE('',(#7734),#87,.T.);
#8439=ADVANCED_FACE('',(#7735),#88,.T.);
#8440=ADVANCED_FACE('',(#7736),#89,.T.);
#8441=ADVANCED_FACE('',(#7737),#8156,.T.);
#8442=ADVANCED_FACE('',(#7738),#8157,.T.);
#8443=ADVANCED_FACE('',(#7739),#8158,.T.);
#8444=ADVANCED_FACE('',(#7740),#90,.T.);
#8445=ADVANCED_FACE('',(#7741),#91,.T.);
#8446=ADVANCED_FACE('',(#7742),#92,.T.);
#8447=ADVANCED_FACE('',(#7743),#93,.T.);
#8448=ADVANCED_FACE('',(#7744),#8159,.T.);
#8449=ADVANCED_FACE('',(#7745),#8160,.T.);
#8450=ADVANCED_FACE('',(#7746),#94,.T.);
#8451=ADVANCED_FACE('',(#7747),#95,.T.);
#8452=ADVANCED_FACE('',(#7748),#96,.T.);
#8453=ADVANCED_FACE('',(#7749),#8161,.T.);
#8454=ADVANCED_FACE('',(#7750),#8162,.T.);
#8455=ADVANCED_FACE('',(#7751),#8163,.T.);
#8456=ADVANCED_FACE('',(#7752),#97,.T.);
#8457=ADVANCED_FACE('',(#7753),#98,.T.);
#8458=ADVANCED_FACE('',(#7754),#22,.F.);
#8459=ADVANCED_FACE('',(#7755),#8164,.T.);
#8460=ADVANCED_FACE('',(#7756),#8165,.T.);
#8461=ADVANCED_FACE('',(#7757),#99,.T.);
#8462=ADVANCED_FACE('',(#7758),#100,.T.);
#8463=ADVANCED_FACE('',(#7759),#101,.T.);
#8464=ADVANCED_FACE('',(#7760),#102,.T.);
#8465=ADVANCED_FACE('',(#7761),#103,.T.);
#8466=ADVANCED_FACE('',(#7762),#8166,.T.);
#8467=ADVANCED_FACE('',(#7763),#8167,.T.);
#8468=ADVANCED_FACE('',(#7764),#8168,.T.);
#8469=ADVANCED_FACE('',(#7765),#104,.T.);
#8470=ADVANCED_FACE('',(#7766),#105,.T.);
#8471=ADVANCED_FACE('',(#7767),#106,.T.);
#8472=ADVANCED_FACE('',(#7768),#8169,.T.);
#8473=ADVANCED_FACE('',(#7769),#8170,.T.);
#8474=ADVANCED_FACE('',(#7770),#23,.T.);
#8475=ADVANCED_FACE('',(#7771),#8171,.T.);
#8476=ADVANCED_FACE('',(#7772),#8172,.T.);
#8477=ADVANCED_FACE('',(#7773),#8173,.T.);
#8478=ADVANCED_FACE('',(#7774),#8174,.T.);
#8479=ADVANCED_FACE('',(#7775),#8175,.T.);
#8480=ADVANCED_FACE('',(#7776),#107,.T.);
#8481=ADVANCED_FACE('',(#7777),#108,.T.);
#8482=ADVANCED_FACE('',(#7778),#109,.T.);
#8483=ADVANCED_FACE('',(#7779),#8176,.T.);
#8484=ADVANCED_FACE('',(#7780),#8177,.T.);
#8485=ADVANCED_FACE('',(#7781),#110,.T.);
#8486=ADVANCED_FACE('',(#7782),#111,.T.);
#8487=ADVANCED_FACE('',(#7783),#112,.T.);
#8488=ADVANCED_FACE('',(#7784),#113,.T.);
#8489=ADVANCED_FACE('',(#7785),#114,.T.);
#8490=ADVANCED_FACE('',(#7786),#8178,.T.);
#8491=ADVANCED_FACE('',(#7787),#8179,.T.);
#8492=ADVANCED_FACE('',(#7788),#8180,.T.);
#8493=ADVANCED_FACE('',(#7789),#8181,.T.);
#8494=ADVANCED_FACE('',(#7790),#8182,.T.);
#8495=ADVANCED_FACE('',(#7791),#8183,.T.);
#8496=ADVANCED_FACE('',(#7792),#115,.T.);
#8497=ADVANCED_FACE('',(#7793),#24,.T.);
#8498=ADVANCED_FACE('',(#7794),#25,.T.);
#8499=ADVANCED_FACE('',(#7795),#8184,.T.);
#8500=ADVANCED_FACE('',(#7796),#8185,.T.);
#8501=ADVANCED_FACE('',(#7797),#8186,.T.);
#8502=ADVANCED_FACE('',(#7798),#8187,.T.);
#8503=ADVANCED_FACE('',(#7799),#8188,.T.);
#8504=ADVANCED_FACE('',(#7800),#8189,.T.);
#8505=ADVANCED_FACE('',(#7801),#116,.T.);
#8506=ADVANCED_FACE('',(#7802),#117,.T.);
#8507=ADVANCED_FACE('',(#7803),#118,.T.);
#8508=ADVANCED_FACE('',(#7804),#8190,.T.);
#8509=ADVANCED_FACE('',(#7805),#8191,.T.);
#8510=ADVANCED_FACE('',(#7806),#119,.T.);
#8511=ADVANCED_FACE('',(#7807),#120,.T.);
#8512=ADVANCED_FACE('',(#7808),#26,.T.);
#8513=ADVANCED_FACE('',(#7809),#8192,.T.);
#8514=ADVANCED_FACE('',(#7810),#27,.F.);
#8515=ADVANCED_FACE('',(#7811),#28,.F.);
#8516=ADVANCED_FACE('',(#7812),#121,.T.);
#8517=ADVANCED_FACE('',(#7813),#122,.T.);
#8518=ADVANCED_FACE('',(#7814),#8193,.T.);
#8519=ADVANCED_FACE('',(#7815),#8194,.T.);
#8520=ADVANCED_FACE('',(#7816),#123,.T.);
#8521=ADVANCED_FACE('',(#7817),#124,.T.);
#8522=ADVANCED_FACE('',(#7818),#125,.T.);
#8523=ADVANCED_FACE('',(#7819),#126,.T.);
#8524=ADVANCED_FACE('',(#7820),#127,.T.);
#8525=ADVANCED_FACE('',(#7821),#128,.T.);
#8526=ADVANCED_FACE('',(#7822),#129,.T.);
#8527=ADVANCED_FACE('',(#7823),#8195,.T.);
#8528=ADVANCED_FACE('',(#7824),#130,.T.);
#8529=ADVANCED_FACE('',(#7825),#131,.T.);
#8530=ADVANCED_FACE('',(#7826,#7827),#8196,.T.);
#8531=ADVANCED_FACE('',(#7828),#8197,.T.);
#8532=ADVANCED_FACE('',(#7829),#8198,.T.);
#8533=ADVANCED_FACE('',(#7830),#8199,.T.);
#8534=ADVANCED_FACE('',(#7831),#8200,.T.);
#8535=ADVANCED_FACE('',(#7832),#8201,.T.);
#8536=ADVANCED_FACE('',(#7833),#29,.T.);
#8537=ADVANCED_FACE('',(#7834),#30,.T.);
#8538=ADVANCED_FACE('',(#7835),#31,.T.);
#8539=ADVANCED_FACE('',(#7836),#132,.T.);
#8540=ADVANCED_FACE('',(#7837),#8202,.T.);
#8541=ADVANCED_FACE('',(#7838),#8203,.T.);
#8542=ADVANCED_FACE('',(#7839),#8204,.T.);
#8543=ADVANCED_FACE('',(#7840),#133,.T.);
#8544=ADVANCED_FACE('',(#7841),#134,.T.);
#8545=ADVANCED_FACE('',(#7842),#135,.T.);
#8546=ADVANCED_FACE('',(#7843),#8205,.T.);
#8547=ADVANCED_FACE('',(#7844),#8206,.T.);
#8548=ADVANCED_FACE('',(#7845),#8207,.T.);
#8549=ADVANCED_FACE('',(#7846),#8208,.T.);
#8550=ADVANCED_FACE('',(#7847),#8209,.T.);
#8551=ADVANCED_FACE('',(#7848),#32,.T.);
#8552=ADVANCED_FACE('',(#7849),#136,.T.);
#8553=ADVANCED_FACE('',(#7850),#137,.T.);
#8554=ADVANCED_FACE('',(#7851),#138,.T.);
#8555=ADVANCED_FACE('',(#7852),#8210,.T.);
#8556=ADVANCED_FACE('',(#7853),#8211,.T.);
#8557=ADVANCED_FACE('',(#7854),#8212,.T.);
#8558=ADVANCED_FACE('',(#7855),#8213,.T.);
#8559=ADVANCED_FACE('',(#7856),#139,.T.);
#8560=ADVANCED_FACE('',(#7857),#140,.T.);
#8561=ADVANCED_FACE('',(#7858),#141,.T.);
#8562=ADVANCED_FACE('',(#7859),#142,.T.);
#8563=ADVANCED_FACE('',(#7860),#8214,.T.);
#8564=ADVANCED_FACE('',(#7861),#8215,.T.);
#8565=ADVANCED_FACE('',(#7862),#8216,.T.);
#8566=ADVANCED_FACE('',(#7863),#143,.T.);
#8567=ADVANCED_FACE('',(#7864),#144,.T.);
#8568=ADVANCED_FACE('',(#7865),#145,.T.);
#8569=ADVANCED_FACE('',(#7866),#8217,.T.);
#8570=ADVANCED_FACE('',(#7867),#146,.T.);
#8571=ADVANCED_FACE('',(#7868),#147,.T.);
#8572=ADVANCED_FACE('',(#7869),#8218,.T.);
#8573=ADVANCED_FACE('',(#7870),#8219,.T.);
#8574=ADVANCED_FACE('',(#7871),#148,.T.);
#8575=ADVANCED_FACE('',(#7872),#149,.T.);
#8576=ADVANCED_FACE('',(#7873),#150,.T.);
#8577=ADVANCED_FACE('',(#7874),#151,.T.);
#8578=ADVANCED_FACE('',(#7875),#152,.T.);
#8579=ADVANCED_FACE('',(#7876),#153,.T.);
#8580=ADVANCED_FACE('',(#7877),#8220,.T.);
#8581=ADVANCED_FACE('',(#7878),#154,.T.);
#8582=ADVANCED_FACE('',(#7879,#7880),#8221,.T.);
#8583=ADVANCED_FACE('',(#7881),#8222,.T.);
#8584=ADVANCED_FACE('',(#7882),#155,.T.);
#8585=ADVANCED_FACE('',(#7883),#156,.T.);
#8586=ADVANCED_FACE('',(#7884),#157,.T.);
#8587=ADVANCED_FACE('',(#7885),#8223,.T.);
#8588=ADVANCED_FACE('',(#7886),#8224,.T.);
#8589=ADVANCED_FACE('',(#7887),#8225,.T.);
#8590=ADVANCED_FACE('',(#7888),#8226,.T.);
#8591=ADVANCED_FACE('',(#7889),#8227,.T.);
#8592=ADVANCED_FACE('',(#7890),#8228,.T.);
#8593=ADVANCED_FACE('',(#7891),#8229,.T.);
#8594=ADVANCED_FACE('',(#7892),#8230,.T.);
#8595=ADVANCED_FACE('',(#7893),#8231,.T.);
#8596=ADVANCED_FACE('',(#7894),#8232,.T.);
#8597=ADVANCED_FACE('',(#7895),#8233,.T.);
#8598=ADVANCED_FACE('',(#7896),#158,.T.);
#8599=ADVANCED_FACE('',(#7897),#159,.T.);
#8600=ADVANCED_FACE('',(#7898),#160,.T.);
#8601=ADVANCED_FACE('',(#7899),#8234,.T.);
#8602=ADVANCED_FACE('',(#7900),#8235,.T.);
#8603=ADVANCED_FACE('',(#7901),#161,.T.);
#8604=ADVANCED_FACE('',(#7902),#162,.T.);
#8605=ADVANCED_FACE('',(#7903),#33,.T.);
#8606=ADVANCED_FACE('',(#7904),#8236,.T.);
#8607=ADVANCED_FACE('',(#7905),#34,.F.);
#8608=ADVANCED_FACE('',(#7906),#35,.F.);
#8609=ADVANCED_FACE('',(#7907),#163,.T.);
#8610=ADVANCED_FACE('',(#7908),#164,.T.);
#8611=ADVANCED_FACE('',(#7909),#36,.F.);
#8612=ADVANCED_FACE('',(#7910),#37,.F.);
#8613=ADVANCED_FACE('',(#7911),#8237,.T.);
#8614=ADVANCED_FACE('',(#7912),#165,.T.);
#8615=ADVANCED_FACE('',(#7913),#166,.T.);
#8616=ADVANCED_FACE('',(#7914),#167,.T.);
#8617=ADVANCED_FACE('',(#7915),#8238,.T.);
#8618=ADVANCED_FACE('',(#7916),#168,.T.);
#8619=ADVANCED_FACE('',(#7917),#169,.T.);
#8620=ADVANCED_FACE('',(#7918),#170,.T.);
#8621=ADVANCED_FACE('',(#7919),#8239,.T.);
#8622=ADVANCED_FACE('',(#7920),#8240,.T.);
#8623=ADVANCED_FACE('',(#7921),#8241,.T.);
#8624=ADVANCED_FACE('',(#7922),#171,.T.);
#8625=ADVANCED_FACE('',(#7923),#172,.T.);
#8626=ADVANCED_FACE('',(#7924),#38,.F.);
#8627=ADVANCED_FACE('',(#7925),#8242,.T.);
#8628=ADVANCED_FACE('',(#7926),#8243,.T.);
#8629=ADVANCED_FACE('',(#7927),#8244,.T.);
#8630=ADVANCED_FACE('',(#7928),#8245,.T.);
#8631=ADVANCED_FACE('',(#7929),#8246,.T.);
#8632=ADVANCED_FACE('',(#7930),#173,.T.);
#8633=ADVANCED_FACE('',(#7931),#39,.F.);
#8634=ADVANCED_FACE('',(#7932),#40,.F.);
#8635=ADVANCED_FACE('',(#7933),#8247,.T.);
#8636=ADVANCED_FACE('',(#7934),#41,.T.);
#8637=ADVANCED_FACE('',(#7935),#174,.T.);
#8638=ADVANCED_FACE('',(#7936),#175,.T.);
#8639=ADVANCED_FACE('',(#7937),#8248,.T.);
#8640=ADVANCED_FACE('',(#7938),#8249,.T.);
#8641=ADVANCED_FACE('',(#7939),#8250,.T.);
#8642=ADVANCED_FACE('',(#7940),#42,.T.);
#8643=ADVANCED_FACE('',(#7941),#8251,.T.);
#8644=ADVANCED_FACE('',(#7942),#176,.T.);
#8645=ADVANCED_FACE('',(#7943),#8252,.T.);
#8646=ADVANCED_FACE('',(#7944),#8253,.T.);
#8647=ADVANCED_FACE('',(#7945),#177,.T.);
#8648=ADVANCED_FACE('',(#7946),#178,.T.);
#8649=ADVANCED_FACE('',(#7947),#179,.T.);
#8650=ADVANCED_FACE('',(#7948),#180,.T.);
#8651=ADVANCED_FACE('',(#7949),#181,.T.);
#8652=ADVANCED_FACE('',(#7950),#182,.T.);
#8653=ADVANCED_FACE('',(#7951),#183,.T.);
#8654=ADVANCED_FACE('',(#7952),#8254,.T.);
#8655=ADVANCED_FACE('',(#7953),#184,.T.);
#8656=ADVANCED_FACE('',(#7954),#185,.T.);
#8657=ADVANCED_FACE('',(#7955),#8255,.T.);
#8658=ADVANCED_FACE('',(#7956),#186,.T.);
#8659=ADVANCED_FACE('',(#7957),#8256,.T.);
#8660=ADVANCED_FACE('',(#7958),#8257,.T.);
#8661=ADVANCED_FACE('',(#7959),#8258,.T.);
#8662=ADVANCED_FACE('',(#7960),#8259,.T.);
#8663=ADVANCED_FACE('',(#7961),#8260,.T.);
#8664=ADVANCED_FACE('',(#7962),#8261,.T.);
#8665=ADVANCED_FACE('',(#7963),#187,.T.);
#8666=ADVANCED_FACE('',(#7964),#188,.T.);
#8667=ADVANCED_FACE('',(#7965),#189,.T.);
#8668=ADVANCED_FACE('',(#7966),#190,.T.);
#8669=ADVANCED_FACE('',(#7967),#191,.T.);
#8670=ADVANCED_FACE('',(#7968,#7969),#8262,.T.);
#8671=ADVANCED_FACE('',(#7970),#8263,.T.);
#8672=ADVANCED_FACE('',(#7971),#192,.T.);
#8673=ADVANCED_FACE('',(#7972),#193,.T.);
#8674=ADVANCED_FACE('',(#7973),#43,.T.);
#8675=ADVANCED_FACE('',(#7974),#8264,.T.);
#8676=ADVANCED_FACE('',(#7975),#44,.F.);
#8677=ADVANCED_FACE('',(#7976),#45,.F.);
#8678=ADVANCED_FACE('',(#7977),#194,.T.);
#8679=ADVANCED_FACE('',(#7978),#195,.T.);
#8680=ADVANCED_FACE('',(#7979),#8265,.T.);
#8681=ADVANCED_FACE('',(#7980),#8266,.T.);
#8682=ADVANCED_FACE('',(#7981),#196,.T.);
#8683=ADVANCED_FACE('',(#7982),#197,.T.);
#8684=ADVANCED_FACE('',(#7983),#198,.T.);
#8685=ADVANCED_FACE('',(#7984),#199,.T.);
#8686=ADVANCED_FACE('',(#7985),#200,.T.);
#8687=ADVANCED_FACE('',(#7986),#201,.T.);
#8688=ADVANCED_FACE('',(#7987),#202,.T.);
#8689=ADVANCED_FACE('',(#7988),#8267,.T.);
#8690=ADVANCED_FACE('',(#7989),#203,.T.);
#8691=ADVANCED_FACE('',(#7990),#204,.T.);
#8692=ADVANCED_FACE('',(#7991,#7992),#8268,.T.);
#8693=ADVANCED_FACE('',(#7993),#8269,.T.);
#8694=ADVANCED_FACE('',(#7994),#8270,.T.);
#8695=ADVANCED_FACE('',(#7995),#8271,.T.);
#8696=ADVANCED_FACE('',(#7996),#205,.T.);
#8697=ADVANCED_FACE('',(#7997),#206,.T.);
#8698=ADVANCED_FACE('',(#7998),#207,.T.);
#8699=ADVANCED_FACE('',(#7999),#8272,.T.);
#8700=ADVANCED_FACE('',(#8000),#8273,.T.);
#8701=ADVANCED_FACE('',(#8001),#208,.T.);
#8702=ADVANCED_FACE('',(#8002),#8274,.T.);
#8703=ADVANCED_FACE('',(#8003),#8275,.T.);
#8704=ADVANCED_FACE('',(#8004),#8276,.T.);
#8705=ADVANCED_FACE('',(#8005),#8277,.T.);
#8706=ADVANCED_FACE('',(#8006),#8278,.T.);
#8707=ADVANCED_FACE('',(#8007),#209,.T.);
#8708=ADVANCED_FACE('',(#8008),#210,.T.);
#8709=ADVANCED_FACE('',(#8009),#211,.T.);
#8710=ADVANCED_FACE('',(#8010),#8279,.T.);
#8711=ADVANCED_FACE('',(#8011),#8280,.T.);
#8712=ADVANCED_FACE('',(#8012),#8281,.T.);
#8713=ADVANCED_FACE('',(#8013),#8282,.T.);
#8714=ADVANCED_FACE('',(#8014),#8283,.T.);
#8715=ADVANCED_FACE('',(#8015),#8284,.T.);
#8716=ADVANCED_FACE('',(#8016),#46,.T.);
#8717=ADVANCED_FACE('',(#8017),#47,.T.);
#8718=ADVANCED_FACE('',(#8018),#8285,.T.);
#8719=ADVANCED_FACE('',(#8019),#8286,.T.);
#8720=ADVANCED_FACE('',(#8020),#8287,.T.);
#8721=ADVANCED_FACE('',(#8021),#8288,.T.);
#8722=ADVANCED_FACE('',(#8022),#8289,.T.);
#8723=ADVANCED_FACE('',(#8023),#8290,.T.);
#8724=ADVANCED_FACE('',(#8024),#8291,.T.);
#8725=ADVANCED_FACE('',(#8025),#8292,.T.);
#8726=ADVANCED_FACE('',(#8026),#8293,.T.);
#8727=ADVANCED_FACE('',(#8027),#8294,.T.);
#8728=ADVANCED_FACE('',(#8028),#8295,.T.);
#8729=ADVANCED_FACE('',(#8029),#212,.T.);
#8730=ADVANCED_FACE('',(#8030),#8296,.T.);
#8731=ADVANCED_FACE('',(#8031),#8297,.T.);
#8732=ADVANCED_FACE('',(#8032),#8298,.T.);
#8733=ADVANCED_FACE('',(#8033),#8299,.T.);
#8734=ADVANCED_FACE('',(#8034),#213,.T.);
#8735=ADVANCED_FACE('',(#8035),#214,.T.);
#8736=ADVANCED_FACE('',(#8036),#215,.T.);
#8737=ADVANCED_FACE('',(#8037),#216,.T.);
#8738=ADVANCED_FACE('',(#8038),#8300,.T.);
#8739=ADVANCED_FACE('',(#8039),#8301,.T.);
#8740=ADVANCED_FACE('',(#8040),#8302,.T.);
#8741=ADVANCED_FACE('',(#8041),#217,.T.);
#8742=ADVANCED_FACE('',(#8042),#218,.T.);
#8743=ADVANCED_FACE('',(#8043),#219,.T.);
#8744=ADVANCED_FACE('',(#8044),#8303,.T.);
#8745=ADVANCED_FACE('',(#8045),#220,.T.);
#8746=ADVANCED_FACE('',(#8046),#221,.T.);
#8747=ADVANCED_FACE('',(#8047),#8304,.T.);
#8748=ADVANCED_FACE('',(#8048),#8305,.T.);
#8749=ADVANCED_FACE('',(#8049),#222,.T.);
#8750=ADVANCED_FACE('',(#8050),#223,.T.);
#8751=ADVANCED_FACE('',(#8051),#224,.T.);
#8752=ADVANCED_FACE('',(#8052),#225,.T.);
#8753=ADVANCED_FACE('',(#8053),#226,.T.);
#8754=ADVANCED_FACE('',(#8054),#227,.T.);
#8755=ADVANCED_FACE('',(#8055),#8306,.T.);
#8756=ADVANCED_FACE('',(#8056),#228,.T.);
#8757=ADVANCED_FACE('',(#8057,#8058),#8307,.T.);
#8758=ADVANCED_FACE('',(#8059),#8308,.T.);
#8759=ADVANCED_FACE('',(#8060),#229,.T.);
#8760=ADVANCED_FACE('',(#8061),#230,.T.);
#8761=ADVANCED_FACE('',(#8062),#231,.T.);
#8762=ADVANCED_FACE('',(#8063),#232,.T.);
#8763=ADVANCED_FACE('',(#8064),#233,.T.);
#8764=ADVANCED_FACE('',(#8065),#234,.T.);
#8765=ADVANCED_FACE('',(#8066),#235,.T.);
#8766=ADVANCED_FACE('',(#8067),#8309,.T.);
#8767=ADVANCED_FACE('',(#8068),#236,.T.);
#8768=ADVANCED_FACE('',(#8069),#237,.T.);
#8769=ADVANCED_FACE('',(#8070),#8310,.T.);
#8770=ADVANCED_FACE('',(#8071),#8311,.T.);
#8771=ADVANCED_FACE('',(#8072),#8312,.T.);
#8772=ADVANCED_FACE('',(#8073),#8313,.T.);
#8773=ADVANCED_FACE('',(#8074),#8314,.T.);
#8774=ADVANCED_FACE('',(#8075),#8315,.T.);
#8775=ADVANCED_FACE('',(#8076),#238,.T.);
#8776=ADVANCED_FACE('',(#8077),#8316,.T.);
#8777=ADVANCED_FACE('',(#8078),#239,.T.);
#8778=ADVANCED_FACE('',(#8079),#240,.T.);
#8779=ADVANCED_FACE('',(#8080),#241,.T.);
#8780=ADVANCED_FACE('',(#8081),#242,.T.);
#8781=ADVANCED_FACE('',(#8082),#243,.T.);
#8782=ADVANCED_FACE('',(#8083,#8084),#8317,.T.);
#8783=ADVANCED_FACE('',(#8085),#8318,.T.);
#8784=CLOSED_SHELL('',(#8319,#8320,#8321,#8322,#8323,#8324,#8325,#8326,
#8327,#8328,#8329,#8330,#8331,#8332,#8333,#8334,#8335,#8336,#8337,#8338,
#8339,#8340,#8341,#8342,#8343,#8344,#8345,#8346,#8347,#8348,#8349,#8350,
#8351,#8352,#8353,#8354,#8355,#8356,#8357,#8358,#8359,#8360,#8361,#8362,
#8363,#8364,#8365,#8366,#8367,#8368,#8369,#8370,#8371,#8372,#8373,#8374,
#8375,#8376,#8377,#8378,#8379,#8380,#8381,#8382,#8383,#8384,#8385,#8386,
#8387,#8388,#8389,#8390,#8391,#8392,#8393,#8394,#8395,#8396,#8397,#8398,
#8399,#8400,#8401,#8402,#8403,#8404,#8405,#8406,#8407,#8408,#8409,#8410,
#8411,#8412,#8413,#8414,#8415,#8416,#8417,#8418,#8419,#8420,#8421,#8422,
#8423,#8424,#8425,#8426,#8427,#8428,#8429,#8430,#8431,#8432,#8433,#8434,
#8435,#8436,#8437,#8438,#8439,#8440,#8441,#8442,#8443,#8444,#8445,#8446,
#8447,#8448,#8449,#8450,#8451,#8452,#8453,#8454,#8455,#8456,#8457,#8458,
#8459,#8460,#8461,#8462,#8463,#8464,#8465,#8466,#8467,#8468,#8469,#8470,
#8471,#8472,#8473,#8474,#8475,#8476,#8477,#8478,#8479,#8480,#8481,#8482,
#8483,#8484,#8485,#8486,#8487,#8488,#8489,#8490,#8491,#8492,#8493,#8494,
#8495,#8496,#8497,#8498,#8499,#8500,#8501,#8502,#8503,#8504,#8505,#8506,
#8507,#8508,#8509,#8510,#8511,#8512,#8513,#8514,#8515,#8516,#8517,#8518,
#8519,#8520,#8521,#8522,#8523,#8524,#8525,#8526,#8527,#8528,#8529,#8530,
#8531,#8532,#8533,#8534,#8535,#8536,#8537,#8538,#8539,#8540,#8541,#8542,
#8543,#8544,#8545,#8546,#8547,#8548,#8549,#8550,#8551,#8552,#8553,#8554,
#8555,#8556,#8557,#8558,#8559,#8560,#8561,#8562,#8563,#8564,#8565,#8566,
#8567,#8568,#8569,#8570,#8571,#8572,#8573,#8574,#8575,#8576,#8577,#8578,
#8579,#8580,#8581,#8582,#8583,#8584,#8585,#8586,#8587,#8588,#8589,#8590,
#8591,#8592,#8593,#8594,#8595,#8596,#8597,#8598,#8599,#8600,#8601,#8602,
#8603,#8604,#8605,#8606,#8607,#8608,#8609,#8610,#8611,#8612,#8613,#8614,
#8615,#8616,#8617,#8618,#8619,#8620,#8621,#8622,#8623,#8624,#8625,#8626,
#8627,#8628,#8629,#8630,#8631,#8632,#8633,#8634,#8635,#8636,#8637,#8638,
#8639,#8640,#8641,#8642,#8643,#8644,#8645,#8646,#8647,#8648,#8649,#8650,
#8651,#8652,#8653,#8654,#8655,#8656,#8657,#8658,#8659,#8660,#8661,#8662,
#8663,#8664,#8665,#8666,#8667,#8668,#8669,#8670,#8671,#8672,#8673,#8674,
#8675,#8676,#8677,#8678,#8679,#8680,#8681,#8682,#8683,#8684,#8685,#8686,
#8687,#8688,#8689,#8690,#8691,#8692,#8693,#8694,#8695,#8696,#8697,#8698,
#8699,#8700,#8701,#8702,#8703,#8704,#8705,#8706,#8707,#8708,#8709,#8710,
#8711,#8712,#8713,#8714,#8715,#8716,#8717,#8718,#8719,#8720,#8721,#8722,
#8723,#8724,#8725,#8726,#8727,#8728,#8729,#8730,#8731,#8732,#8733,#8734,
#8735,#8736,#8737,#8738,#8739,#8740,#8741,#8742,#8743,#8744,#8745,#8746,
#8747,#8748,#8749,#8750,#8751,#8752,#8753,#8754,#8755,#8756,#8757,#8758,
#8759,#8760,#8761,#8762,#8763,#8764,#8765,#8766,#8767,#8768,#8769,#8770,
#8771,#8772,#8773,#8774,#8775,#8776,#8777,#8778,#8779,#8780,#8781,#8782,
#8783));
#8785=STYLED_ITEM('',(#8786),#8793);
#8786=PRESENTATION_STYLE_ASSIGNMENT((#8787));
#8787=SURFACE_STYLE_USAGE(.BOTH.,#8788);
#8788=SURFACE_SIDE_STYLE('',(#8789));
#8789=SURFACE_STYLE_FILL_AREA(#8790);
#8790=FILL_AREA_STYLE('',(#8791));
#8791=FILL_AREA_STYLE_COLOUR('',#8792);
#8792=COLOUR_RGB('',0.231372549019608,0.380392156862745,0.705882352941177);
#8793=MANIFOLD_SOLID_BREP('Part 1',#8784);
#8794=SHAPE_DEFINITION_REPRESENTATION(#15426,#8795);
#8795=SHAPE_REPRESENTATION('Part 1',(#8796),#15421);
#8796=AXIS2_PLACEMENT_3D('',#10648,#9138,#9139);
#8797=AXIS2_PLACEMENT_3D('',#10649,#9140,#9141);
#8798=AXIS2_PLACEMENT_3D('',#10674,#9154,#9155);
#8799=AXIS2_PLACEMENT_3D('',#10690,#9165,#9166);
#8800=AXIS2_PLACEMENT_3D('',#10696,#9170,#9171);
#8801=AXIS2_PLACEMENT_3D('',#10698,#9173,#9174);
#8802=AXIS2_PLACEMENT_3D('',#10704,#9178,#9179);
#8803=AXIS2_PLACEMENT_3D('',#10707,#9182,#9183);
#8804=AXIS2_PLACEMENT_3D('',#10708,#9184,#9185);
#8805=AXIS2_PLACEMENT_3D('',#10709,#9186,#9187);
#8806=AXIS2_PLACEMENT_3D('',#10719,#9193,#9194);
#8807=AXIS2_PLACEMENT_3D('',#10720,#9195,#9196);
#8808=AXIS2_PLACEMENT_3D('',#10724,#9199,#9200);
#8809=AXIS2_PLACEMENT_3D('',#10728,#9203,#9204);
#8810=AXIS2_PLACEMENT_3D('',#10730,#9206,#9207);
#8811=AXIS2_PLACEMENT_3D('',#10731,#9208,#9209);
#8812=AXIS2_PLACEMENT_3D('',#10863,#9237,#9238);
#8813=AXIS2_PLACEMENT_3D('',#10865,#9239,#9240);
#8814=AXIS2_PLACEMENT_3D('',#10957,#9256,#9257);
#8815=AXIS2_PLACEMENT_3D('',#10959,#9258,#9259);
#8816=AXIS2_PLACEMENT_3D('',#10963,#9261,#9262);
#8817=AXIS2_PLACEMENT_3D('',#11021,#9273,#9274);
#8818=AXIS2_PLACEMENT_3D('',#11037,#9278,#9279);
#8819=AXIS2_PLACEMENT_3D('',#11041,#9281,#9282);
#8820=AXIS2_PLACEMENT_3D('',#11043,#9283,#9284);
#8821=AXIS2_PLACEMENT_3D('',#11059,#9288,#9289);
#8822=AXIS2_PLACEMENT_3D('',#11101,#9294,#9295);
#8823=AXIS2_PLACEMENT_3D('',#11103,#9296,#9297);
#8824=AXIS2_PLACEMENT_3D('',#11113,#9298,#9299);
#8825=AXIS2_PLACEMENT_3D('',#11115,#9300,#9301);
#8826=AXIS2_PLACEMENT_3D('',#11119,#9303,#9304);
#8827=AXIS2_PLACEMENT_3D('',#11247,#9326,#9327);
#8828=AXIS2_PLACEMENT_3D('',#11281,#9336,#9337);
#8829=AXIS2_PLACEMENT_3D('',#11283,#9338,#9339);
#8830=AXIS2_PLACEMENT_3D('',#11285,#9340,#9341);
#8831=AXIS2_PLACEMENT_3D('',#11329,#9347,#9348);
#8832=AXIS2_PLACEMENT_3D('',#11331,#9349,#9350);
#8833=AXIS2_PLACEMENT_3D('',#11335,#9352,#9353);
#8834=AXIS2_PLACEMENT_3D('',#11371,#9361,#9362);
#8835=AXIS2_PLACEMENT_3D('',#11373,#9363,#9364);
#8836=AXIS2_PLACEMENT_3D('',#11429,#9376,#9377);
#8837=AXIS2_PLACEMENT_3D('',#11475,#9382,#9383);
#8838=AXIS2_PLACEMENT_3D('',#11606,#9403,#9404);
#8839=AXIS2_PLACEMENT_3D('',#11611,#9406,#9407);
#8840=AXIS2_PLACEMENT_3D('',#11633,#9414,#9415);
#8841=AXIS2_PLACEMENT_3D('',#11635,#9416,#9417);
#8842=AXIS2_PLACEMENT_3D('',#11667,#9419,#9420);
#8843=AXIS2_PLACEMENT_3D('',#11681,#9421,#9422);
#8844=AXIS2_PLACEMENT_3D('',#11695,#9423,#9424);
#8845=AXIS2_PLACEMENT_3D('',#11697,#9425,#9426);
#8846=AXIS2_PLACEMENT_3D('',#11705,#9428,#9429);
#8847=AXIS2_PLACEMENT_3D('',#11715,#9430,#9431);
#8848=AXIS2_PLACEMENT_3D('',#11765,#9449,#9450);
#8849=AXIS2_PLACEMENT_3D('',#11771,#9454,#9455);
#8850=AXIS2_PLACEMENT_3D('',#11785,#9463,#9464);
#8851=AXIS2_PLACEMENT_3D('',#11793,#9470,#9471);
#8852=AXIS2_PLACEMENT_3D('',#11795,#9473,#9474);
#8853=AXIS2_PLACEMENT_3D('',#11805,#9480,#9481);
#8854=AXIS2_PLACEMENT_3D('',#11806,#9482,#9483);
#8855=AXIS2_PLACEMENT_3D('',#11812,#9487,#9488);
#8856=AXIS2_PLACEMENT_3D('',#11818,#9492,#9493);
#8857=AXIS2_PLACEMENT_3D('',#11821,#9496,#9497);
#8858=AXIS2_PLACEMENT_3D('',#11822,#9498,#9499);
#8859=AXIS2_PLACEMENT_3D('',#11823,#9500,#9501);
#8860=AXIS2_PLACEMENT_3D('',#11829,#9505,#9506);
#8861=AXIS2_PLACEMENT_3D('',#11830,#9507,#9508);
#8862=AXIS2_PLACEMENT_3D('',#11834,#9511,#9512);
#8863=AXIS2_PLACEMENT_3D('',#11838,#9515,#9516);
#8864=AXIS2_PLACEMENT_3D('',#11840,#9518,#9519);
#8865=AXIS2_PLACEMENT_3D('',#11841,#9520,#9521);
#8866=AXIS2_PLACEMENT_3D('',#11847,#9525,#9526);
#8867=AXIS2_PLACEMENT_3D('',#11851,#9529,#9530);
#8868=AXIS2_PLACEMENT_3D('',#11855,#9533,#9534);
#8869=AXIS2_PLACEMENT_3D('',#11859,#9537,#9538);
#8870=AXIS2_PLACEMENT_3D('',#11863,#9541,#9542);
#8871=AXIS2_PLACEMENT_3D('',#11867,#9545,#9546);
#8872=AXIS2_PLACEMENT_3D('',#11871,#9549,#9550);
#8873=AXIS2_PLACEMENT_3D('',#11875,#9553,#9554);
#8874=AXIS2_PLACEMENT_3D('',#11879,#9557,#9558);
#8875=AXIS2_PLACEMENT_3D('',#11881,#9560,#9561);
#8876=AXIS2_PLACEMENT_3D('',#11949,#9568,#9569);
#8877=AXIS2_PLACEMENT_3D('',#11952,#9571,#9572);
#8878=AXIS2_PLACEMENT_3D('',#11979,#9575,#9576);
#8879=AXIS2_PLACEMENT_3D('',#11982,#9578,#9579);
#8880=AXIS2_PLACEMENT_3D('',#11996,#9581,#9582);
#8881=AXIS2_PLACEMENT_3D('',#12000,#9585,#9586);
#8882=AXIS2_PLACEMENT_3D('',#12003,#9588,#9589);
#8883=AXIS2_PLACEMENT_3D('',#12004,#9590,#9591);
#8884=AXIS2_PLACEMENT_3D('',#12007,#9593,#9594);
#8885=AXIS2_PLACEMENT_3D('',#12047,#9598,#9599);
#8886=AXIS2_PLACEMENT_3D('',#12050,#9601,#9602);
#8887=AXIS2_PLACEMENT_3D('',#12090,#9606,#9607);
#8888=AXIS2_PLACEMENT_3D('',#12093,#9609,#9610);
#8889=AXIS2_PLACEMENT_3D('',#12146,#9615,#9616);
#8890=AXIS2_PLACEMENT_3D('',#12174,#9620,#9621);
#8891=AXIS2_PLACEMENT_3D('',#12175,#9622,#9623);
#8892=AXIS2_PLACEMENT_3D('',#12178,#9625,#9626);
#8893=AXIS2_PLACEMENT_3D('',#12181,#9628,#9629);
#8894=AXIS2_PLACEMENT_3D('',#12184,#9631,#9632);
#8895=AXIS2_PLACEMENT_3D('',#12185,#9633,#9634);
#8896=AXIS2_PLACEMENT_3D('',#12188,#9636,#9637);
#8897=AXIS2_PLACEMENT_3D('',#12189,#9638,#9639);
#8898=AXIS2_PLACEMENT_3D('',#12193,#9642,#9643);
#8899=AXIS2_PLACEMENT_3D('',#12197,#9646,#9647);
#8900=AXIS2_PLACEMENT_3D('',#12201,#9650,#9651);
#8901=AXIS2_PLACEMENT_3D('',#12205,#9654,#9655);
#8902=AXIS2_PLACEMENT_3D('',#12209,#9658,#9659);
#8903=AXIS2_PLACEMENT_3D('',#12239,#9664,#9665);
#8904=AXIS2_PLACEMENT_3D('',#12242,#9667,#9668);
#8905=AXIS2_PLACEMENT_3D('',#12243,#9669,#9670);
#8906=AXIS2_PLACEMENT_3D('',#12245,#9672,#9673);
#8907=AXIS2_PLACEMENT_3D('',#12246,#9674,#9675);
#8908=AXIS2_PLACEMENT_3D('',#12255,#9680,#9681);
#8909=AXIS2_PLACEMENT_3D('',#12329,#9689,#9690);
#8910=AXIS2_PLACEMENT_3D('',#12335,#9694,#9695);
#8911=AXIS2_PLACEMENT_3D('',#12339,#9698,#9699);
#8912=AXIS2_PLACEMENT_3D('',#12382,#9705,#9706);
#8913=AXIS2_PLACEMENT_3D('',#12412,#9711,#9712);
#8914=AXIS2_PLACEMENT_3D('',#12416,#9715,#9716);
#8915=AXIS2_PLACEMENT_3D('',#12498,#9725,#9726);
#8916=AXIS2_PLACEMENT_3D('',#12514,#9728,#9729);
#8917=AXIS2_PLACEMENT_3D('',#12515,#9730,#9731);
#8918=AXIS2_PLACEMENT_3D('',#12516,#9732,#9733);
#8919=AXIS2_PLACEMENT_3D('',#12522,#9737,#9738);
#8920=AXIS2_PLACEMENT_3D('',#12526,#9741,#9742);
#8921=AXIS2_PLACEMENT_3D('',#12530,#9745,#9746);
#8922=AXIS2_PLACEMENT_3D('',#12534,#9749,#9750);
#8923=AXIS2_PLACEMENT_3D('',#12590,#9757,#9758);
#8924=AXIS2_PLACEMENT_3D('',#12594,#9761,#9762);
#8925=AXIS2_PLACEMENT_3D('',#12598,#9765,#9766);
#8926=AXIS2_PLACEMENT_3D('',#12654,#9773,#9774);
#8927=AXIS2_PLACEMENT_3D('',#12656,#9776,#9777);
#8928=AXIS2_PLACEMENT_3D('',#12698,#9782,#9783);
#8929=AXIS2_PLACEMENT_3D('',#12702,#9786,#9787);
#8930=AXIS2_PLACEMENT_3D('',#12706,#9790,#9791);
#8931=AXIS2_PLACEMENT_3D('',#12736,#9796,#9797);
#8932=AXIS2_PLACEMENT_3D('',#12739,#9799,#9800);
#8933=AXIS2_PLACEMENT_3D('',#12740,#9801,#9802);
#8934=AXIS2_PLACEMENT_3D('',#12742,#9804,#9805);
#8935=AXIS2_PLACEMENT_3D('',#12808,#9811,#9812);
#8936=AXIS2_PLACEMENT_3D('',#12809,#9813,#9814);
#8937=AXIS2_PLACEMENT_3D('',#12815,#9818,#9819);
#8938=AXIS2_PLACEMENT_3D('',#12858,#9825,#9826);
#8939=AXIS2_PLACEMENT_3D('',#12862,#9829,#9830);
#8940=AXIS2_PLACEMENT_3D('',#12866,#9833,#9834);
#8941=AXIS2_PLACEMENT_3D('',#12869,#9836,#9837);
#8942=AXIS2_PLACEMENT_3D('',#12870,#9838,#9839);
#8943=AXIS2_PLACEMENT_3D('',#12874,#9842,#9843);
#8944=AXIS2_PLACEMENT_3D('',#12878,#9846,#9847);
#8945=AXIS2_PLACEMENT_3D('',#12882,#9850,#9851);
#8946=AXIS2_PLACEMENT_3D('',#12886,#9854,#9855);
#8947=AXIS2_PLACEMENT_3D('',#12929,#9861,#9862);
#8948=AXIS2_PLACEMENT_3D('',#12931,#9864,#9865);
#8949=AXIS2_PLACEMENT_3D('',#12997,#9871,#9872);
#8950=AXIS2_PLACEMENT_3D('',#12998,#9873,#9874);
#8951=AXIS2_PLACEMENT_3D('',#13004,#9878,#9879);
#8952=AXIS2_PLACEMENT_3D('',#13008,#9882,#9883);
#8953=AXIS2_PLACEMENT_3D('',#13012,#9886,#9887);
#8954=AXIS2_PLACEMENT_3D('',#13014,#9889,#9890);
#8955=AXIS2_PLACEMENT_3D('',#13030,#9893,#9894);
#8956=AXIS2_PLACEMENT_3D('',#13033,#9896,#9897);
#8957=AXIS2_PLACEMENT_3D('',#13034,#9898,#9899);
#8958=AXIS2_PLACEMENT_3D('',#13037,#9901,#9902);
#8959=AXIS2_PLACEMENT_3D('',#13038,#9903,#9904);
#8960=AXIS2_PLACEMENT_3D('',#13042,#9907,#9908);
#8961=AXIS2_PLACEMENT_3D('',#13046,#9911,#9912);
#8962=AXIS2_PLACEMENT_3D('',#13050,#9915,#9916);
#8963=AXIS2_PLACEMENT_3D('',#13054,#9919,#9920);
#8964=AXIS2_PLACEMENT_3D('',#13058,#9923,#9924);
#8965=AXIS2_PLACEMENT_3D('',#13101,#9930,#9931);
#8966=AXIS2_PLACEMENT_3D('',#13103,#9933,#9934);
#8967=AXIS2_PLACEMENT_3D('',#13132,#9938,#9939);
#8968=AXIS2_PLACEMENT_3D('',#13135,#9941,#9942);
#8969=AXIS2_PLACEMENT_3D('',#13136,#9943,#9944);
#8970=AXIS2_PLACEMENT_3D('',#13140,#9947,#9948);
#8971=AXIS2_PLACEMENT_3D('',#13143,#9950,#9951);
#8972=AXIS2_PLACEMENT_3D('',#13144,#9952,#9953);
#8973=AXIS2_PLACEMENT_3D('',#13147,#9955,#9956);
#8974=AXIS2_PLACEMENT_3D('',#13174,#9959,#9960);
#8975=AXIS2_PLACEMENT_3D('',#13178,#9963,#9964);
#8976=AXIS2_PLACEMENT_3D('',#13288,#9975,#9976);
#8977=AXIS2_PLACEMENT_3D('',#13319,#9980,#9981);
#8978=AXIS2_PLACEMENT_3D('',#13320,#9982,#9983);
#8979=AXIS2_PLACEMENT_3D('',#13321,#9984,#9985);
#8980=AXIS2_PLACEMENT_3D('',#13327,#9989,#9990);
#8981=AXIS2_PLACEMENT_3D('',#13331,#9993,#9994);
#8982=AXIS2_PLACEMENT_3D('',#13335,#9997,#9998);
#8983=AXIS2_PLACEMENT_3D('',#13339,#10001,#10002);
#8984=AXIS2_PLACEMENT_3D('',#13342,#10004,#10005);
#8985=AXIS2_PLACEMENT_3D('',#13343,#10006,#10007);
#8986=AXIS2_PLACEMENT_3D('',#13346,#10009,#10010);
#8987=AXIS2_PLACEMENT_3D('',#13347,#10011,#10012);
#8988=AXIS2_PLACEMENT_3D('',#13350,#10014,#10015);
#8989=AXIS2_PLACEMENT_3D('',#13364,#10017,#10018);
#8990=AXIS2_PLACEMENT_3D('',#13368,#10021,#10022);
#8991=AXIS2_PLACEMENT_3D('',#13372,#10025,#10026);
#8992=AXIS2_PLACEMENT_3D('',#13415,#10032,#10033);
#8993=AXIS2_PLACEMENT_3D('',#13419,#10036,#10037);
#8994=AXIS2_PLACEMENT_3D('',#13423,#10040,#10041);
#8995=AXIS2_PLACEMENT_3D('',#13427,#10044,#10045);
#8996=AXIS2_PLACEMENT_3D('',#13431,#10048,#10049);
#8997=AXIS2_PLACEMENT_3D('',#13435,#10052,#10053);
#8998=AXIS2_PLACEMENT_3D('',#13438,#10055,#10056);
#8999=AXIS2_PLACEMENT_3D('',#13478,#10060,#10061);
#9000=AXIS2_PLACEMENT_3D('',#13480,#10063,#10064);
#9001=AXIS2_PLACEMENT_3D('',#13481,#10065,#10066);
#9002=AXIS2_PLACEMENT_3D('',#13490,#10071,#10072);
#9003=AXIS2_PLACEMENT_3D('',#13564,#10080,#10081);
#9004=AXIS2_PLACEMENT_3D('',#13570,#10085,#10086);
#9005=AXIS2_PLACEMENT_3D('',#13574,#10089,#10090);
#9006=AXIS2_PLACEMENT_3D('',#13617,#10096,#10097);
#9007=AXIS2_PLACEMENT_3D('',#13647,#10102,#10103);
#9008=AXIS2_PLACEMENT_3D('',#13651,#10106,#10107);
#9009=AXIS2_PLACEMENT_3D('',#13733,#10116,#10117);
#9010=AXIS2_PLACEMENT_3D('',#13749,#10119,#10120);
#9011=AXIS2_PLACEMENT_3D('',#13750,#10121,#10122);
#9012=AXIS2_PLACEMENT_3D('',#13792,#10127,#10128);
#9013=AXIS2_PLACEMENT_3D('',#13796,#10131,#10132);
#9014=AXIS2_PLACEMENT_3D('',#13800,#10135,#10136);
#9015=AXIS2_PLACEMENT_3D('',#13804,#10139,#10140);
#9016=AXIS2_PLACEMENT_3D('',#13808,#10143,#10144);
#9017=AXIS2_PLACEMENT_3D('',#13812,#10147,#10148);
#9018=AXIS2_PLACEMENT_3D('',#13816,#10151,#10152);
#9019=AXIS2_PLACEMENT_3D('',#13820,#10155,#10156);
#9020=AXIS2_PLACEMENT_3D('',#13824,#10159,#10160);
#9021=AXIS2_PLACEMENT_3D('',#13828,#10163,#10164);
#9022=AXIS2_PLACEMENT_3D('',#13832,#10167,#10168);
#9023=AXIS2_PLACEMENT_3D('',#13875,#10174,#10175);
#9024=AXIS2_PLACEMENT_3D('',#13877,#10177,#10178);
#9025=AXIS2_PLACEMENT_3D('',#13906,#10182,#10183);
#9026=AXIS2_PLACEMENT_3D('',#13909,#10185,#10186);
#9027=AXIS2_PLACEMENT_3D('',#13910,#10187,#10188);
#9028=AXIS2_PLACEMENT_3D('',#13914,#10191,#10192);
#9029=AXIS2_PLACEMENT_3D('',#13917,#10194,#10195);
#9030=AXIS2_PLACEMENT_3D('',#13918,#10196,#10197);
#9031=AXIS2_PLACEMENT_3D('',#13921,#10199,#10200);
#9032=AXIS2_PLACEMENT_3D('',#13948,#10203,#10204);
#9033=AXIS2_PLACEMENT_3D('',#13951,#10206,#10207);
#9034=AXIS2_PLACEMENT_3D('',#13952,#10208,#10209);
#9035=AXIS2_PLACEMENT_3D('',#13955,#10211,#10212);
#9036=AXIS2_PLACEMENT_3D('',#13956,#10213,#10214);
#9037=AXIS2_PLACEMENT_3D('',#13997,#10219,#10220);
#9038=AXIS2_PLACEMENT_3D('',#14039,#10225,#10226);
#9039=AXIS2_PLACEMENT_3D('',#14043,#10229,#10230);
#9040=AXIS2_PLACEMENT_3D('',#14047,#10233,#10234);
#9041=AXIS2_PLACEMENT_3D('',#14077,#10239,#10240);
#9042=AXIS2_PLACEMENT_3D('',#14080,#10242,#10243);
#9043=AXIS2_PLACEMENT_3D('',#14081,#10244,#10245);
#9044=AXIS2_PLACEMENT_3D('',#14083,#10247,#10248);
#9045=AXIS2_PLACEMENT_3D('',#14084,#10249,#10250);
#9046=AXIS2_PLACEMENT_3D('',#14090,#10254,#10255);
#9047=AXIS2_PLACEMENT_3D('',#14094,#10258,#10259);
#9048=AXIS2_PLACEMENT_3D('',#14111,#10263,#10264);
#9049=AXIS2_PLACEMENT_3D('',#14114,#10266,#10267);
#9050=AXIS2_PLACEMENT_3D('',#14115,#10268,#10269);
#9051=AXIS2_PLACEMENT_3D('',#14118,#10271,#10272);
#9052=AXIS2_PLACEMENT_3D('',#14119,#10273,#10274);
#9053=AXIS2_PLACEMENT_3D('',#14123,#10277,#10278);
#9054=AXIS2_PLACEMENT_3D('',#14126,#10280,#10281);
#9055=AXIS2_PLACEMENT_3D('',#14153,#10284,#10285);
#9056=AXIS2_PLACEMENT_3D('',#14157,#10288,#10289);
#9057=AXIS2_PLACEMENT_3D('',#14161,#10292,#10293);
#9058=AXIS2_PLACEMENT_3D('',#14165,#10296,#10297);
#9059=AXIS2_PLACEMENT_3D('',#14168,#10299,#10300);
#9060=AXIS2_PLACEMENT_3D('',#14169,#10301,#10302);
#9061=AXIS2_PLACEMENT_3D('',#14186,#10306,#10307);
#9062=AXIS2_PLACEMENT_3D('',#14188,#10309,#10310);
#9063=AXIS2_PLACEMENT_3D('',#14311,#10319,#10320);
#9064=AXIS2_PLACEMENT_3D('',#14345,#10327,#10328);
#9065=AXIS2_PLACEMENT_3D('',#14362,#10332,#10333);
#9066=AXIS2_PLACEMENT_3D('',#14366,#10336,#10337);
#9067=AXIS2_PLACEMENT_3D('',#14370,#10340,#10341);
#9068=AXIS2_PLACEMENT_3D('',#14374,#10344,#10345);
#9069=AXIS2_PLACEMENT_3D('',#14378,#10348,#10349);
#9070=AXIS2_PLACEMENT_3D('',#14382,#10352,#10353);
#9071=AXIS2_PLACEMENT_3D('',#14450,#10359,#10360);
#9072=AXIS2_PLACEMENT_3D('',#14451,#10361,#10362);
#9073=AXIS2_PLACEMENT_3D('',#14480,#10366,#10367);
#9074=AXIS2_PLACEMENT_3D('',#14483,#10369,#10370);
#9075=AXIS2_PLACEMENT_3D('',#14484,#10371,#10372);
#9076=AXIS2_PLACEMENT_3D('',#14488,#10375,#10376);
#9077=AXIS2_PLACEMENT_3D('',#14491,#10378,#10379);
#9078=AXIS2_PLACEMENT_3D('',#14492,#10380,#10381);
#9079=AXIS2_PLACEMENT_3D('',#14495,#10383,#10384);
#9080=AXIS2_PLACEMENT_3D('',#14522,#10387,#10388);
#9081=AXIS2_PLACEMENT_3D('',#14526,#10391,#10392);
#9082=AXIS2_PLACEMENT_3D('',#14636,#10403,#10404);
#9083=AXIS2_PLACEMENT_3D('',#14667,#10408,#10409);
#9084=AXIS2_PLACEMENT_3D('',#14668,#10410,#10411);
#9085=AXIS2_PLACEMENT_3D('',#14669,#10412,#10413);
#9086=AXIS2_PLACEMENT_3D('',#14675,#10417,#10418);
#9087=AXIS2_PLACEMENT_3D('',#14718,#10424,#10425);
#9088=AXIS2_PLACEMENT_3D('',#14722,#10428,#10429);
#9089=AXIS2_PLACEMENT_3D('',#14739,#10433,#10434);
#9090=AXIS2_PLACEMENT_3D('',#14743,#10437,#10438);
#9091=AXIS2_PLACEMENT_3D('',#14747,#10441,#10442);
#9092=AXIS2_PLACEMENT_3D('',#14751,#10445,#10446);
#9093=AXIS2_PLACEMENT_3D('',#14755,#10449,#10450);
#9094=AXIS2_PLACEMENT_3D('',#14798,#10456,#10457);
#9095=AXIS2_PLACEMENT_3D('',#14800,#10459,#10460);
#9096=AXIS2_PLACEMENT_3D('',#14801,#10461,#10462);
#9097=AXIS2_PLACEMENT_3D('',#14807,#10466,#10467);
#9098=AXIS2_PLACEMENT_3D('',#14811,#10470,#10471);
#9099=AXIS2_PLACEMENT_3D('',#14815,#10474,#10475);
#9100=AXIS2_PLACEMENT_3D('',#14819,#10478,#10479);
#9101=AXIS2_PLACEMENT_3D('',#14822,#10481,#10482);
#9102=AXIS2_PLACEMENT_3D('',#14823,#10483,#10484);
#9103=AXIS2_PLACEMENT_3D('',#14826,#10486,#10487);
#9104=AXIS2_PLACEMENT_3D('',#14827,#10488,#10489);
#9105=AXIS2_PLACEMENT_3D('',#14831,#10492,#10493);
#9106=AXIS2_PLACEMENT_3D('',#14835,#10496,#10497);
#9107=AXIS2_PLACEMENT_3D('',#14839,#10500,#10501);
#9108=AXIS2_PLACEMENT_3D('',#14843,#10504,#10505);
#9109=AXIS2_PLACEMENT_3D('',#14847,#10508,#10509);
#9110=AXIS2_PLACEMENT_3D('',#14851,#10512,#10513);
#9111=AXIS2_PLACEMENT_3D('',#14855,#10516,#10517);
#9112=AXIS2_PLACEMENT_3D('',#14859,#10520,#10521);
#9113=AXIS2_PLACEMENT_3D('',#14863,#10524,#10525);
#9114=AXIS2_PLACEMENT_3D('',#14867,#10528,#10529);
#9115=AXIS2_PLACEMENT_3D('',#14884,#10533,#10534);
#9116=AXIS2_PLACEMENT_3D('',#14886,#10536,#10537);
#9117=AXIS2_PLACEMENT_3D('',#14887,#10538,#10539);
#9118=AXIS2_PLACEMENT_3D('',#14896,#10544,#10545);
#9119=AXIS2_PLACEMENT_3D('',#14970,#10553,#10554);
#9120=AXIS2_PLACEMENT_3D('',#14976,#10558,#10559);
#9121=AXIS2_PLACEMENT_3D('',#14980,#10562,#10563);
#9122=AXIS2_PLACEMENT_3D('',#15023,#10569,#10570);
#9123=AXIS2_PLACEMENT_3D('',#15053,#10575,#10576);
#9124=AXIS2_PLACEMENT_3D('',#15057,#10579,#10580);
#9125=AXIS2_PLACEMENT_3D('',#15139,#10589,#10590);
#9126=AXIS2_PLACEMENT_3D('',#15155,#10592,#10593);
#9127=AXIS2_PLACEMENT_3D('',#15156,#10594,#10595);
#9128=AXIS2_PLACEMENT_3D('',#15279,#10604,#10605);
#9129=AXIS2_PLACEMENT_3D('',#15313,#10612,#10613);
#9130=AXIS2_PLACEMENT_3D('',#15317,#10616,#10617);
#9131=AXIS2_PLACEMENT_3D('',#15321,#10620,#10621);
#9132=AXIS2_PLACEMENT_3D('',#15325,#10624,#10625);
#9133=AXIS2_PLACEMENT_3D('',#15329,#10628,#10629);
#9134=AXIS2_PLACEMENT_3D('',#15333,#10632,#10633);
#9135=AXIS2_PLACEMENT_3D('',#15350,#10637,#10638);
#9136=AXIS2_PLACEMENT_3D('',#15418,#10644,#10645);
#9137=AXIS2_PLACEMENT_3D('',#15419,#10646,#10647);
#9138=DIRECTION('',(0.,0.,1.));
#9139=DIRECTION('',(1.,0.,0.));
#9140=DIRECTION('',(0.,0.,-1.));
#9141=DIRECTION('',(-1.,0.,0.));
#9142=DIRECTION('',(-1.,0.,0.));
#9143=DIRECTION('',(0.,1.,0.));
#9144=DIRECTION('',(-1.,0.,0.));
#9145=DIRECTION('',(0.,1.,0.));
#9146=DIRECTION('',(-1.,0.,0.));
#9147=DIRECTION('',(0.,1.,0.));
#9148=DIRECTION('',(-1.,0.,0.));
#9149=DIRECTION('',(0.,1.,0.));
#9150=DIRECTION('',(-1.,0.,0.));
#9151=DIRECTION('',(0.,1.,0.));
#9152=DIRECTION('',(-1.,0.,0.));
#9153=DIRECTION('',(0.,1.,0.));
#9154=DIRECTION('',(1.,0.,0.));
#9155=DIRECTION('',(0.,0.,-1.));
#9156=DIRECTION('',(0.,0.,-1.));
#9157=DIRECTION('',(0.,1.,0.));
#9158=DIRECTION('',(0.,0.,-1.));
#9159=DIRECTION('',(0.,0.,-1.));
#9160=DIRECTION('',(0.,1.,0.));
#9161=DIRECTION('',(0.,0.,-1.));
#9162=DIRECTION('',(0.,0.,-1.));
#9163=DIRECTION('',(0.,1.,0.));
#9164=DIRECTION('',(0.,0.,-1.));
#9165=DIRECTION('',(1.,0.,0.));
#9166=DIRECTION('',(0.,0.,-1.));
#9167=DIRECTION('',(0.,0.,-1.));
#9168=DIRECTION('',(0.,1.,0.));
#9169=DIRECTION('',(0.,0.,-1.));
#9170=DIRECTION('',(0.,-1.,0.));
#9171=DIRECTION('',(0.,0.,-1.));
#9172=DIRECTION('',(-1.,0.,0.));
#9173=DIRECTION('',(0.,0.,-1.));
#9174=DIRECTION('',(-1.,0.,0.));
#9175=DIRECTION('',(-1.,0.,0.));
#9176=DIRECTION('',(0.,1.,0.));
#9177=DIRECTION('',(-1.,0.,0.));
#9178=DIRECTION('',(1.,0.,0.));
#9179=DIRECTION('',(0.,0.,-1.));
#9180=DIRECTION('',(0.,0.,-1.));
#9181=DIRECTION('',(0.,0.,-1.));
#9182=DIRECTION('',(0.,-1.,0.));
#9183=DIRECTION('',(0.,0.,-1.));
#9184=DIRECTION('',(0.,-1.,0.));
#9185=DIRECTION('',(0.,0.,-1.));
#9186=DIRECTION('',(0.,0.,1.));
#9187=DIRECTION('',(1.,0.,0.));
#9188=DIRECTION('',(-1.,0.,0.));
#9189=DIRECTION('',(0.,1.,0.));
#9190=DIRECTION('',(-1.,0.,0.));
#9191=DIRECTION('',(0.,1.,0.));
#9192=DIRECTION('',(-1.,0.,0.));
#9193=DIRECTION('',(0.,-1.,0.));
#9194=DIRECTION('',(0.,0.,-1.));
#9195=DIRECTION('',(0.,-1.,0.));
#9196=DIRECTION('',(0.,0.,-1.));
#9197=DIRECTION('',(-1.,0.,0.));
#9198=DIRECTION('',(0.,0.,-1.));
#9199=DIRECTION('',(0.,-1.,0.));
#9200=DIRECTION('',(0.,0.,-1.));
#9201=DIRECTION('',(-1.,0.,0.));
#9202=DIRECTION('',(0.,0.,-1.));
#9203=DIRECTION('',(-1.,0.,0.));
#9204=DIRECTION('',(0.,0.,1.));
#9205=DIRECTION('',(0.,1.,0.));
#9206=DIRECTION('',(0.,0.,1.));
#9207=DIRECTION('',(1.,0.,0.));
#9208=DIRECTION('',(0.,-1.,0.));
#9209=DIRECTION('',(0.,0.,-1.));
#9210=DIRECTION('',(1.,0.,0.));
#9211=DIRECTION('',(0.,0.,1.));
#9212=DIRECTION('',(1.,0.,0.));
#9213=DIRECTION('',(0.,0.,-1.));
#9214=DIRECTION('',(-1.,0.,0.));
#9215=DIRECTION('',(-0.376322186835209,0.,0.926488862154083));
#9216=DIRECTION('',(-1.,0.,0.));
#9217=DIRECTION('',(-0.362919553442007,0.,0.931820475053781));
#9218=DIRECTION('',(-1.,0.,0.));
#9219=DIRECTION('',(0.999510468287049,0.,0.0312861596333601));
#9220=DIRECTION('',(0.,0.,1.));
#9221=DIRECTION('',(-0.439385247314072,0.,0.898298727842109));
#9222=DIRECTION('',(0.,0.,-1.));
#9223=DIRECTION('',(-1.,0.,0.));
#9224=DIRECTION('',(-0.293411002333286,0.,0.955986393056814));
#9225=DIRECTION('',(-1.,0.,0.));
#9226=DIRECTION('',(0.,0.,-1.));
#9227=DIRECTION('',(-1.,0.,0.));
#9228=DIRECTION('',(0.,0.,1.));
#9229=DIRECTION('',(1.,0.,0.));
#9230=DIRECTION('',(0.29556490987081,0.,-0.955322659656443));
#9231=DIRECTION('',(1.,0.,0.));
#9232=DIRECTION('',(0.311900834670531,0.,0.950114661149814));
#9233=DIRECTION('',(1.,0.,0.));
#9234=DIRECTION('',(0.,0.,-1.));
#9235=DIRECTION('',(-1.,0.,0.));
#9236=DIRECTION('',(0.,0.,1.));
#9237=DIRECTION('',(0.,1.,0.));
#9238=DIRECTION('',(0.,0.,1.));
#9239=DIRECTION('',(0.,1.,0.));
#9240=DIRECTION('',(0.,0.,1.));
#9241=DIRECTION('',(-1.,0.,0.));
#9242=DIRECTION('',(-0.312721429752431,0.,-0.949844885954331));
#9243=DIRECTION('',(-1.,0.,0.));
#9244=DIRECTION('',(-1.,0.,0.));
#9245=DIRECTION('',(0.,0.,1.));
#9246=DIRECTION('',(0.,0.,-1.));
#9247=DIRECTION('',(-1.,0.,0.));
#9248=DIRECTION('',(0.,0.,1.));
#9249=DIRECTION('',(1.,0.,0.));
#9250=DIRECTION('',(0.,0.,-1.));
#9251=DIRECTION('',(-0.0780529633585779,0.,-0.996949213807275));
#9252=DIRECTION('',(1.,0.,0.));
#9253=DIRECTION('',(0.,0.,-1.));
#9254=DIRECTION('',(0.,0.,-1.));
#9255=DIRECTION('',(-1.,0.,0.));
#9256=DIRECTION('',(0.,1.,0.));
#9257=DIRECTION('',(0.,0.,1.));
#9258=DIRECTION('',(0.,1.,0.));
#9259=DIRECTION('',(0.,0.,1.));
#9260=DIRECTION('',(0.,0.,-1.));
#9261=DIRECTION('',(0.,1.,0.));
#9262=DIRECTION('',(0.,0.,1.));
#9263=DIRECTION('',(-1.,0.,0.));
#9264=DIRECTION('',(-0.384615384615386,0.,-0.923076923076922));
#9265=DIRECTION('',(-1.,0.,0.));
#9266=DIRECTION('',(0.,0.,1.));
#9267=DIRECTION('',(1.,0.,0.));
#9268=DIRECTION('',(0.,0.,-1.));
#9269=DIRECTION('',(1.,0.,0.));
#9270=DIRECTION('',(1.,0.,0.));
#9271=DIRECTION('',(0.317818826537818,0.,-0.948151461264562));
#9272=DIRECTION('',(1.,0.,0.));
#9273=DIRECTION('',(0.,1.,0.));
#9274=DIRECTION('',(0.,0.,1.));
#9275=DIRECTION('',(0.312601790768865,0.,0.94988426684944));
#9276=DIRECTION('',(1.,0.,0.));
#9277=DIRECTION('',(-0.351149478079559,0.,-0.936319413471948));
#9278=DIRECTION('',(0.,1.,0.));
#9279=DIRECTION('',(0.,0.,1.));
#9280=DIRECTION('',(0.,0.,1.));
#9281=DIRECTION('',(0.,1.,0.));
#9282=DIRECTION('',(0.,0.,1.));
#9283=DIRECTION('',(0.,1.,0.));
#9284=DIRECTION('',(0.,0.,1.));
#9285=DIRECTION('',(0.314571644213736,0.,0.949233733416942));
#9286=DIRECTION('',(-0.371482963837671,0.,0.928439770571241));
#9287=DIRECTION('',(0.,0.,1.));
#9288=DIRECTION('',(0.,1.,0.));
#9289=DIRECTION('',(0.,0.,1.));
#9290=DIRECTION('',(0.,0.,1.));
#9291=DIRECTION('',(1.,0.,0.));
#9292=DIRECTION('',(0.,0.,-1.));
#9293=DIRECTION('',(-0.356942580167973,0.,-0.934126326822572));
#9294=DIRECTION('',(0.,1.,0.));
#9295=DIRECTION('',(0.,0.,1.));
#9296=DIRECTION('',(0.,1.,0.));
#9297=DIRECTION('',(0.,0.,1.));
#9298=DIRECTION('',(0.,1.,0.));
#9299=DIRECTION('',(0.,0.,1.));
#9300=DIRECTION('',(0.,1.,0.));
#9301=DIRECTION('',(0.,0.,1.));
#9302=DIRECTION('',(0.,0.,-1.));
#9303=DIRECTION('',(0.,1.,0.));
#9304=DIRECTION('',(0.,0.,1.));
#9305=DIRECTION('',(0.,0.,-1.));
#9306=DIRECTION('',(0.,0.,1.));
#9307=DIRECTION('',(-1.,0.,0.));
#9308=DIRECTION('',(0.,0.,1.));
#9309=DIRECTION('',(0.85460693144028,0.,0.519275449770379));
#9310=DIRECTION('',(0.349174609102215,0.,0.937057678245217));
#9311=DIRECTION('',(1.,0.,0.));
#9312=DIRECTION('',(0.,0.,-1.));
#9313=DIRECTION('',(1.,0.,0.));
#9314=DIRECTION('',(0.,0.,-1.));
#9315=DIRECTION('',(-1.,0.,0.));
#9316=DIRECTION('',(0.,0.,-1.));
#9317=DIRECTION('',(-0.362919553441999,0.,0.931820475053784));
#9318=DIRECTION('',(-1.,0.,0.));
#9319=DIRECTION('',(0.999510468287049,0.,0.0312861596333684));
#9320=DIRECTION('',(0.,0.,1.));
#9321=DIRECTION('',(-0.439385247314072,0.,0.898298727842109));
#9322=DIRECTION('',(0.,0.,-1.));
#9323=DIRECTION('',(-1.,0.,0.));
#9324=DIRECTION('',(-1.,0.,0.));
#9325=DIRECTION('',(-0.24974379126479,0.,0.968311953207585));
#9326=DIRECTION('',(0.,1.,0.));
#9327=DIRECTION('',(0.,0.,1.));
#9328=DIRECTION('',(-0.248813343580183,0.,-0.96855145452188));
#9329=DIRECTION('',(-1.,0.,0.));
#9330=DIRECTION('',(-0.247273108094553,0.,0.968945824085774));
#9331=DIRECTION('',(1.,0.,0.));
#9332=DIRECTION('',(0.228364775521637,0.,-0.973575641283692));
#9333=DIRECTION('',(0.251775490612735,0.,0.967785669622524));
#9334=DIRECTION('',(1.,0.,0.));
#9335=DIRECTION('',(0.251775490612735,0.,-0.967785669622524));
#9336=DIRECTION('',(0.,1.,0.));
#9337=DIRECTION('',(0.,0.,1.));
#9338=DIRECTION('',(0.,1.,0.));
#9339=DIRECTION('',(0.,0.,1.));
#9340=DIRECTION('',(0.,1.,0.));
#9341=DIRECTION('',(0.,0.,1.));
#9342=DIRECTION('',(0.226883947989583,0.,0.973921800836525));
#9343=DIRECTION('',(1.,0.,0.));
#9344=DIRECTION('',(-0.246675658882557,0.,-0.96909809581634));
#9345=DIRECTION('',(0.,0.,-1.));
#9346=DIRECTION('',(-1.,0.,0.));
#9347=DIRECTION('',(0.,1.,0.));
#9348=DIRECTION('',(0.,0.,1.));
#9349=DIRECTION('',(0.,1.,0.));
#9350=DIRECTION('',(0.,0.,1.));
#9351=DIRECTION('',(0.,0.,-1.));
#9352=DIRECTION('',(0.,1.,0.));
#9353=DIRECTION('',(0.,0.,1.));
#9354=DIRECTION('',(-0.0803663030331113,0.,-0.996765397341215));
#9355=DIRECTION('',(0.,0.,-1.));
#9356=DIRECTION('',(-1.,0.,0.));
#9357=DIRECTION('',(0.,0.,1.));
#9358=DIRECTION('',(1.,0.,0.));
#9359=DIRECTION('',(0.233185301027716,0.,-0.972432319179394));
#9360=DIRECTION('',(1.,0.,0.));
#9361=DIRECTION('',(0.,1.,0.));
#9362=DIRECTION('',(0.,0.,1.));
#9363=DIRECTION('',(0.,1.,0.));
#9364=DIRECTION('',(0.,0.,1.));
#9365=DIRECTION('',(-1.,0.,0.));
#9366=DIRECTION('',(0.,0.,1.));
#9367=DIRECTION('',(1.,0.,0.));
#9368=DIRECTION('',(0.,0.,-1.));
#9369=DIRECTION('',(-1.,0.,0.));
#9370=DIRECTION('',(0.,0.,1.));
#9371=DIRECTION('',(0.,0.,-1.));
#9372=DIRECTION('',(-1.,0.,0.));
#9373=DIRECTION('',(0.,0.,1.));
#9374=DIRECTION('',(1.,0.,0.));
#9375=DIRECTION('',(0.,0.,-1.));
#9376=DIRECTION('',(0.,1.,0.));
#9377=DIRECTION('',(0.,0.,1.));
#9378=DIRECTION('',(-0.0780529633585645,0.,-0.996949213807276));
#9379=DIRECTION('',(1.,0.,0.));
#9380=DIRECTION('',(0.,0.,-1.));
#9381=DIRECTION('',(0.,0.,1.));
#9382=DIRECTION('',(0.,1.,0.));
#9383=DIRECTION('',(0.,0.,1.));
#9384=DIRECTION('',(0.,0.,1.));
#9385=DIRECTION('',(1.,0.,0.));
#9386=DIRECTION('',(0.,0.,-1.));
#9387=DIRECTION('',(-0.275289188530437,0.,0.961361463071125));
#9388=DIRECTION('',(-1.,0.,0.));
#9389=DIRECTION('',(0.,0.,1.));
#9390=DIRECTION('',(1.,0.,0.));
#9391=DIRECTION('',(0.,0.,-1.));
#9392=DIRECTION('',(0.,0.,1.));
#9393=DIRECTION('',(1.,0.,0.));
#9394=DIRECTION('',(0.,0.,-1.));
#9395=DIRECTION('',(-1.,0.,0.));
#9396=DIRECTION('',(-0.362919553442004,0.,0.931820475053782));
#9397=DIRECTION('',(-1.,0.,0.));
#9398=DIRECTION('',(0.999510468287049,0.,0.0312861596333601));
#9399=DIRECTION('',(0.,0.,1.));
#9400=DIRECTION('',(-0.439385247314075,0.,0.898298727842108));
#9401=DIRECTION('',(0.,0.,-1.));
#9402=DIRECTION('',(-1.,0.,0.));
#9403=DIRECTION('',(0.,1.,0.));
#9404=DIRECTION('',(0.,0.,1.));
#9405=DIRECTION('',(-0.0803663030331006,0.,-0.996765397341216));
#9406=DIRECTION('',(0.,1.,0.));
#9407=DIRECTION('',(0.,0.,1.));
#9408=DIRECTION('',(0.,0.,-1.));
#9409=DIRECTION('',(-1.,0.,0.));
#9410=DIRECTION('',(0.,0.,1.));
#9411=DIRECTION('',(1.,0.,0.));
#9412=DIRECTION('',(0.233185301027713,0.,-0.972432319179394));
#9413=DIRECTION('',(1.,0.,0.));
#9414=DIRECTION('',(0.,1.,0.));
#9415=DIRECTION('',(0.,0.,1.));
#9416=DIRECTION('',(0.,1.,0.));
#9417=DIRECTION('',(0.,0.,1.));
#9418=DIRECTION('',(0.,0.,1.));
#9419=DIRECTION('',(0.,1.,0.));
#9420=DIRECTION('',(0.,0.,1.));
#9421=DIRECTION('',(0.,1.,0.));
#9422=DIRECTION('',(0.,0.,1.));
#9423=DIRECTION('',(0.,1.,0.));
#9424=DIRECTION('',(0.,0.,1.));
#9425=DIRECTION('',(0.,1.,0.));
#9426=DIRECTION('',(0.,0.,1.));
#9427=DIRECTION('',(-0.382351792726299,0.,-0.924016832421891));
#9428=DIRECTION('',(0.,1.,0.));
#9429=DIRECTION('',(0.,0.,1.));
#9430=DIRECTION('',(0.,1.,0.));
#9431=DIRECTION('',(0.,0.,1.));
#9432=DIRECTION('',(-1.,0.,0.));
#9433=DIRECTION('',(0.,0.,1.));
#9434=DIRECTION('',(1.,0.,0.));
#9435=DIRECTION('',(0.,0.,-1.));
#9436=DIRECTION('',(-1.,0.,0.));
#9437=DIRECTION('',(0.,0.,-1.));
#9438=DIRECTION('',(1.,0.,0.));
#9439=DIRECTION('',(0.,0.,-1.));
#9440=DIRECTION('',(-1.,0.,0.));
#9441=DIRECTION('',(0.,0.,-1.));
#9442=DIRECTION('',(-1.,0.,0.));
#9443=DIRECTION('',(0.,0.,-1.));
#9444=DIRECTION('',(-1.,0.,0.));
#9445=DIRECTION('',(0.,0.,-1.));
#9446=DIRECTION('',(0.,0.,-1.));
#9447=DIRECTION('',(-1.,0.,0.));
#9448=DIRECTION('',(0.,0.,-1.));
#9449=DIRECTION('',(0.,0.,1.));
#9450=DIRECTION('',(1.,0.,0.));
#9451=DIRECTION('',(0.,1.,0.));
#9452=DIRECTION('',(-1.,0.,0.));
#9453=DIRECTION('',(0.,1.,0.));
#9454=DIRECTION('',(-1.,0.,0.));
#9455=DIRECTION('',(0.,0.,1.));
#9456=DIRECTION('',(0.,1.,0.));
#9457=DIRECTION('',(0.,0.,-1.));
#9458=DIRECTION('',(0.,1.,0.));
#9459=DIRECTION('',(0.,1.,0.));
#9460=DIRECTION('',(0.,0.,-1.));
#9461=DIRECTION('',(0.,1.,0.));
#9462=DIRECTION('',(0.,0.,-1.));
#9463=DIRECTION('',(0.,-1.,0.));
#9464=DIRECTION('',(0.,0.,-1.));
#9465=DIRECTION('',(-1.,0.,0.));
#9466=DIRECTION('',(0.,0.,-1.));
#9467=DIRECTION('',(0.,0.,-1.));
#9468=DIRECTION('',(0.,0.,-1.));
#9469=DIRECTION('',(-1.,0.,0.));
#9470=DIRECTION('',(-1.,0.,0.));
#9471=DIRECTION('',(0.,0.,1.));
#9472=DIRECTION('',(0.,1.,0.));
#9473=DIRECTION('',(0.,0.,1.));
#9474=DIRECTION('',(1.,0.,0.));
#9475=DIRECTION('',(0.,1.,0.));
#9476=DIRECTION('',(0.,1.,0.));
#9477=DIRECTION('',(-1.,0.,0.));
#9478=DIRECTION('',(0.,-1.,0.));
#9479=DIRECTION('',(-1.,0.,0.));
#9480=DIRECTION('',(0.,0.,1.));
#9481=DIRECTION('',(1.,0.,0.));
#9482=DIRECTION('',(0.,-1.,0.));
#9483=DIRECTION('',(0.,0.,-1.));
#9484=DIRECTION('',(-1.,0.,0.));
#9485=DIRECTION('',(0.,0.,-1.));
#9486=DIRECTION('',(-1.,0.,0.));
#9487=DIRECTION('',(0.,-1.,0.));
#9488=DIRECTION('',(0.,0.,-1.));
#9489=DIRECTION('',(-1.,0.,0.));
#9490=DIRECTION('',(-1.,0.,0.));
#9491=DIRECTION('',(0.,0.,-1.));
#9492=DIRECTION('',(-1.,0.,0.));
#9493=DIRECTION('',(0.,0.,1.));
#9494=DIRECTION('',(0.,1.,0.));
#9495=DIRECTION('',(0.,1.,0.));
#9496=DIRECTION('',(0.,0.,1.));
#9497=DIRECTION('',(1.,0.,0.));
#9498=DIRECTION('',(0.,0.,1.));
#9499=DIRECTION('',(1.,0.,0.));
#9500=DIRECTION('',(-1.,0.,0.));
#9501=DIRECTION('',(0.,0.,1.));
#9502=DIRECTION('',(0.,1.,0.));
#9503=DIRECTION('',(0.,0.,-1.));
#9504=DIRECTION('',(0.,0.,-1.));
#9505=DIRECTION('',(-1.,0.,0.));
#9506=DIRECTION('',(0.,0.,1.));
#9507=DIRECTION('',(0.,-1.,0.));
#9508=DIRECTION('',(0.,0.,-1.));
#9509=DIRECTION('',(0.,0.,-1.));
#9510=DIRECTION('',(-1.,0.,0.));
#9511=DIRECTION('',(0.,-1.,0.));
#9512=DIRECTION('',(0.,0.,-1.));
#9513=DIRECTION('',(-1.,0.,0.));
#9514=DIRECTION('',(0.,0.,-1.));
#9515=DIRECTION('',(-1.,0.,0.));
#9516=DIRECTION('',(0.,0.,1.));
#9517=DIRECTION('',(0.,1.,0.));
#9518=DIRECTION('',(0.,0.,1.));
#9519=DIRECTION('',(1.,0.,0.));
#9520=DIRECTION('',(0.,0.,-1.));
#9521=DIRECTION('',(-1.,0.,0.));
#9522=DIRECTION('',(0.,1.,0.));
#9523=DIRECTION('',(-1.,0.,0.));
#9524=DIRECTION('',(0.,1.,0.));
#9525=DIRECTION('',(1.,0.,0.));
#9526=DIRECTION('',(0.,0.,-1.));
#9527=DIRECTION('',(0.,1.,0.));
#9528=DIRECTION('',(0.,0.,-1.));
#9529=DIRECTION('',(0.,0.,-1.));
#9530=DIRECTION('',(-1.,0.,0.));
#9531=DIRECTION('',(0.,1.,0.));
#9532=DIRECTION('',(-1.,0.,0.));
#9533=DIRECTION('',(1.,0.,0.));
#9534=DIRECTION('',(0.,0.,-1.));
#9535=DIRECTION('',(0.,1.,0.));
#9536=DIRECTION('',(0.,0.,-1.));
#9537=DIRECTION('',(0.,0.,1.));
#9538=DIRECTION('',(1.,0.,0.));
#9539=DIRECTION('',(0.,1.,0.));
#9540=DIRECTION('',(1.,0.,0.));
#9541=DIRECTION('',(1.,0.,0.));
#9542=DIRECTION('',(0.,0.,-1.));
#9543=DIRECTION('',(0.,1.,0.));
#9544=DIRECTION('',(0.,0.,-1.));
#9545=DIRECTION('',(0.,0.,-1.));
#9546=DIRECTION('',(-1.,0.,0.));
#9547=DIRECTION('',(0.,1.,0.));
#9548=DIRECTION('',(-1.,0.,0.));
#9549=DIRECTION('',(1.,0.,0.));
#9550=DIRECTION('',(0.,0.,-1.));
#9551=DIRECTION('',(0.,1.,0.));
#9552=DIRECTION('',(0.,0.,-1.));
#9553=DIRECTION('',(0.,0.,1.));
#9554=DIRECTION('',(1.,0.,0.));
#9555=DIRECTION('',(0.,1.,0.));
#9556=DIRECTION('',(1.,0.,0.));
#9557=DIRECTION('',(-1.,0.,0.));
#9558=DIRECTION('',(0.,0.,1.));
#9559=DIRECTION('',(0.,0.,1.));
#9560=DIRECTION('',(0.,-1.,0.));
#9561=DIRECTION('',(1.,0.,0.));
#9562=DIRECTION('',(0.,1.,0.));
#9563=DIRECTION('',(0.,1.,0.));
#9564=DIRECTION('',(0.,1.,0.));
#9565=DIRECTION('',(0.,1.,0.));
#9566=DIRECTION('',(0.,1.,0.));
#9567=DIRECTION('',(0.,1.,0.));
#9568=DIRECTION('',(0.,1.,0.));
#9569=DIRECTION('',(-0.964670994081435,0.,-0.263457535815426));
#9570=DIRECTION('',(0.,1.,0.));
#9571=DIRECTION('',(0.,1.,0.));
#9572=DIRECTION('',(0.,0.,1.));
#9573=DIRECTION('',(0.,1.,0.));
#9574=DIRECTION('',(0.,1.,0.));
#9575=DIRECTION('',(0.,1.,0.));
#9576=DIRECTION('',(0.124292052083274,0.,0.992245678140716));
#9577=DIRECTION('',(0.,1.,0.));
#9578=DIRECTION('',(0.,1.,0.));
#9579=DIRECTION('',(0.,0.,1.));
#9580=DIRECTION('',(0.,1.,0.));
#9581=DIRECTION('',(0.924016832421891,0.,-0.382351792726299));
#9582=DIRECTION('',(-0.382351792726299,0.,-0.924016832421891));
#9583=DIRECTION('',(0.,1.,0.));
#9584=DIRECTION('',(-0.382351792726299,0.,-0.924016832421891));
#9585=DIRECTION('',(0.,1.,0.));
#9586=DIRECTION('',(0.32893163361221,0.,0.944353736906464));
#9587=DIRECTION('',(0.,1.,0.));
#9588=DIRECTION('',(0.,1.,0.));
#9589=DIRECTION('',(0.,0.,1.));
#9590=DIRECTION('',(0.,1.,0.));
#9591=DIRECTION('',(0.124022271437093,0.,0.99227943452819));
#9592=DIRECTION('',(0.,1.,0.));
#9593=DIRECTION('',(0.,1.,0.));
#9594=DIRECTION('',(0.,0.,1.));
#9595=DIRECTION('',(0.,1.,0.));
#9596=DIRECTION('',(0.,1.,0.));
#9597=DIRECTION('',(0.,1.,0.));
#9598=DIRECTION('',(0.,1.,0.));
#9599=DIRECTION('',(-0.784066207945111,0.,-0.620677195938898));
#9600=DIRECTION('',(0.,1.,0.));
#9601=DIRECTION('',(0.,1.,0.));
#9602=DIRECTION('',(0.,0.,1.));
#9603=DIRECTION('',(0.,1.,0.));
#9604=DIRECTION('',(0.,1.,0.));
#9605=DIRECTION('',(0.,1.,0.));
#9606=DIRECTION('',(0.,1.,0.));
#9607=DIRECTION('',(0.953477892045985,0.,0.301462948601557));
#9608=DIRECTION('',(0.,1.,0.));
#9609=DIRECTION('',(0.,1.,0.));
#9610=DIRECTION('',(0.,0.,1.));
#9611=DIRECTION('',(0.,1.,0.));
#9612=DIRECTION('',(0.,1.,0.));
#9613=DIRECTION('',(0.,1.,0.));
#9614=DIRECTION('',(0.,1.,0.));
#9615=DIRECTION('',(-1.,0.,0.));
#9616=DIRECTION('',(0.,0.,1.));
#9617=DIRECTION('',(0.,1.,0.));
#9618=DIRECTION('',(0.,0.,1.));
#9619=DIRECTION('',(0.,1.,0.));
#9620=DIRECTION('',(0.,-1.,0.));
#9621=DIRECTION('',(1.,0.,0.));
#9622=DIRECTION('',(0.,1.,0.));
#9623=DIRECTION('',(0.0932563574353641,0.,0.995642130385154));
#9624=DIRECTION('',(0.,1.,0.));
#9625=DIRECTION('',(0.,1.,0.));
#9626=DIRECTION('',(0.,0.,1.));
#9627=DIRECTION('',(0.,1.,0.));
#9628=DIRECTION('',(0.,1.,0.));
#9629=DIRECTION('',(-0.285248522819435,0.,0.958453587937011));
#9630=DIRECTION('',(0.,1.,0.));
#9631=DIRECTION('',(0.,1.,0.));
#9632=DIRECTION('',(0.,0.,1.));
#9633=DIRECTION('',(0.,1.,0.));
#9634=DIRECTION('',(-0.732357566087581,0.,0.680920256266675));
#9635=DIRECTION('',(0.,1.,0.));
#9636=DIRECTION('',(0.,1.,0.));
#9637=DIRECTION('',(0.,0.,1.));
#9638=DIRECTION('',(0.,0.,1.));
#9639=DIRECTION('',(1.,0.,0.));
#9640=DIRECTION('',(0.,1.,0.));
#9641=DIRECTION('',(1.,0.,0.));
#9642=DIRECTION('',(0.972432319179394,0.,0.233185301027713));
#9643=DIRECTION('',(0.233185301027713,0.,-0.972432319179394));
#9644=DIRECTION('',(0.,1.,0.));
#9645=DIRECTION('',(0.233185301027713,0.,-0.972432319179394));
#9646=DIRECTION('',(0.,0.,1.));
#9647=DIRECTION('',(1.,0.,0.));
#9648=DIRECTION('',(0.,1.,0.));
#9649=DIRECTION('',(1.,0.,0.));
#9650=DIRECTION('',(-1.,0.,0.));
#9651=DIRECTION('',(0.,0.,1.));
#9652=DIRECTION('',(0.,1.,0.));
#9653=DIRECTION('',(0.,0.,1.));
#9654=DIRECTION('',(0.,0.,-1.));
#9655=DIRECTION('',(-1.,0.,0.));
#9656=DIRECTION('',(0.,1.,0.));
#9657=DIRECTION('',(-1.,0.,0.));
#9658=DIRECTION('',(1.,0.,0.));
#9659=DIRECTION('',(0.,0.,-1.));
#9660=DIRECTION('',(0.,1.,0.));
#9661=DIRECTION('',(0.,0.,-1.));
#9662=DIRECTION('',(0.,1.,0.));
#9663=DIRECTION('',(0.,1.,0.));
#9664=DIRECTION('',(0.,1.,0.));
#9665=DIRECTION('',(0.116323043273713,0.,0.993211432477266));
#9666=DIRECTION('',(0.,1.,0.));
#9667=DIRECTION('',(0.,1.,0.));
#9668=DIRECTION('',(0.,0.,1.));
#9669=DIRECTION('',(0.996765397341216,0.,-0.0803663030331006));
#9670=DIRECTION('',(-0.0803663030331006,0.,-0.996765397341216));
#9671=DIRECTION('',(-0.0803663030331006,0.,-0.996765397341216));
#9672=DIRECTION('',(0.,-1.,0.));
#9673=DIRECTION('',(1.,0.,0.));
#9674=DIRECTION('',(0.0352085090706967,0.,-0.999379988237216));
#9675=DIRECTION('',(-0.999379988237217,0.,-0.0352085090706967));
#9676=DIRECTION('',(-0.999379988237216,0.,-0.0352085090706967));
#9677=DIRECTION('',(0.,1.,0.));
#9678=DIRECTION('',(-0.999379988237216,0.,-0.0352085090706967));
#9679=DIRECTION('',(0.,1.,0.));
#9680=DIRECTION('',(-1.,0.,0.));
#9681=DIRECTION('',(0.,0.,1.));
#9682=DIRECTION('',(0.,0.,1.));
#9683=DIRECTION('',(0.,1.,0.));
#9684=DIRECTION('',(0.,0.,1.));
#9685=DIRECTION('',(0.,1.,0.));
#9686=DIRECTION('',(0.,1.,0.));
#9687=DIRECTION('',(0.,1.,0.));
#9688=DIRECTION('',(0.,1.,0.));
#9689=DIRECTION('',(-0.931820475053782,0.,-0.362919553442004));
#9690=DIRECTION('',(-0.362919553442004,0.,0.931820475053782));
#9691=DIRECTION('',(0.,1.,0.));
#9692=DIRECTION('',(-0.362919553442004,0.,0.931820475053782));
#9693=DIRECTION('',(0.,1.,0.));
#9694=DIRECTION('',(0.,0.,-1.));
#9695=DIRECTION('',(-1.,0.,0.));
#9696=DIRECTION('',(0.,1.,0.));
#9697=DIRECTION('',(-1.,0.,0.));
#9698=DIRECTION('',(1.,0.,0.));
#9699=DIRECTION('',(0.,0.,-1.));
#9700=DIRECTION('',(0.,1.,0.));
#9701=DIRECTION('',(0.,0.,-1.));
#9702=DIRECTION('',(0.,1.,0.));
#9703=DIRECTION('',(0.,1.,0.));
#9704=DIRECTION('',(0.,1.,0.));
#9705=DIRECTION('',(-0.898298727842108,0.,-0.439385247314075));
#9706=DIRECTION('',(-0.439385247314075,0.,0.898298727842108));
#9707=DIRECTION('',(0.,1.,0.));
#9708=DIRECTION('',(-0.439385247314075,0.,0.898298727842108));
#9709=DIRECTION('',(0.,1.,0.));
#9710=DIRECTION('',(0.,1.,0.));
#9711=DIRECTION('',(-1.,0.,0.));
#9712=DIRECTION('',(0.,0.,1.));
#9713=DIRECTION('',(0.,1.,0.));
#9714=DIRECTION('',(0.,0.,1.));
#9715=DIRECTION('',(-0.0312861596333601,0.,0.999510468287049));
#9716=DIRECTION('',(0.999510468287049,0.,0.0312861596333601));
#9717=DIRECTION('',(0.,1.,0.));
#9718=DIRECTION('',(0.999510468287049,0.,0.0312861596333601));
#9719=DIRECTION('',(0.,1.,0.));
#9720=DIRECTION('',(0.,1.,0.));
#9721=DIRECTION('',(0.,1.,0.));
#9722=DIRECTION('',(0.,1.,0.));
#9723=DIRECTION('',(0.,1.,0.));
#9724=DIRECTION('',(0.,1.,0.));
#9725=DIRECTION('',(0.,0.,-1.));
#9726=DIRECTION('',(-1.,0.,0.));
#9727=DIRECTION('',(-1.,0.,0.));
#9728=DIRECTION('',(0.,-1.,0.));
#9729=DIRECTION('',(1.,0.,0.));
#9730=DIRECTION('',(0.,-1.,0.));
#9731=DIRECTION('',(0.,0.,-1.));
#9732=DIRECTION('',(-0.961361463071125,0.,-0.275289188530436));
#9733=DIRECTION('',(-0.275289188530437,0.,0.961361463071125));
#9734=DIRECTION('',(0.,1.,0.));
#9735=DIRECTION('',(-0.275289188530437,0.,0.961361463071125));
#9736=DIRECTION('',(0.,1.,0.));
#9737=DIRECTION('',(0.,0.,-1.));
#9738=DIRECTION('',(-1.,0.,0.));
#9739=DIRECTION('',(0.,1.,0.));
#9740=DIRECTION('',(-1.,0.,0.));
#9741=DIRECTION('',(1.,0.,0.));
#9742=DIRECTION('',(0.,0.,-1.));
#9743=DIRECTION('',(0.,1.,0.));
#9744=DIRECTION('',(0.,0.,-1.));
#9745=DIRECTION('',(0.,0.,1.));
#9746=DIRECTION('',(1.,0.,0.));
#9747=DIRECTION('',(0.,1.,0.));
#9748=DIRECTION('',(1.,0.,0.));
#9749=DIRECTION('',(-1.,0.,0.));
#9750=DIRECTION('',(0.,0.,1.));
#9751=DIRECTION('',(0.,1.,0.));
#9752=DIRECTION('',(0.,0.,1.));
#9753=DIRECTION('',(0.,1.,0.));
#9754=DIRECTION('',(0.,1.,0.));
#9755=DIRECTION('',(0.,1.,0.));
#9756=DIRECTION('',(0.,1.,0.));
#9757=DIRECTION('',(1.,0.,0.));
#9758=DIRECTION('',(0.,0.,-1.));
#9759=DIRECTION('',(0.,1.,0.));
#9760=DIRECTION('',(0.,0.,-1.));
#9761=DIRECTION('',(0.,0.,1.));
#9762=DIRECTION('',(1.,0.,0.));
#9763=DIRECTION('',(0.,1.,0.));
#9764=DIRECTION('',(1.,0.,0.));
#9765=DIRECTION('',(-1.,0.,0.));
#9766=DIRECTION('',(0.,0.,1.));
#9767=DIRECTION('',(0.,1.,0.));
#9768=DIRECTION('',(0.,0.,1.));
#9769=DIRECTION('',(0.,1.,0.));
#9770=DIRECTION('',(0.,1.,0.));
#9771=DIRECTION('',(0.,1.,0.));
#9772=DIRECTION('',(0.,1.,0.));
#9773=DIRECTION('',(0.,0.,-1.));
#9774=DIRECTION('',(-1.,0.,0.));
#9775=DIRECTION('',(-1.,0.,0.));
#9776=DIRECTION('',(0.,-1.,0.));
#9777=DIRECTION('',(1.,0.,0.));
#9778=DIRECTION('',(0.,1.,0.));
#9779=DIRECTION('',(0.,1.,0.));
#9780=DIRECTION('',(0.,1.,0.));
#9781=DIRECTION('',(0.,1.,0.));
#9782=DIRECTION('',(1.,0.,0.));
#9783=DIRECTION('',(0.,0.,-1.));
#9784=DIRECTION('',(0.,1.,0.));
#9785=DIRECTION('',(0.,0.,-1.));
#9786=DIRECTION('',(0.,0.,1.));
#9787=DIRECTION('',(1.,0.,0.));
#9788=DIRECTION('',(0.,1.,0.));
#9789=DIRECTION('',(1.,0.,0.));
#9790=DIRECTION('',(-1.,0.,0.));
#9791=DIRECTION('',(0.,0.,1.));
#9792=DIRECTION('',(0.,1.,0.));
#9793=DIRECTION('',(0.,0.,1.));
#9794=DIRECTION('',(0.,1.,0.));
#9795=DIRECTION('',(0.,1.,0.));
#9796=DIRECTION('',(0.,1.,0.));
#9797=DIRECTION('',(-0.133320340418319,0.,-0.991072997730613));
#9798=DIRECTION('',(0.,1.,0.));
#9799=DIRECTION('',(0.,1.,0.));
#9800=DIRECTION('',(0.,0.,1.));
#9801=DIRECTION('',(-1.,0.,0.));
#9802=DIRECTION('',(0.,0.,1.));
#9803=DIRECTION('',(0.,0.,1.));
#9804=DIRECTION('',(0.,-1.,0.));
#9805=DIRECTION('',(1.,0.,0.));
#9806=DIRECTION('',(0.,1.,0.));
#9807=DIRECTION('',(0.,1.,0.));
#9808=DIRECTION('',(0.,1.,0.));
#9809=DIRECTION('',(0.,1.,0.));
#9810=DIRECTION('',(0.,1.,0.));
#9811=DIRECTION('',(0.,-1.,0.));
#9812=DIRECTION('',(1.,0.,0.));
#9813=DIRECTION('',(0.,0.,-1.));
#9814=DIRECTION('',(-1.,0.,0.));
#9815=DIRECTION('',(0.,1.,0.));
#9816=DIRECTION('',(-1.,0.,0.));
#9817=DIRECTION('',(0.,1.,0.));
#9818=DIRECTION('',(1.,0.,0.));
#9819=DIRECTION('',(0.,0.,-1.));
#9820=DIRECTION('',(0.,1.,0.));
#9821=DIRECTION('',(0.,0.,-1.));
#9822=DIRECTION('',(0.,1.,0.));
#9823=DIRECTION('',(0.,1.,0.));
#9824=DIRECTION('',(0.,1.,0.));
#9825=DIRECTION('',(0.,0.,1.));
#9826=DIRECTION('',(1.,0.,0.));
#9827=DIRECTION('',(0.,1.,0.));
#9828=DIRECTION('',(1.,0.,0.));
#9829=DIRECTION('',(0.996949213807276,0.,-0.0780529633585645));
#9830=DIRECTION('',(-0.0780529633585645,0.,-0.996949213807276));
#9831=DIRECTION('',(0.,1.,0.));
#9832=DIRECTION('',(-0.0780529633585645,0.,-0.996949213807276));
#9833=DIRECTION('',(0.,1.,0.));
#9834=DIRECTION('',(0.999299986932907,0.,-0.0374103744420143));
#9835=DIRECTION('',(0.,1.,0.));
#9836=DIRECTION('',(0.,1.,0.));
#9837=DIRECTION('',(0.,0.,1.));
#9838=DIRECTION('',(1.,0.,0.));
#9839=DIRECTION('',(0.,0.,-1.));
#9840=DIRECTION('',(0.,1.,0.));
#9841=DIRECTION('',(0.,0.,-1.));
#9842=DIRECTION('',(0.,0.,1.));
#9843=DIRECTION('',(1.,0.,0.));
#9844=DIRECTION('',(0.,1.,0.));
#9845=DIRECTION('',(1.,0.,0.));
#9846=DIRECTION('',(-1.,0.,0.));
#9847=DIRECTION('',(0.,0.,1.));
#9848=DIRECTION('',(0.,1.,0.));
#9849=DIRECTION('',(0.,0.,1.));
#9850=DIRECTION('',(0.,0.,-1.));
#9851=DIRECTION('',(-1.,0.,0.));
#9852=DIRECTION('',(0.,1.,0.));
#9853=DIRECTION('',(-1.,0.,0.));
#9854=DIRECTION('',(1.,0.,0.));
#9855=DIRECTION('',(0.,0.,-1.));
#9856=DIRECTION('',(0.,1.,0.));
#9857=DIRECTION('',(0.,0.,-1.));
#9858=DIRECTION('',(0.,1.,0.));
#9859=DIRECTION('',(0.,1.,0.));
#9860=DIRECTION('',(0.,1.,0.));
#9861=DIRECTION('',(-1.,0.,0.));
#9862=DIRECTION('',(0.,0.,1.));
#9863=DIRECTION('',(0.,0.,1.));
#9864=DIRECTION('',(0.,-1.,0.));
#9865=DIRECTION('',(1.,0.,0.));
#9866=DIRECTION('',(0.,1.,0.));
#9867=DIRECTION('',(0.,1.,0.));
#9868=DIRECTION('',(0.,1.,0.));
#9869=DIRECTION('',(0.,1.,0.));
#9870=DIRECTION('',(0.,1.,0.));
#9871=DIRECTION('',(0.,-1.,0.));
#9872=DIRECTION('',(1.,0.,0.));
#9873=DIRECTION('',(0.,0.,-1.));
#9874=DIRECTION('',(-1.,0.,0.));
#9875=DIRECTION('',(0.,1.,0.));
#9876=DIRECTION('',(-1.,0.,0.));
#9877=DIRECTION('',(0.,1.,0.));
#9878=DIRECTION('',(1.,0.,0.));
#9879=DIRECTION('',(0.,0.,-1.));
#9880=DIRECTION('',(0.,1.,0.));
#9881=DIRECTION('',(0.,0.,-1.));
#9882=DIRECTION('',(0.,0.,1.));
#9883=DIRECTION('',(1.,0.,0.));
#9884=DIRECTION('',(0.,1.,0.));
#9885=DIRECTION('',(1.,0.,0.));
#9886=DIRECTION('',(-1.,0.,0.));
#9887=DIRECTION('',(0.,0.,1.));
#9888=DIRECTION('',(0.,0.,1.));
#9889=DIRECTION('',(0.,-1.,0.));
#9890=DIRECTION('',(1.,0.,0.));
#9891=DIRECTION('',(0.,1.,0.));
#9892=DIRECTION('',(0.,1.,0.));
#9893=DIRECTION('',(0.,1.,0.));
#9894=DIRECTION('',(-0.285248522819491,0.,0.958453587936995));
#9895=DIRECTION('',(0.,1.,0.));
#9896=DIRECTION('',(0.,1.,0.));
#9897=DIRECTION('',(0.,0.,1.));
#9898=DIRECTION('',(0.,1.,0.));
#9899=DIRECTION('',(-0.732357566087562,0.,0.680920256266696));
#9900=DIRECTION('',(0.,1.,0.));
#9901=DIRECTION('',(0.,1.,0.));
#9902=DIRECTION('',(0.,0.,1.));
#9903=DIRECTION('',(0.,0.,1.));
#9904=DIRECTION('',(1.,0.,0.));
#9905=DIRECTION('',(0.,1.,0.));
#9906=DIRECTION('',(1.,0.,0.));
#9907=DIRECTION('',(0.972432319179394,0.,0.233185301027716));
#9908=DIRECTION('',(0.233185301027716,0.,-0.972432319179394));
#9909=DIRECTION('',(0.,1.,0.));
#9910=DIRECTION('',(0.233185301027716,0.,-0.972432319179394));
#9911=DIRECTION('',(0.,0.,1.));
#9912=DIRECTION('',(1.,0.,0.));
#9913=DIRECTION('',(0.,1.,0.));
#9914=DIRECTION('',(1.,0.,0.));
#9915=DIRECTION('',(-1.,0.,0.));
#9916=DIRECTION('',(0.,0.,1.));
#9917=DIRECTION('',(0.,1.,0.));
#9918=DIRECTION('',(0.,0.,1.));
#9919=DIRECTION('',(0.,0.,-1.));
#9920=DIRECTION('',(-1.,0.,0.));
#9921=DIRECTION('',(0.,1.,0.));
#9922=DIRECTION('',(-1.,0.,0.));
#9923=DIRECTION('',(1.,0.,0.));
#9924=DIRECTION('',(0.,0.,-1.));
#9925=DIRECTION('',(0.,1.,0.));
#9926=DIRECTION('',(0.,0.,-1.));
#9927=DIRECTION('',(0.,1.,0.));
#9928=DIRECTION('',(0.,1.,0.));
#9929=DIRECTION('',(0.,1.,0.));
#9930=DIRECTION('',(0.996765397341215,0.,-0.0803663030331113));
#9931=DIRECTION('',(-0.0803663030331113,0.,-0.996765397341215));
#9932=DIRECTION('',(-0.0803663030331113,0.,-0.996765397341215));
#9933=DIRECTION('',(0.,-1.,0.));
#9934=DIRECTION('',(1.,0.,0.));
#9935=DIRECTION('',(0.,1.,0.));
#9936=DIRECTION('',(0.,1.,0.));
#9937=DIRECTION('',(0.,1.,0.));
#9938=DIRECTION('',(0.,1.,0.));
#9939=DIRECTION('',(0.329701939800474,0.,-0.944085076087852));
#9940=DIRECTION('',(0.,1.,0.));
#9941=DIRECTION('',(0.,1.,0.));
#9942=DIRECTION('',(0.,0.,1.));
#9943=DIRECTION('',(1.,0.,0.));
#9944=DIRECTION('',(0.,0.,-1.));
#9945=DIRECTION('',(0.,1.,0.));
#9946=DIRECTION('',(0.,0.,-1.));
#9947=DIRECTION('',(0.,1.,0.));
#9948=DIRECTION('',(0.333521090645694,0.,-0.94274263831361));
#9949=DIRECTION('',(0.,1.,0.));
#9950=DIRECTION('',(0.,1.,0.));
#9951=DIRECTION('',(0.,0.,1.));
#9952=DIRECTION('',(0.,1.,0.));
#9953=DIRECTION('',(0.110789932971076,0.,-0.993843846261708));
#9954=DIRECTION('',(0.,1.,0.));
#9955=DIRECTION('',(0.,1.,0.));
#9956=DIRECTION('',(0.,0.,1.));
#9957=DIRECTION('',(0.,1.,0.));
#9958=DIRECTION('',(0.,1.,0.));
#9959=DIRECTION('',(0.,0.,-1.));
#9960=DIRECTION('',(-1.,0.,0.));
#9961=DIRECTION('',(0.,1.,0.));
#9962=DIRECTION('',(-1.,0.,0.));
#9963=DIRECTION('',(1.,0.,0.));
#9964=DIRECTION('',(0.,0.,-1.));
#9965=DIRECTION('',(0.,1.,0.));
#9966=DIRECTION('',(0.,0.,-1.));
#9967=DIRECTION('',(0.,1.,0.));
#9968=DIRECTION('',(0.,1.,0.));
#9969=DIRECTION('',(0.,1.,0.));
#9970=DIRECTION('',(0.,1.,0.));
#9971=DIRECTION('',(0.,1.,0.));
#9972=DIRECTION('',(0.,1.,0.));
#9973=DIRECTION('',(0.,1.,0.));
#9974=DIRECTION('',(0.,1.,0.));
#9975=DIRECTION('',(0.,0.,1.));
#9976=DIRECTION('',(1.,0.,0.));
#9977=DIRECTION('',(1.,0.,0.));
#9978=DIRECTION('',(0.,1.,0.));
#9979=DIRECTION('',(1.,0.,0.));
#9980=DIRECTION('',(0.,-1.,0.));
#9981=DIRECTION('',(1.,0.,0.));
#9982=DIRECTION('',(0.,-1.,0.));
#9983=DIRECTION('',(0.,0.,-1.));
#9984=DIRECTION('',(0.,0.,-1.));
#9985=DIRECTION('',(-1.,0.,0.));
#9986=DIRECTION('',(0.,1.,0.));
#9987=DIRECTION('',(-1.,0.,0.));
#9988=DIRECTION('',(0.,1.,0.));
#9989=DIRECTION('',(0.96909809581634,0.,-0.246675658882557));
#9990=DIRECTION('',(-0.246675658882557,0.,-0.96909809581634));
#9991=DIRECTION('',(0.,1.,0.));
#9992=DIRECTION('',(-0.246675658882557,0.,-0.96909809581634));
#9993=DIRECTION('',(0.,0.,1.));
#9994=DIRECTION('',(1.,0.,0.));
#9995=DIRECTION('',(0.,1.,0.));
#9996=DIRECTION('',(1.,0.,0.));
#9997=DIRECTION('',(-0.973921800836525,0.,0.226883947989583));
#9998=DIRECTION('',(0.226883947989583,0.,0.973921800836525));
#9999=DIRECTION('',(0.,1.,0.));
#10000=DIRECTION('',(0.226883947989583,0.,0.973921800836525));
#10001=DIRECTION('',(0.,1.,0.));
#10002=DIRECTION('',(-0.977793758726237,0.,0.209569476298474));
#10003=DIRECTION('',(0.,1.,0.));
#10004=DIRECTION('',(0.,1.,0.));
#10005=DIRECTION('',(0.,0.,1.));
#10006=DIRECTION('',(0.,1.,0.));
#10007=DIRECTION('',(-0.987054635950664,0.,0.160384368466203));
#10008=DIRECTION('',(0.,1.,0.));
#10009=DIRECTION('',(0.,1.,0.));
#10010=DIRECTION('',(0.,0.,1.));
#10011=DIRECTION('',(0.,1.,0.));
#10012=DIRECTION('',(0.987024822951338,0.,0.160567739218934));
#10013=DIRECTION('',(0.,1.,0.));
#10014=DIRECTION('',(0.,1.,0.));
#10015=DIRECTION('',(0.,0.,1.));
#10016=DIRECTION('',(0.,1.,0.));
#10017=DIRECTION('',(0.967785669622524,0.,0.251775490612735));
#10018=DIRECTION('',(0.251775490612735,0.,-0.967785669622524));
#10019=DIRECTION('',(0.,1.,0.));
#10020=DIRECTION('',(0.251775490612735,0.,-0.967785669622524));
#10021=DIRECTION('',(0.,0.,1.));
#10022=DIRECTION('',(1.,0.,0.));
#10023=DIRECTION('',(0.,1.,0.));
#10024=DIRECTION('',(1.,0.,0.));
#10025=DIRECTION('',(-0.967785669622524,0.,0.251775490612735));
#10026=DIRECTION('',(0.251775490612735,0.,0.967785669622524));
#10027=DIRECTION('',(0.,1.,0.));
#10028=DIRECTION('',(0.251775490612735,0.,0.967785669622524));
#10029=DIRECTION('',(0.,1.,0.));
#10030=DIRECTION('',(0.,1.,0.));
#10031=DIRECTION('',(0.,1.,0.));
#10032=DIRECTION('',(0.973575641283692,0.,0.228364775521637));
#10033=DIRECTION('',(0.228364775521637,0.,-0.973575641283692));
#10034=DIRECTION('',(0.,1.,0.));
#10035=DIRECTION('',(0.228364775521637,0.,-0.973575641283692));
#10036=DIRECTION('',(0.,0.,1.));
#10037=DIRECTION('',(1.,0.,0.));
#10038=DIRECTION('',(0.,1.,0.));
#10039=DIRECTION('',(1.,0.,0.));
#10040=DIRECTION('',(-0.968945824085774,0.,-0.247273108094553));
#10041=DIRECTION('',(-0.247273108094553,0.,0.968945824085774));
#10042=DIRECTION('',(0.,1.,0.));
#10043=DIRECTION('',(-0.247273108094553,0.,0.968945824085774));
#10044=DIRECTION('',(0.,0.,-1.));
#10045=DIRECTION('',(-1.,0.,0.));
#10046=DIRECTION('',(0.,1.,0.));
#10047=DIRECTION('',(-1.,0.,0.));
#10048=DIRECTION('',(0.96855145452188,0.,-0.248813343580183));
#10049=DIRECTION('',(-0.248813343580183,0.,-0.96855145452188));
#10050=DIRECTION('',(0.,1.,0.));
#10051=DIRECTION('',(-0.248813343580183,0.,-0.96855145452188));
#10052=DIRECTION('',(0.,1.,0.));
#10053=DIRECTION('',(0.976467578528365,0.,-0.215664248504362));
#10054=DIRECTION('',(0.,1.,0.));
#10055=DIRECTION('',(0.,1.,0.));
#10056=DIRECTION('',(0.,0.,1.));
#10057=DIRECTION('',(0.,1.,0.));
#10058=DIRECTION('',(0.,1.,0.));
#10059=DIRECTION('',(0.,1.,0.));
#10060=DIRECTION('',(-0.968311953207585,0.,-0.24974379126479));
#10061=DIRECTION('',(-0.24974379126479,0.,0.968311953207585));
#10062=DIRECTION('',(-0.24974379126479,0.,0.968311953207585));
#10063=DIRECTION('',(0.,-1.,0.));
#10064=DIRECTION('',(1.,0.,0.));
#10065=DIRECTION('',(0.0352085090706911,0.,-0.999379988237217));
#10066=DIRECTION('',(-0.999379988237217,0.,-0.0352085090706911));
#10067=DIRECTION('',(-0.999379988237217,0.,-0.0352085090706911));
#10068=DIRECTION('',(0.,1.,0.));
#10069=DIRECTION('',(-0.999379988237217,0.,-0.0352085090706911));
#10070=DIRECTION('',(0.,1.,0.));
#10071=DIRECTION('',(-1.,0.,0.));
#10072=DIRECTION('',(0.,0.,1.));
#10073=DIRECTION('',(0.,0.,1.));
#10074=DIRECTION('',(0.,1.,0.));
#10075=DIRECTION('',(0.,0.,1.));
#10076=DIRECTION('',(0.,1.,0.));
#10077=DIRECTION('',(0.,1.,0.));
#10078=DIRECTION('',(0.,1.,0.));
#10079=DIRECTION('',(0.,1.,0.));
#10080=DIRECTION('',(-0.931820475053784,0.,-0.362919553441999));
#10081=DIRECTION('',(-0.362919553441999,0.,0.931820475053784));
#10082=DIRECTION('',(0.,1.,0.));
#10083=DIRECTION('',(-0.362919553441999,0.,0.931820475053784));
#10084=DIRECTION('',(0.,1.,0.));
#10085=DIRECTION('',(0.,0.,-1.));
#10086=DIRECTION('',(-1.,0.,0.));
#10087=DIRECTION('',(0.,1.,0.));
#10088=DIRECTION('',(-1.,0.,0.));
#10089=DIRECTION('',(1.,0.,0.));
#10090=DIRECTION('',(0.,0.,-1.));
#10091=DIRECTION('',(0.,1.,0.));
#10092=DIRECTION('',(0.,0.,-1.));
#10093=DIRECTION('',(0.,1.,0.));
#10094=DIRECTION('',(0.,1.,0.));
#10095=DIRECTION('',(0.,1.,0.));
#10096=DIRECTION('',(-0.898298727842109,0.,-0.439385247314072));
#10097=DIRECTION('',(-0.439385247314072,0.,0.898298727842109));
#10098=DIRECTION('',(0.,1.,0.));
#10099=DIRECTION('',(-0.439385247314072,0.,0.898298727842109));
#10100=DIRECTION('',(0.,1.,0.));
#10101=DIRECTION('',(0.,1.,0.));
#10102=DIRECTION('',(-1.,0.,0.));
#10103=DIRECTION('',(0.,0.,1.));
#10104=DIRECTION('',(0.,1.,0.));
#10105=DIRECTION('',(0.,0.,1.));
#10106=DIRECTION('',(-0.0312861596333684,0.,0.999510468287049));
#10107=DIRECTION('',(0.999510468287049,0.,0.0312861596333684));
#10108=DIRECTION('',(0.,1.,0.));
#10109=DIRECTION('',(0.999510468287049,0.,0.0312861596333684));
#10110=DIRECTION('',(0.,1.,0.));
#10111=DIRECTION('',(0.,1.,0.));
#10112=DIRECTION('',(0.,1.,0.));
#10113=DIRECTION('',(0.,1.,0.));
#10114=DIRECTION('',(0.,1.,0.));
#10115=DIRECTION('',(0.,1.,0.));
#10116=DIRECTION('',(0.,0.,-1.));
#10117=DIRECTION('',(-1.,0.,0.));
#10118=DIRECTION('',(-1.,0.,0.));
#10119=DIRECTION('',(0.,-1.,0.));
#10120=DIRECTION('',(1.,0.,0.));
#10121=DIRECTION('',(0.,-1.,0.));
#10122=DIRECTION('',(0.,0.,-1.));
#10123=DIRECTION('',(0.,1.,0.));
#10124=DIRECTION('',(0.,1.,0.));
#10125=DIRECTION('',(0.,1.,0.));
#10126=DIRECTION('',(0.,1.,0.));
#10127=DIRECTION('',(1.,0.,0.));
#10128=DIRECTION('',(0.,0.,-1.));
#10129=DIRECTION('',(0.,1.,0.));
#10130=DIRECTION('',(0.,0.,-1.));
#10131=DIRECTION('',(0.,0.,-1.));
#10132=DIRECTION('',(-1.,0.,0.));
#10133=DIRECTION('',(0.,1.,0.));
#10134=DIRECTION('',(-1.,0.,0.));
#10135=DIRECTION('',(1.,0.,0.));
#10136=DIRECTION('',(0.,0.,-1.));
#10137=DIRECTION('',(0.,1.,0.));
#10138=DIRECTION('',(0.,0.,-1.));
#10139=DIRECTION('',(0.,0.,1.));
#10140=DIRECTION('',(1.,0.,0.));
#10141=DIRECTION('',(0.,1.,0.));
#10142=DIRECTION('',(1.,0.,0.));
#10143=DIRECTION('',(1.,0.,0.));
#10144=DIRECTION('',(0.,0.,-1.));
#10145=DIRECTION('',(0.,1.,0.));
#10146=DIRECTION('',(0.,0.,-1.));
#10147=DIRECTION('',(0.,0.,1.));
#10148=DIRECTION('',(1.,0.,0.));
#10149=DIRECTION('',(0.,1.,0.));
#10150=DIRECTION('',(1.,0.,0.));
#10151=DIRECTION('',(-0.937057678245217,0.,0.349174609102215));
#10152=DIRECTION('',(0.349174609102215,0.,0.937057678245217));
#10153=DIRECTION('',(0.,1.,0.));
#10154=DIRECTION('',(0.349174609102215,0.,0.937057678245217));
#10155=DIRECTION('',(-0.519275449770379,0.,0.85460693144028));
#10156=DIRECTION('',(0.85460693144028,0.,0.519275449770379));
#10157=DIRECTION('',(0.,1.,0.));
#10158=DIRECTION('',(0.85460693144028,0.,0.519275449770379));
#10159=DIRECTION('',(-1.,0.,0.));
#10160=DIRECTION('',(0.,0.,1.));
#10161=DIRECTION('',(0.,1.,0.));
#10162=DIRECTION('',(0.,0.,1.));
#10163=DIRECTION('',(0.,0.,-1.));
#10164=DIRECTION('',(-1.,0.,0.));
#10165=DIRECTION('',(0.,1.,0.));
#10166=DIRECTION('',(-1.,0.,0.));
#10167=DIRECTION('',(-1.,0.,0.));
#10168=DIRECTION('',(0.,0.,1.));
#10169=DIRECTION('',(0.,1.,0.));
#10170=DIRECTION('',(0.,0.,1.));
#10171=DIRECTION('',(0.,1.,0.));
#10172=DIRECTION('',(0.,1.,0.));
#10173=DIRECTION('',(0.,1.,0.));
#10174=DIRECTION('',(1.,0.,0.));
#10175=DIRECTION('',(0.,0.,-1.));
#10176=DIRECTION('',(0.,0.,-1.));
#10177=DIRECTION('',(0.,-1.,0.));
#10178=DIRECTION('',(1.,0.,0.));
#10179=DIRECTION('',(0.,1.,0.));
#10180=DIRECTION('',(0.,1.,0.));
#10181=DIRECTION('',(0.,1.,0.));
#10182=DIRECTION('',(0.,1.,0.));
#10183=DIRECTION('',(0.39636924804735,0.,-0.918091182400952));
#10184=DIRECTION('',(0.,1.,0.));
#10185=DIRECTION('',(0.,1.,0.));
#10186=DIRECTION('',(0.,0.,1.));
#10187=DIRECTION('',(1.,0.,0.));
#10188=DIRECTION('',(0.,0.,-1.));
#10189=DIRECTION('',(0.,1.,0.));
#10190=DIRECTION('',(0.,0.,-1.));
#10191=DIRECTION('',(0.,1.,0.));
#10192=DIRECTION('',(0.438498068523517,0.,-0.898732131339002));
#10193=DIRECTION('',(0.,1.,0.));
#10194=DIRECTION('',(0.,1.,0.));
#10195=DIRECTION('',(0.,0.,1.));
#10196=DIRECTION('',(0.,1.,0.));
#10197=DIRECTION('',(0.145630804293791,0.,-0.989339006024095));
#10198=DIRECTION('',(0.,1.,0.));
#10199=DIRECTION('',(0.,1.,0.));
#10200=DIRECTION('',(0.,0.,1.));
#10201=DIRECTION('',(0.,1.,0.));
#10202=DIRECTION('',(0.,1.,0.));
#10203=DIRECTION('',(0.,1.,0.));
#10204=DIRECTION('',(0.147044105912426,0.,0.98912993631596));
#10205=DIRECTION('',(0.,1.,0.));
#10206=DIRECTION('',(0.,1.,0.));
#10207=DIRECTION('',(0.,0.,1.));
#10208=DIRECTION('',(0.,1.,0.));
#10209=DIRECTION('',(0.334093205538971,0.,0.94254004159648));
#10210=DIRECTION('',(0.,1.,0.));
#10211=DIRECTION('',(0.,1.,0.));
#10212=DIRECTION('',(0.,0.,1.));
#10213=DIRECTION('',(0.934126326822572,0.,-0.356942580167973));
#10214=DIRECTION('',(-0.356942580167973,0.,-0.934126326822572));
#10215=DIRECTION('',(0.,1.,0.));
#10216=DIRECTION('',(-0.356942580167973,0.,-0.934126326822572));
#10217=DIRECTION('',(0.,1.,0.));
#10218=DIRECTION('',(0.,1.,0.));
#10219=DIRECTION('',(0.,-1.,0.));
#10220=DIRECTION('',(1.,0.,0.));
#10221=DIRECTION('',(0.,1.,0.));
#10222=DIRECTION('',(0.,1.,0.));
#10223=DIRECTION('',(0.,1.,0.));
#10224=DIRECTION('',(0.,1.,0.));
#10225=DIRECTION('',(1.,0.,0.));
#10226=DIRECTION('',(0.,0.,-1.));
#10227=DIRECTION('',(0.,1.,0.));
#10228=DIRECTION('',(0.,0.,-1.));
#10229=DIRECTION('',(0.,0.,1.));
#10230=DIRECTION('',(1.,0.,0.));
#10231=DIRECTION('',(0.,1.,0.));
#10232=DIRECTION('',(1.,0.,0.));
#10233=DIRECTION('',(-1.,0.,0.));
#10234=DIRECTION('',(0.,0.,1.));
#10235=DIRECTION('',(0.,1.,0.));
#10236=DIRECTION('',(0.,0.,1.));
#10237=DIRECTION('',(0.,1.,0.));
#10238=DIRECTION('',(0.,1.,0.));
#10239=DIRECTION('',(0.,1.,0.));
#10240=DIRECTION('',(-0.130294063896187,0.,-0.991475394003006));
#10241=DIRECTION('',(0.,1.,0.));
#10242=DIRECTION('',(0.,1.,0.));
#10243=DIRECTION('',(0.,0.,1.));
#10244=DIRECTION('',(-1.,0.,0.));
#10245=DIRECTION('',(0.,0.,1.));
#10246=DIRECTION('',(0.,0.,1.));
#10247=DIRECTION('',(0.,-1.,0.));
#10248=DIRECTION('',(1.,0.,0.));
#10249=DIRECTION('',(0.,0.,1.));
#10250=DIRECTION('',(1.,0.,0.));
#10251=DIRECTION('',(0.,1.,0.));
#10252=DIRECTION('',(1.,0.,0.));
#10253=DIRECTION('',(0.,1.,0.));
#10254=DIRECTION('',(-0.928439770571241,0.,-0.371482963837671));
#10255=DIRECTION('',(-0.371482963837671,0.,0.928439770571241));
#10256=DIRECTION('',(0.,1.,0.));
#10257=DIRECTION('',(-0.371482963837671,0.,0.928439770571241));
#10258=DIRECTION('',(-0.949233733416942,0.,0.314571644213736));
#10259=DIRECTION('',(0.314571644213736,0.,0.949233733416942));
#10260=DIRECTION('',(0.,1.,0.));
#10261=DIRECTION('',(0.314571644213736,0.,0.949233733416942));
#10262=DIRECTION('',(0.,1.,0.));
#10263=DIRECTION('',(0.,1.,0.));
#10264=DIRECTION('',(0.33302254050841,0.,-0.942918865816844));
#10265=DIRECTION('',(0.,1.,0.));
#10266=DIRECTION('',(0.,1.,0.));
#10267=DIRECTION('',(0.,0.,1.));
#10268=DIRECTION('',(0.,1.,0.));
#10269=DIRECTION('',(-0.111358702155796,0.,-0.993780277251555));
#10270=DIRECTION('',(0.,1.,0.));
#10271=DIRECTION('',(0.,1.,0.));
#10272=DIRECTION('',(0.,0.,1.));
#10273=DIRECTION('',(-1.,0.,0.));
#10274=DIRECTION('',(0.,0.,1.));
#10275=DIRECTION('',(0.,1.,0.));
#10276=DIRECTION('',(0.,0.,1.));
#10277=DIRECTION('',(0.,1.,0.));
#10278=DIRECTION('',(-0.11118102899276,0.,-0.993800170452849));
#10279=DIRECTION('',(0.,1.,0.));
#10280=DIRECTION('',(0.,1.,0.));
#10281=DIRECTION('',(0.,0.,1.));
#10282=DIRECTION('',(0.,1.,0.));
#10283=DIRECTION('',(0.,1.,0.));
#10284=DIRECTION('',(0.936319413471949,0.,-0.351149478079559));
#10285=DIRECTION('',(-0.351149478079559,0.,-0.936319413471949));
#10286=DIRECTION('',(0.,1.,0.));
#10287=DIRECTION('',(-0.351149478079559,0.,-0.936319413471948));
#10288=DIRECTION('',(0.,0.,1.));
#10289=DIRECTION('',(1.,0.,0.));
#10290=DIRECTION('',(0.,1.,0.));
#10291=DIRECTION('',(1.,0.,0.));
#10292=DIRECTION('',(-0.949884266849441,0.,0.312601790768865));
#10293=DIRECTION('',(0.312601790768865,0.,0.949884266849441));
#10294=DIRECTION('',(0.,1.,0.));
#10295=DIRECTION('',(0.312601790768865,0.,0.94988426684944));
#10296=DIRECTION('',(0.,1.,0.));
#10297=DIRECTION('',(-0.976106555636409,0.,0.217292411380671));
#10298=DIRECTION('',(0.,1.,0.));
#10299=DIRECTION('',(0.,1.,0.));
#10300=DIRECTION('',(0.,0.,1.));
#10301=DIRECTION('',(0.,0.,1.));
#10302=DIRECTION('',(1.,0.,0.));
#10303=DIRECTION('',(0.,1.,0.));
#10304=DIRECTION('',(1.,0.,0.));
#10305=DIRECTION('',(0.,1.,0.));
#10306=DIRECTION('',(0.948151461264562,0.,0.317818826537818));
#10307=DIRECTION('',(0.317818826537818,0.,-0.948151461264562));
#10308=DIRECTION('',(0.317818826537818,0.,-0.948151461264562));
#10309=DIRECTION('',(0.,-1.,0.));
#10310=DIRECTION('',(1.,0.,0.));
#10311=DIRECTION('',(0.,1.,0.));
#10312=DIRECTION('',(0.,1.,0.));
#10313=DIRECTION('',(0.,1.,0.));
#10314=DIRECTION('',(0.,1.,0.));
#10315=DIRECTION('',(0.,1.,0.));
#10316=DIRECTION('',(0.,1.,0.));
#10317=DIRECTION('',(0.,1.,0.));
#10318=DIRECTION('',(0.,1.,0.));
#10319=DIRECTION('',(1.,0.,0.));
#10320=DIRECTION('',(0.,0.,-1.));
#10321=DIRECTION('',(0.,0.,-1.));
#10322=DIRECTION('',(0.,1.,0.));
#10323=DIRECTION('',(0.,0.,-1.));
#10324=DIRECTION('',(0.,1.,0.));
#10325=DIRECTION('',(0.,1.,0.));
#10326=DIRECTION('',(0.,1.,0.));
#10327=DIRECTION('',(0.,0.,1.));
#10328=DIRECTION('',(1.,0.,0.));
#10329=DIRECTION('',(0.,1.,0.));
#10330=DIRECTION('',(1.,0.,0.));
#10331=DIRECTION('',(0.,1.,0.));
#10332=DIRECTION('',(1.,0.,0.));
#10333=DIRECTION('',(0.,0.,-1.));
#10334=DIRECTION('',(0.,1.,0.));
#10335=DIRECTION('',(0.,0.,-1.));
#10336=DIRECTION('',(0.,0.,1.));
#10337=DIRECTION('',(1.,0.,0.));
#10338=DIRECTION('',(0.,1.,0.));
#10339=DIRECTION('',(1.,0.,0.));
#10340=DIRECTION('',(-1.,0.,0.));
#10341=DIRECTION('',(0.,0.,1.));
#10342=DIRECTION('',(0.,1.,0.));
#10343=DIRECTION('',(0.,0.,1.));
#10344=DIRECTION('',(0.,0.,-1.));
#10345=DIRECTION('',(-1.,0.,0.));
#10346=DIRECTION('',(0.,1.,0.));
#10347=DIRECTION('',(-1.,0.,0.));
#10348=DIRECTION('',(0.923076923076922,0.,-0.384615384615386));
#10349=DIRECTION('',(-0.384615384615386,0.,-0.923076923076922));
#10350=DIRECTION('',(0.,1.,0.));
#10351=DIRECTION('',(-0.384615384615386,0.,-0.923076923076922));
#10352=DIRECTION('',(0.,0.,-1.));
#10353=DIRECTION('',(-1.,0.,0.));
#10354=DIRECTION('',(0.,1.,0.));
#10355=DIRECTION('',(-1.,0.,0.));
#10356=DIRECTION('',(0.,1.,0.));
#10357=DIRECTION('',(0.,1.,0.));
#10358=DIRECTION('',(0.,1.,0.));
#10359=DIRECTION('',(0.,-1.,0.));
#10360=DIRECTION('',(1.,0.,0.));
#10361=DIRECTION('',(0.,-1.,0.));
#10362=DIRECTION('',(0.,0.,-1.));
#10363=DIRECTION('',(0.,1.,0.));
#10364=DIRECTION('',(0.,1.,0.));
#10365=DIRECTION('',(0.,1.,0.));
#10366=DIRECTION('',(0.,1.,0.));
#10367=DIRECTION('',(0.329701939797609,0.,-0.944085076088852));
#10368=DIRECTION('',(0.,1.,0.));
#10369=DIRECTION('',(0.,1.,0.));
#10370=DIRECTION('',(0.,0.,1.));
#10371=DIRECTION('',(1.,0.,0.));
#10372=DIRECTION('',(0.,0.,-1.));
#10373=DIRECTION('',(0.,1.,0.));
#10374=DIRECTION('',(0.,0.,-1.));
#10375=DIRECTION('',(0.,1.,0.));
#10376=DIRECTION('',(0.333521090645733,0.,-0.942742638313597));
#10377=DIRECTION('',(0.,1.,0.));
#10378=DIRECTION('',(0.,1.,0.));
#10379=DIRECTION('',(0.,0.,1.));
#10380=DIRECTION('',(0.,1.,0.));
#10381=DIRECTION('',(0.110789932971095,0.,-0.993843846261705));
#10382=DIRECTION('',(0.,1.,0.));
#10383=DIRECTION('',(0.,1.,0.));
#10384=DIRECTION('',(0.,0.,1.));
#10385=DIRECTION('',(0.,1.,0.));
#10386=DIRECTION('',(0.,1.,0.));
#10387=DIRECTION('',(0.,0.,-1.));
#10388=DIRECTION('',(-1.,0.,0.));
#10389=DIRECTION('',(0.,1.,0.));
#10390=DIRECTION('',(-1.,0.,0.));
#10391=DIRECTION('',(1.,0.,0.));
#10392=DIRECTION('',(0.,0.,-1.));
#10393=DIRECTION('',(0.,1.,0.));
#10394=DIRECTION('',(0.,0.,-1.));
#10395=DIRECTION('',(0.,1.,0.));
#10396=DIRECTION('',(0.,1.,0.));
#10397=DIRECTION('',(0.,1.,0.));
#10398=DIRECTION('',(0.,1.,0.));
#10399=DIRECTION('',(0.,1.,0.));
#10400=DIRECTION('',(0.,1.,0.));
#10401=DIRECTION('',(0.,1.,0.));
#10402=DIRECTION('',(0.,1.,0.));
#10403=DIRECTION('',(0.,0.,1.));
#10404=DIRECTION('',(1.,0.,0.));
#10405=DIRECTION('',(1.,0.,0.));
#10406=DIRECTION('',(0.,1.,0.));
#10407=DIRECTION('',(1.,0.,0.));
#10408=DIRECTION('',(0.,-1.,0.));
#10409=DIRECTION('',(1.,0.,0.));
#10410=DIRECTION('',(0.,-1.,0.));
#10411=DIRECTION('',(0.,0.,-1.));
#10412=DIRECTION('',(0.,0.,-1.));
#10413=DIRECTION('',(-1.,0.,0.));
#10414=DIRECTION('',(0.,1.,0.));
#10415=DIRECTION('',(-1.,0.,0.));
#10416=DIRECTION('',(0.,1.,0.));
#10417=DIRECTION('',(1.,0.,0.));
#10418=DIRECTION('',(0.,0.,-1.));
#10419=DIRECTION('',(0.,1.,0.));
#10420=DIRECTION('',(0.,0.,-1.));
#10421=DIRECTION('',(0.,1.,0.));
#10422=DIRECTION('',(0.,1.,0.));
#10423=DIRECTION('',(0.,1.,0.));
#10424=DIRECTION('',(0.,0.,1.));
#10425=DIRECTION('',(1.,0.,0.));
#10426=DIRECTION('',(0.,1.,0.));
#10427=DIRECTION('',(1.,0.,0.));
#10428=DIRECTION('',(0.996949213807275,0.,-0.0780529633585778));
#10429=DIRECTION('',(-0.0780529633585779,0.,-0.996949213807276));
#10430=DIRECTION('',(0.,1.,0.));
#10431=DIRECTION('',(-0.0780529633585779,0.,-0.996949213807275));
#10432=DIRECTION('',(0.,1.,0.));
#10433=DIRECTION('',(1.,0.,0.));
#10434=DIRECTION('',(0.,0.,-1.));
#10435=DIRECTION('',(0.,1.,0.));
#10436=DIRECTION('',(0.,0.,-1.));
#10437=DIRECTION('',(0.,0.,1.));
#10438=DIRECTION('',(1.,0.,0.));
#10439=DIRECTION('',(0.,1.,0.));
#10440=DIRECTION('',(1.,0.,0.));
#10441=DIRECTION('',(-1.,0.,0.));
#10442=DIRECTION('',(0.,0.,1.));
#10443=DIRECTION('',(0.,1.,0.));
#10444=DIRECTION('',(0.,0.,1.));
#10445=DIRECTION('',(0.,0.,-1.));
#10446=DIRECTION('',(-1.,0.,0.));
#10447=DIRECTION('',(0.,1.,0.));
#10448=DIRECTION('',(-1.,0.,0.));
#10449=DIRECTION('',(1.,0.,0.));
#10450=DIRECTION('',(0.,0.,-1.));
#10451=DIRECTION('',(0.,1.,0.));
#10452=DIRECTION('',(0.,0.,-1.));
#10453=DIRECTION('',(0.,1.,0.));
#10454=DIRECTION('',(0.,1.,0.));
#10455=DIRECTION('',(0.,1.,0.));
#10456=DIRECTION('',(-1.,0.,0.));
#10457=DIRECTION('',(0.,0.,1.));
#10458=DIRECTION('',(0.,0.,1.));
#10459=DIRECTION('',(0.,-1.,0.));
#10460=DIRECTION('',(1.,0.,0.));
#10461=DIRECTION('',(-0.955986393056814,0.,-0.293411002333286));
#10462=DIRECTION('',(-0.293411002333286,0.,0.955986393056814));
#10463=DIRECTION('',(0.,1.,0.));
#10464=DIRECTION('',(-0.293411002333286,0.,0.955986393056814));
#10465=DIRECTION('',(0.,1.,0.));
#10466=DIRECTION('',(0.,0.,-1.));
#10467=DIRECTION('',(-1.,0.,0.));
#10468=DIRECTION('',(0.,1.,0.));
#10469=DIRECTION('',(-1.,0.,0.));
#10470=DIRECTION('',(0.949844885954331,0.,-0.312721429752431));
#10471=DIRECTION('',(-0.312721429752431,0.,-0.949844885954331));
#10472=DIRECTION('',(0.,1.,0.));
#10473=DIRECTION('',(-0.312721429752431,0.,-0.949844885954331));
#10474=DIRECTION('',(0.,0.,-1.));
#10475=DIRECTION('',(-1.,0.,0.));
#10476=DIRECTION('',(0.,1.,0.));
#10477=DIRECTION('',(-1.,0.,0.));
#10478=DIRECTION('',(0.,1.,0.));
#10479=DIRECTION('',(-0.999258620323174,0.,0.0384994767474551));
#10480=DIRECTION('',(0.,1.,0.));
#10481=DIRECTION('',(0.,1.,0.));
#10482=DIRECTION('',(0.,0.,1.));
#10483=DIRECTION('',(0.,1.,0.));
#10484=DIRECTION('',(-0.999907182771161,0.,0.013624457517271));
#10485=DIRECTION('',(0.,1.,0.));
#10486=DIRECTION('',(0.,1.,0.));
#10487=DIRECTION('',(0.,0.,1.));
#10488=DIRECTION('',(-1.,0.,0.));
#10489=DIRECTION('',(0.,0.,1.));
#10490=DIRECTION('',(0.,1.,0.));
#10491=DIRECTION('',(0.,0.,1.));
#10492=DIRECTION('',(0.,0.,-1.));
#10493=DIRECTION('',(-1.,0.,0.));
#10494=DIRECTION('',(0.,1.,0.));
#10495=DIRECTION('',(-1.,0.,0.));
#10496=DIRECTION('',(1.,0.,0.));
#10497=DIRECTION('',(0.,0.,-1.));
#10498=DIRECTION('',(0.,1.,0.));
#10499=DIRECTION('',(0.,0.,-1.));
#10500=DIRECTION('',(0.,0.,1.));
#10501=DIRECTION('',(1.,0.,0.));
#10502=DIRECTION('',(0.,1.,0.));
#10503=DIRECTION('',(1.,0.,0.));
#10504=DIRECTION('',(-0.950114661149814,0.,0.311900834670531));
#10505=DIRECTION('',(0.311900834670531,0.,0.950114661149814));
#10506=DIRECTION('',(0.,1.,0.));
#10507=DIRECTION('',(0.311900834670531,0.,0.950114661149814));
#10508=DIRECTION('',(0.,0.,1.));
#10509=DIRECTION('',(1.,0.,0.));
#10510=DIRECTION('',(0.,1.,0.));
#10511=DIRECTION('',(1.,0.,0.));
#10512=DIRECTION('',(0.955322659656443,0.,0.29556490987081));
#10513=DIRECTION('',(0.29556490987081,0.,-0.955322659656443));
#10514=DIRECTION('',(0.,1.,0.));
#10515=DIRECTION('',(0.29556490987081,0.,-0.955322659656443));
#10516=DIRECTION('',(0.,0.,1.));
#10517=DIRECTION('',(1.,0.,0.));
#10518=DIRECTION('',(0.,1.,0.));
#10519=DIRECTION('',(1.,0.,0.));
#10520=DIRECTION('',(-1.,0.,0.));
#10521=DIRECTION('',(0.,0.,1.));
#10522=DIRECTION('',(0.,1.,0.));
#10523=DIRECTION('',(0.,0.,1.));
#10524=DIRECTION('',(0.,0.,-1.));
#10525=DIRECTION('',(-1.,0.,0.));
#10526=DIRECTION('',(0.,1.,0.));
#10527=DIRECTION('',(-1.,0.,0.));
#10528=DIRECTION('',(1.,0.,0.));
#10529=DIRECTION('',(0.,0.,-1.));
#10530=DIRECTION('',(0.,1.,0.));
#10531=DIRECTION('',(0.,0.,-1.));
#10532=DIRECTION('',(0.,1.,0.));
#10533=DIRECTION('',(0.,0.,-1.));
#10534=DIRECTION('',(-1.,0.,0.));
#10535=DIRECTION('',(-1.,0.,0.));
#10536=DIRECTION('',(0.,-1.,0.));
#10537=DIRECTION('',(1.,0.,0.));
#10538=DIRECTION('',(0.0352085090706967,0.,-0.999379988237216));
#10539=DIRECTION('',(-0.999379988237217,0.,-0.0352085090706967));
#10540=DIRECTION('',(-0.999379988237216,0.,-0.0352085090706967));
#10541=DIRECTION('',(0.,1.,0.));
#10542=DIRECTION('',(-0.999379988237216,0.,-0.0352085090706967));
#10543=DIRECTION('',(0.,1.,0.));
#10544=DIRECTION('',(-1.,0.,0.));
#10545=DIRECTION('',(0.,0.,1.));
#10546=DIRECTION('',(0.,0.,1.));
#10547=DIRECTION('',(0.,1.,0.));
#10548=DIRECTION('',(0.,0.,1.));
#10549=DIRECTION('',(0.,1.,0.));
#10550=DIRECTION('',(0.,1.,0.));
#10551=DIRECTION('',(0.,1.,0.));
#10552=DIRECTION('',(0.,1.,0.));
#10553=DIRECTION('',(-0.931820475053781,0.,-0.362919553442007));
#10554=DIRECTION('',(-0.362919553442007,0.,0.931820475053781));
#10555=DIRECTION('',(0.,1.,0.));
#10556=DIRECTION('',(-0.362919553442007,0.,0.931820475053781));
#10557=DIRECTION('',(0.,1.,0.));
#10558=DIRECTION('',(0.,0.,-1.));
#10559=DIRECTION('',(-1.,0.,0.));
#10560=DIRECTION('',(0.,1.,0.));
#10561=DIRECTION('',(-1.,0.,0.));
#10562=DIRECTION('',(1.,0.,0.));
#10563=DIRECTION('',(0.,0.,-1.));
#10564=DIRECTION('',(0.,1.,0.));
#10565=DIRECTION('',(0.,0.,-1.));
#10566=DIRECTION('',(0.,1.,0.));
#10567=DIRECTION('',(0.,1.,0.));
#10568=DIRECTION('',(0.,1.,0.));
#10569=DIRECTION('',(-0.898298727842109,0.,-0.439385247314072));
#10570=DIRECTION('',(-0.439385247314072,0.,0.898298727842109));
#10571=DIRECTION('',(0.,1.,0.));
#10572=DIRECTION('',(-0.439385247314072,0.,0.898298727842109));
#10573=DIRECTION('',(0.,1.,0.));
#10574=DIRECTION('',(0.,1.,0.));
#10575=DIRECTION('',(-1.,0.,0.));
#10576=DIRECTION('',(0.,0.,1.));
#10577=DIRECTION('',(0.,1.,0.));
#10578=DIRECTION('',(0.,0.,1.));
#10579=DIRECTION('',(-0.0312861596333601,0.,0.999510468287049));
#10580=DIRECTION('',(0.999510468287049,0.,0.0312861596333601));
#10581=DIRECTION('',(0.,1.,0.));
#10582=DIRECTION('',(0.999510468287049,0.,0.0312861596333601));
#10583=DIRECTION('',(0.,1.,0.));
#10584=DIRECTION('',(0.,1.,0.));
#10585=DIRECTION('',(0.,1.,0.));
#10586=DIRECTION('',(0.,1.,0.));
#10587=DIRECTION('',(0.,1.,0.));
#10588=DIRECTION('',(0.,1.,0.));
#10589=DIRECTION('',(0.,0.,-1.));
#10590=DIRECTION('',(-1.,0.,0.));
#10591=DIRECTION('',(-1.,0.,0.));
#10592=DIRECTION('',(0.,-1.,0.));
#10593=DIRECTION('',(1.,0.,0.));
#10594=DIRECTION('',(0.,-1.,0.));
#10595=DIRECTION('',(0.,0.,-1.));
#10596=DIRECTION('',(0.,1.,0.));
#10597=DIRECTION('',(0.,1.,0.));
#10598=DIRECTION('',(0.,1.,0.));
#10599=DIRECTION('',(0.,1.,0.));
#10600=DIRECTION('',(0.,1.,0.));
#10601=DIRECTION('',(0.,1.,0.));
#10602=DIRECTION('',(0.,1.,0.));
#10603=DIRECTION('',(0.,1.,0.));
#10604=DIRECTION('',(-1.,0.,0.));
#10605=DIRECTION('',(0.,0.,1.));
#10606=DIRECTION('',(0.,0.,1.));
#10607=DIRECTION('',(0.,1.,0.));
#10608=DIRECTION('',(0.,0.,1.));
#10609=DIRECTION('',(0.,1.,0.));
#10610=DIRECTION('',(0.,1.,0.));
#10611=DIRECTION('',(0.,1.,0.));
#10612=DIRECTION('',(0.,0.,-1.));
#10613=DIRECTION('',(-1.,0.,0.));
#10614=DIRECTION('',(0.,1.,0.));
#10615=DIRECTION('',(-1.,0.,0.));
#10616=DIRECTION('',(-0.926488862154083,0.,-0.376322186835209));
#10617=DIRECTION('',(-0.376322186835209,0.,0.926488862154083));
#10618=DIRECTION('',(0.,1.,0.));
#10619=DIRECTION('',(-0.376322186835209,0.,0.926488862154083));
#10620=DIRECTION('',(0.,0.,-1.));
#10621=DIRECTION('',(-1.,0.,0.));
#10622=DIRECTION('',(0.,1.,0.));
#10623=DIRECTION('',(-1.,0.,0.));
#10624=DIRECTION('',(1.,0.,0.));
#10625=DIRECTION('',(0.,0.,-1.));
#10626=DIRECTION('',(0.,1.,0.));
#10627=DIRECTION('',(0.,0.,-1.));
#10628=DIRECTION('',(0.,0.,1.));
#10629=DIRECTION('',(1.,0.,0.));
#10630=DIRECTION('',(0.,1.,0.));
#10631=DIRECTION('',(1.,0.,0.));
#10632=DIRECTION('',(-1.,0.,0.));
#10633=DIRECTION('',(0.,0.,1.));
#10634=DIRECTION('',(0.,1.,0.));
#10635=DIRECTION('',(0.,0.,1.));
#10636=DIRECTION('',(0.,1.,0.));
#10637=DIRECTION('',(0.,0.,1.));
#10638=DIRECTION('',(1.,0.,0.));
#10639=DIRECTION('',(0.,1.,0.));
#10640=DIRECTION('',(1.,0.,0.));
#10641=DIRECTION('',(0.,1.,0.));
#10642=DIRECTION('',(0.,1.,0.));
#10643=DIRECTION('',(0.,1.,0.));
#10644=DIRECTION('',(0.,-1.,0.));
#10645=DIRECTION('',(1.,0.,0.));
#10646=DIRECTION('',(0.,-1.,0.));
#10647=DIRECTION('',(0.,0.,-1.));
#10648=CARTESIAN_POINT('',(0.,0.,0.));
#10649=CARTESIAN_POINT('',(0.,-0.0205355280498043,0.075));
#10650=CARTESIAN_POINT('',(0.,0.00746447195019573,0.075));
#10651=CARTESIAN_POINT('',(0.0151396309956908,0.00746447195019573,0.075));
#10652=CARTESIAN_POINT('',(-0.0131396309956908,0.00746447195019573,0.075));
#10653=CARTESIAN_POINT('',(0.0151396309956908,-0.0205355280498043,0.075));
#10654=CARTESIAN_POINT('',(0.0151396309956908,0.0114644719501957,0.075));
#10655=CARTESIAN_POINT('',(0.,0.0114644719501957,0.075));
#10656=CARTESIAN_POINT('',(-0.0131396309956908,0.0114644719501957,0.075));
#10657=CARTESIAN_POINT('',(-0.0131396309956908,0.0195458089583554,0.075));
#10658=CARTESIAN_POINT('',(-0.0131396309956908,0.027627145966515,0.075));
#10659=CARTESIAN_POINT('',(0.,0.027627145966515,0.075));
#10660=CARTESIAN_POINT('',(0.0151396309956908,0.027627145966515,0.075));
#10661=CARTESIAN_POINT('',(0.0151396309956908,0.0195458089583554,0.075));
#10662=CARTESIAN_POINT('',(0.0151396309956908,0.0296271459665149,0.075));
#10663=CARTESIAN_POINT('',(0.,0.0296271459665149,0.075));
#10664=CARTESIAN_POINT('',(-0.0151396309956908,0.0296271459665149,0.075));
#10665=CARTESIAN_POINT('',(-0.0151396309956908,-0.0205355280498043,0.075));
#10666=CARTESIAN_POINT('',(-0.0151396309956908,-0.0205355280498043,0.075));
#10667=CARTESIAN_POINT('',(0.,-0.0205355280498043,0.075));
#10668=CARTESIAN_POINT('',(0.0151396309956908,-0.0205355280498043,0.075));
#10669=CARTESIAN_POINT('',(0.0151396309956908,-0.0205355280498043,0.075));
#10670=CARTESIAN_POINT('',(0.0151396309956908,-0.0185355280498043,0.075));
#10671=CARTESIAN_POINT('',(0.,-0.0185355280498043,0.075));
#10672=CARTESIAN_POINT('',(-0.0131396309956908,-0.0185355280498043,0.075));
#10673=CARTESIAN_POINT('',(-0.0131396309956908,-0.0205355280498043,0.075));
#10674=CARTESIAN_POINT('',(0.0151396309956908,-0.0205355280498043,0.075));
#10675=CARTESIAN_POINT('',(0.0151396309956908,0.00746447195019573,0.075));
#10676=CARTESIAN_POINT('',(0.0151396309956908,0.00746447195019573,0.066));
#10677=CARTESIAN_POINT('',(0.0151396309956908,-0.0205355280498043,0.066));
#10678=CARTESIAN_POINT('',(0.0151396309956908,-0.0185355280498043,0.066));
#10679=CARTESIAN_POINT('',(0.0151396309956908,-0.0185355280498043,0.075));
#10680=CARTESIAN_POINT('',(0.0151396309956908,-0.0205355280498043,0.075));
#10681=CARTESIAN_POINT('',(0.0151396309956908,-0.0205355280498043,0.064));
#10682=CARTESIAN_POINT('',(0.0151396309956908,-0.0205355280498043,0.064));
#10683=CARTESIAN_POINT('',(0.0151396309956908,0.0296271459665149,0.064));
#10684=CARTESIAN_POINT('',(0.0151396309956908,0.0296271459665149,0.075));
#10685=CARTESIAN_POINT('',(0.0151396309956908,0.027627145966515,0.075));
#10686=CARTESIAN_POINT('',(0.0151396309956908,0.027627145966515,0.066));
#10687=CARTESIAN_POINT('',(0.0151396309956908,0.0195458089583554,0.066));
#10688=CARTESIAN_POINT('',(0.0151396309956908,0.0114644719501957,0.066));
#10689=CARTESIAN_POINT('',(0.0151396309956908,0.0114644719501957,0.075));
#10690=CARTESIAN_POINT('',(-0.0151396309956908,-0.0205355280498043,0.075));
#10691=CARTESIAN_POINT('',(-0.0151396309956908,0.0296271459665149,0.075));
#10692=CARTESIAN_POINT('',(-0.0151396309956908,0.0296271459665149,0.064));
#10693=CARTESIAN_POINT('',(-0.0151396309956908,-0.0205355280498043,0.064));
#10694=CARTESIAN_POINT('',(-0.0151396309956908,-0.0205355280498043,0.064));
#10695=CARTESIAN_POINT('',(-0.0151396309956908,-0.0205355280498043,0.075));
#10696=CARTESIAN_POINT('',(0.,-0.0205355280498043,0.075));
#10697=CARTESIAN_POINT('',(0.,-0.0205355280498043,0.064));
#10698=CARTESIAN_POINT('',(0.,-0.0205355280498043,0.066));
#10699=CARTESIAN_POINT('',(0.,0.00746447195019573,0.066));
#10700=CARTESIAN_POINT('',(-0.0131396309956908,0.00746447195019573,0.066));
#10701=CARTESIAN_POINT('',(-0.0131396309956908,-0.0205355280498043,0.066));
#10702=CARTESIAN_POINT('',(-0.0131396309956908,-0.0185355280498043,0.066));
#10703=CARTESIAN_POINT('',(0.,-0.0185355280498043,0.066));
#10704=CARTESIAN_POINT('',(-0.0131396309956908,-0.0205355280498043,0.075));
#10705=CARTESIAN_POINT('',(-0.0131396309956908,0.00746447195019573,0.075));
#10706=CARTESIAN_POINT('',(-0.0131396309956908,-0.0185355280498043,0.075));
#10707=CARTESIAN_POINT('',(0.,-0.0185355280498043,0.075));
#10708=CARTESIAN_POINT('',(0.,0.00746447195019573,0.075));
#10709=CARTESIAN_POINT('',(0.,0.,0.064));
#10710=CARTESIAN_POINT('',(0.,-0.0306837909308407,0.064));
#10711=CARTESIAN_POINT('',(0.0427751876413822,-0.0306837909308407,0.064));
#10712=CARTESIAN_POINT('',(-0.0501423189416528,-0.0306837909308407,0.064));
#10713=CARTESIAN_POINT('',(0.0427751876413822,0.,0.064));
#10714=CARTESIAN_POINT('',(0.0427751876413822,0.0306837909308407,0.064));
#10715=CARTESIAN_POINT('',(0.,0.0306837909308407,0.064));
#10716=CARTESIAN_POINT('',(-0.0501423189416528,0.0306837909308407,0.064));
#10717=CARTESIAN_POINT('',(-0.0501423189416528,0.,0.064));
#10718=CARTESIAN_POINT('',(0.,0.0296271459665149,0.064));
#10719=CARTESIAN_POINT('',(0.,0.0296271459665149,0.075));
#10720=CARTESIAN_POINT('',(0.,0.0114644719501957,0.075));
#10721=CARTESIAN_POINT('',(0.,0.0114644719501957,0.066));
#10722=CARTESIAN_POINT('',(-0.0131396309956908,0.0114644719501957,0.066));
#10723=CARTESIAN_POINT('',(-0.0131396309956908,0.0114644719501957,0.075));
#10724=CARTESIAN_POINT('',(0.,0.027627145966515,0.075));
#10725=CARTESIAN_POINT('',(0.,0.027627145966515,0.066));
#10726=CARTESIAN_POINT('',(-0.0131396309956908,0.027627145966515,0.066));
#10727=CARTESIAN_POINT('',(-0.0131396309956908,0.027627145966515,0.075));
#10728=CARTESIAN_POINT('',(-0.0131396309956908,0.0195458089583554,0.075));
#10729=CARTESIAN_POINT('',(-0.0131396309956908,0.0195458089583554,0.066));
#10730=CARTESIAN_POINT('',(-0.00368356565013528,0.,0.066));
#10731=CARTESIAN_POINT('',(0.,-0.0306837909308407,0.023));
#10732=CARTESIAN_POINT('',(-0.0307507065293064,-0.0306837909308407,0.042698550642108));
#10733=CARTESIAN_POINT('',(-0.031672981363453,-0.0306837909308407,0.042698550642108));
#10734=CARTESIAN_POINT('',(-0.0322001026710994,-0.0306837909308407,0.0434161254520904));
#10735=CARTESIAN_POINT('',(-0.0307507065293064,-0.0306837909308407,0.042698550642108));
#10736=CARTESIAN_POINT('',(-0.0322001026710994,-0.0306837909308407,0.0434161254520904));
#10737=CARTESIAN_POINT('',(-0.0322001026710994,-0.0306837909308407,0.0434161254520904));
#10738=CARTESIAN_POINT('',(-0.0327272239787458,-0.0306837909308407,0.0441337002620727));
#10739=CARTESIAN_POINT('',(-0.0327272239787458,-0.0306837909308407,0.0454038901556047));
#10740=CARTESIAN_POINT('',(-0.0327272239787458,-0.0306837909308407,0.0454038901556047));
#10741=CARTESIAN_POINT('',(-0.0327272239787458,-0.0306837909308407,0.0454038901556047));
#10742=CARTESIAN_POINT('',(-0.0327272239787458,-0.0306837909308407,0.0466920756556566));
#10743=CARTESIAN_POINT('',(-0.0321911048678395,-0.0306837909308407,0.0474111500995156));
#10744=CARTESIAN_POINT('',(-0.0321911048678395,-0.0306837909308407,0.0474111500995156));
#10745=CARTESIAN_POINT('',(-0.0321911048678395,-0.0306837909308407,0.0474111500995156));
#10746=CARTESIAN_POINT('',(-0.031654985756933,-0.0306837909308407,0.0481302245433746));
#10747=CARTESIAN_POINT('',(-0.0307132156823899,-0.0306837909308407,0.0481302245433746));
#10748=CARTESIAN_POINT('',(-0.0307132156823899,-0.0306837909308407,0.0481302245433746));
#10749=CARTESIAN_POINT('',(-0.0307132156823899,-0.0306837909308407,0.0481302245433746));
#10750=CARTESIAN_POINT('',(-0.0297234573237935,-0.0306837909308407,0.0481302245433746));
#10751=CARTESIAN_POINT('',(-0.0292030843685922,-0.0306837909308407,0.0473624119985241));
#10752=CARTESIAN_POINT('',(-0.0292030843685922,-0.0306837909308407,0.0473624119985241));
#10753=CARTESIAN_POINT('',(-0.0291798400435039,-0.0306837909308407,0.0473624119985241));
#10754=CARTESIAN_POINT('',(-0.0291565957184157,-0.0306837909308407,0.0473624119985241));
#10755=CARTESIAN_POINT('',(-0.0291565957184157,-0.0306837909308407,0.0473624119985241));
#10756=CARTESIAN_POINT('',(-0.0292645693575353,-0.0306837909308407,0.0479487688442986));
#10757=CARTESIAN_POINT('',(-0.0292645693575353,-0.0306837909308407,0.0484076568105569));
#10758=CARTESIAN_POINT('',(-0.0292645693575353,-0.0306837909308407,0.0484076568105569));
#10759=CARTESIAN_POINT('',(-0.0292645693575353,-0.0306837909308407,0.0492467019645488));
#10760=CARTESIAN_POINT('',(-0.0292645693575353,-0.0306837909308407,0.0500857471185407));
#10761=CARTESIAN_POINT('',(-0.0285477443644912,-0.0306837909308407,0.0500857471185407));
#10762=CARTESIAN_POINT('',(-0.0278309193714472,-0.0306837909308407,0.0500857471185407));
#10763=CARTESIAN_POINT('',(-0.0278309193714472,-0.0306837909308407,0.0464393873474392));
#10764=CARTESIAN_POINT('',(-0.0278309193714472,-0.0306837909308407,0.0427930275763376));
#10765=CARTESIAN_POINT('',(-0.0283790355533668,-0.0306837909308407,0.0427930275763376));
#10766=CARTESIAN_POINT('',(-0.0289271517352865,-0.0306837909308407,0.0427930275763376));
#10767=CARTESIAN_POINT('',(-0.0290651180519393,-0.0306837909308407,0.0431326946494014));
#10768=CARTESIAN_POINT('',(-0.0292030843685922,-0.0306837909308407,0.0434723617224652));
#10769=CARTESIAN_POINT('',(-0.0292338268630637,-0.0306837909308407,0.0434723617224652));
#10770=CARTESIAN_POINT('',(-0.0292645693575353,-0.0306837909308407,0.0434723617224652));
#10771=CARTESIAN_POINT('',(-0.0292645693575353,-0.0306837909308407,0.0434723617224652));
#10772=CARTESIAN_POINT('',(-0.0297519503674501,-0.0306837909308407,0.042698550642108));
#10773=CARTESIAN_POINT('',(-0.0307507065293064,-0.0306837909308407,0.042698550642108));
#10774=CARTESIAN_POINT('',(-0.0350179147253456,-0.0306837909308407,0.0431491906220447));
#10775=CARTESIAN_POINT('',(-0.0348791985917545,-0.0306837909308407,0.0427930275763376));
#10776=CARTESIAN_POINT('',(-0.0351566308589368,-0.0306837909308407,0.0435053536677517));
#10777=CARTESIAN_POINT('',(-0.035175376282395,-0.0306837909308407,0.0435053536677517));
#10778=CARTESIAN_POINT('',(-0.0351941217058533,-0.0306837909308407,0.0435053536677517));
#10779=CARTESIAN_POINT('',(-0.0351941217058533,-0.0306837909308407,0.0435053536677517));
#10780=CARTESIAN_POINT('',(-0.035554033836252,-0.0306837909308407,0.0430509646031234));
#10781=CARTESIAN_POINT('',(-0.0359364404748006,-0.0306837909308407,0.0428747576226157));
#10782=CARTESIAN_POINT('',(-0.0359364404748006,-0.0306837909308407,0.0428747576226157));
#10783=CARTESIAN_POINT('',(-0.0359364404748006,-0.0306837909308407,0.0428747576226157));
#10784=CARTESIAN_POINT('',(-0.0363188471133492,-0.0306837909308407,0.042698550642108));
#10785=CARTESIAN_POINT('',(-0.0369321973689036,-0.0306837909308407,0.042698550642108));
#10786=CARTESIAN_POINT('',(-0.0369321973689036,-0.0306837909308407,0.042698550642108));
#10787=CARTESIAN_POINT('',(-0.0369321973689036,-0.0306837909308407,0.042698550642108));
#10788=CARTESIAN_POINT('',(-0.0376865132088642,-0.0306837909308407,0.042698550642108));
#10789=CARTESIAN_POINT('',(-0.0381199073992192,-0.0306837909308407,0.0431304451985864));
#10790=CARTESIAN_POINT('',(-0.0381199073992192,-0.0306837909308407,0.0431304451985864));
#10791=CARTESIAN_POINT('',(-0.0381199073992192,-0.0306837909308407,0.0431304451985864));
#10792=CARTESIAN_POINT('',(-0.0385533015895742,-0.0306837909308407,0.0435623397550648));
#10793=CARTESIAN_POINT('',(-0.0385533015895742,-0.0306837909308407,0.0443586453435719));
#10794=CARTESIAN_POINT('',(-0.0385533015895742,-0.0306837909308407,0.0443586453435719));
#10795=CARTESIAN_POINT('',(-0.0385533015895742,-0.0306837909308407,0.0443586453435719));
#10796=CARTESIAN_POINT('',(-0.0385533015895742,-0.0306837909308407,0.0451924417789955));
#10797=CARTESIAN_POINT('',(-0.0379699440115531,-0.0306837909308407,0.045588345122434));
#10798=CARTESIAN_POINT('',(-0.0379699440115531,-0.0306837909308407,0.045588345122434));
#10799=CARTESIAN_POINT('',(-0.0379699440115531,-0.0306837909308407,0.045588345122434));
#10800=CARTESIAN_POINT('',(-0.0373865864335319,-0.0306837909308407,0.0459842484658726));
#10801=CARTESIAN_POINT('',(-0.0362108734742296,-0.0306837909308407,0.0460262382144191));
#10802=CARTESIAN_POINT('',(-0.0362108734742296,-0.0306837909308407,0.0460262382144191));
#10803=CARTESIAN_POINT('',(-0.0357557345926629,-0.0306837909308407,0.0460404847362473));
#10804=CARTESIAN_POINT('',(-0.0353005957110962,-0.0306837909308407,0.0460547312580756));
#10805=CARTESIAN_POINT('',(-0.0353005957110962,-0.0306837909308407,0.0461694532496402));
#10806=CARTESIAN_POINT('',(-0.0353005957110962,-0.0306837909308407,0.0462841752412048));
#10807=CARTESIAN_POINT('',(-0.0353005957110962,-0.0306837909308407,0.0462841752412048));
#10808=CARTESIAN_POINT('',(-0.0353005957110962,-0.0306837909308407,0.0470804808297118));
#10809=CARTESIAN_POINT('',(-0.0361163965399999,-0.0306837909308407,0.0470804808297118));
#10810=CARTESIAN_POINT('',(-0.0361163965399999,-0.0306837909308407,0.0470804808297118));
#10811=CARTESIAN_POINT('',(-0.0361163965399999,-0.0306837909308407,0.0470804808297118));
#10812=CARTESIAN_POINT('',(-0.0367447431343209,-0.0306837909308407,0.0470804808297118));
#10813=CARTESIAN_POINT('',(-0.0375935359085112,-0.0306837909308407,0.0467010734589166));
#10814=CARTESIAN_POINT('',(-0.0375935359085112,-0.0306837909308407,0.0467010734589166));
#10815=CARTESIAN_POINT('',(-0.0378297282440853,-0.0306837909308407,0.0471839555672015));
#10816=CARTESIAN_POINT('',(-0.0380659205796594,-0.0306837909308407,0.0476668376754863));
#10817=CARTESIAN_POINT('',(-0.0380659205796594,-0.0306837909308407,0.0476668376754863));
#10818=CARTESIAN_POINT('',(-0.0371616413520328,-0.0306837909308407,0.0481407219805113));
#10819=CARTESIAN_POINT('',(-0.0360609100865635,-0.0306837909308407,0.0481407219805113));
#10820=CARTESIAN_POINT('',(-0.0360609100865635,-0.0306837909308407,0.0481407219805113));
#10821=CARTESIAN_POINT('',(-0.0360609100865635,-0.0306837909308407,0.0481407219805113));
#10822=CARTESIAN_POINT('',(-0.0350066674712707,-0.0306837909308407,0.0481407219805113));
#10823=CARTESIAN_POINT('',(-0.0344443047675227,-0.0306837909308407,0.0476810841973146));
#10824=CARTESIAN_POINT('',(-0.0344443047675227,-0.0306837909308407,0.0476810841973146));
#10825=CARTESIAN_POINT('',(-0.0344443047675227,-0.0306837909308407,0.0476810841973146));
#10826=CARTESIAN_POINT('',(-0.0338819420637749,-0.0306837909308407,0.047221446414118));
#10827=CARTESIAN_POINT('',(-0.0338819420637749,-0.0306837909308407,0.0462841752412048));
#10828=CARTESIAN_POINT('',(-0.0338819420637749,-0.0306837909308407,0.0462841752412048));
#10829=CARTESIAN_POINT('',(-0.0338819420637749,-0.0306837909308407,0.0445386014087712));
#10830=CARTESIAN_POINT('',(-0.0338819420637749,-0.0306837909308407,0.0427930275763376));
#10831=CARTESIAN_POINT('',(-0.0343805703277647,-0.0306837909308407,0.0427930275763376));
#10832=CARTESIAN_POINT('',(-0.0450677111497902,-0.0306837909308407,0.0454803714833144));
#10833=CARTESIAN_POINT('',(-0.0442429125176266,-0.0306837909308407,0.0427930275763376));
#10834=CARTESIAN_POINT('',(-0.0458925097819538,-0.0306837909308407,0.0481677153902912));
#10835=CARTESIAN_POINT('',(-0.0459135046562271,-0.0306837909308407,0.0481677153902912));
#10836=CARTESIAN_POINT('',(-0.0459344995305003,-0.0306837909308407,0.0481677153902912));
#10837=CARTESIAN_POINT('',(-0.0459344995305003,-0.0306837909308407,0.0481677153902912));
#10838=CARTESIAN_POINT('',(-0.0458445214979007,-0.0306837909308407,0.0465286155631005));
#10839=CARTESIAN_POINT('',(-0.0458445214979007,-0.0306837909308407,0.0459797495642426));
#10840=CARTESIAN_POINT('',(-0.0458445214979007,-0.0306837909308407,0.0459797495642426));
#10841=CARTESIAN_POINT('',(-0.0458445214979007,-0.0306837909308407,0.0443863885702901));
#10842=CARTESIAN_POINT('',(-0.0458445214979007,-0.0306837909308407,0.0427930275763376));
#10843=CARTESIAN_POINT('',(-0.0464938629664949,-0.0306837909308407,0.0427930275763376));
#10844=CARTESIAN_POINT('',(-0.0471432044350892,-0.0306837909308407,0.0427930275763376));
#10845=CARTESIAN_POINT('',(-0.0471432044350892,-0.0306837909308407,0.04621894116757));
#10846=CARTESIAN_POINT('',(-0.0471432044350892,-0.0306837909308407,0.0496448547588024));
#10847=CARTESIAN_POINT('',(-0.0461541958934312,-0.0306837909308407,0.0496448547588024));
#10848=CARTESIAN_POINT('',(-0.0451651873517732,-0.0306837909308407,0.0496448547588024));
#10849=CARTESIAN_POINT('',(-0.0443546352414378,-0.0306837909308407,0.0470249943762754));
#10850=CARTESIAN_POINT('',(-0.0435440831311025,-0.0306837909308407,0.0444051339937484));
#10851=CARTESIAN_POINT('',(-0.0435298366092742,-0.0306837909308407,0.0444051339937484));
#10852=CARTESIAN_POINT('',(-0.0435155900874459,-0.0306837909308407,0.0444051339937484));
#10853=CARTESIAN_POINT('',(-0.0426555500591808,-0.0306837909308407,0.0470249943762754));
#10854=CARTESIAN_POINT('',(-0.0417955100309156,-0.0306837909308407,0.0496448547588024));
#10855=CARTESIAN_POINT('',(-0.0408072513061959,-0.0306837909308407,0.0496448547588024));
#10856=CARTESIAN_POINT('',(-0.0398189925814762,-0.0306837909308407,0.0496448547588024));
#10857=CARTESIAN_POINT('',(-0.0398189925814762,-0.0306837909308407,0.04621894116757));
#10858=CARTESIAN_POINT('',(-0.0398189925814762,-0.0306837909308407,0.0427930275763376));
#10859=CARTESIAN_POINT('',(-0.0404960772767888,-0.0306837909308407,0.0427930275763376));
#10860=CARTESIAN_POINT('',(-0.0411731619721012,-0.0306837909308407,0.0427930275763376));
#10861=CARTESIAN_POINT('',(-0.0411731619721012,-0.0306837909308407,0.0444148816139467));
#10862=CARTESIAN_POINT('',(-0.0411732005964491,-0.0306837909308407,0.046036735736708));
#10863=CARTESIAN_POINT('',(-0.0195386155224951,-0.0306837909308407,0.0459890395544715));
#10864=CARTESIAN_POINT('',(-0.0411659090255266,-0.0306837909308407,0.0465661164607256));
#10865=CARTESIAN_POINT('',(0.115949611818991,-0.0306837909308407,0.0410616299788676));
#10866=CARTESIAN_POINT('',(-0.0411026791798981,-0.0306837909308407,0.0481587175870312));
#10867=CARTESIAN_POINT('',(-0.0411236740541715,-0.0306837909308407,0.0481587175870312));
#10868=CARTESIAN_POINT('',(-0.0411446689284447,-0.0306837909308407,0.0481587175870312));
#10869=CARTESIAN_POINT('',(-0.0420279532817981,-0.0306837909308407,0.0454758725816844));
#10870=CARTESIAN_POINT('',(-0.0429112376351515,-0.0306837909308407,0.0427930275763376));
#10871=CARTESIAN_POINT('',(-0.043577075076389,-0.0306837909308407,0.0427930275763376));
#10872=CARTESIAN_POINT('',(0.0160692543294307,-0.0306837909308407,0.0521959339481106));
#10873=CARTESIAN_POINT('',(0.0170398294079748,-0.0306837909308407,0.0521959339481106));
#10874=CARTESIAN_POINT('',(0.0150986792508865,-0.0306837909308407,0.0521959339481106));
#10875=CARTESIAN_POINT('',(0.0150986792508865,-0.0306837909308407,0.0542745737543105));
#10876=CARTESIAN_POINT('',(0.0150986792508865,-0.0306837909308407,0.0563532135605104));
#10877=CARTESIAN_POINT('',(0.0150986792508865,-0.0306837909308407,0.0563532135605104));
#10878=CARTESIAN_POINT('',(0.0150986792508865,-0.0306837909308407,0.0578930976305615));
#10879=CARTESIAN_POINT('',(0.0139519137331104,-0.0306837909308407,0.0578930976305615));
#10880=CARTESIAN_POINT('',(0.0139519137331104,-0.0306837909308407,0.0578930976305615));
#10881=CARTESIAN_POINT('',(0.0139519137331104,-0.0306837909308407,0.0578930976305615));
#10882=CARTESIAN_POINT('',(0.0131371602568929,-0.0306837909308407,0.0578930976305615));
#10883=CARTESIAN_POINT('',(0.0127745949599761,-0.0306837909308407,0.0573390652667336));
#10884=CARTESIAN_POINT('',(0.0127745949599761,-0.0306837909308407,0.0573390652667336));
#10885=CARTESIAN_POINT('',(0.0127745949599761,-0.0306837909308407,0.0573390652667336));
#10886=CARTESIAN_POINT('',(0.0124120296630593,-0.0306837909308407,0.0567850329029057));
#10887=CARTESIAN_POINT('',(0.0124120296630593,-0.0306837909308407,0.0555445707353645));
#10888=CARTESIAN_POINT('',(0.0124120296630593,-0.0306837909308407,0.0555445707353645));
#10889=CARTESIAN_POINT('',(0.0124120296630593,-0.0306837909308407,0.0538702523417376));
#10890=CARTESIAN_POINT('',(0.0124120296630593,-0.0306837909308407,0.0521959339481106));
#10891=CARTESIAN_POINT('',(0.0114414545845152,-0.0306837909308407,0.0521959339481106));
#10892=CARTESIAN_POINT('',(0.0104708795059711,-0.0306837909308407,0.0521959339481106));
#10893=CARTESIAN_POINT('',(0.0104708795059711,-0.0306837909308407,0.0571486166416677));
#10894=CARTESIAN_POINT('',(0.0104708795059711,-0.0306837909308407,0.0621012993352249));
#10895=CARTESIAN_POINT('',(0.0114414545845152,-0.0306837909308407,0.0621012993352249));
#10896=CARTESIAN_POINT('',(0.0124120296630593,-0.0306837909308407,0.0621012993352249));
#10897=CARTESIAN_POINT('',(0.0124120296630593,-0.0306837909308407,0.0610920234665604));
#10898=CARTESIAN_POINT('',(0.0124120296630593,-0.0306837909308407,0.060082747597896));
#10899=CARTESIAN_POINT('',(0.0124120296630593,-0.0306837909308407,0.060082747597896));
#10900=CARTESIAN_POINT('',(0.0124120296630593,-0.0306837909308407,0.0598464690897929));
#10901=CARTESIAN_POINT('',(0.0123672182218674,-0.0306837909308407,0.0589746828702402));
#10902=CARTESIAN_POINT('',(0.0123672182218674,-0.0306837909308407,0.0589746828702402));
#10903=CARTESIAN_POINT('',(0.0123448125012714,-0.0306837909308407,0.0586885007117188));
#10904=CARTESIAN_POINT('',(0.0123224067806754,-0.0306837909308407,0.0584023185531974));
#10905=CARTESIAN_POINT('',(0.012373328872939,-0.0306837909308407,0.0584023185531974));
#10906=CARTESIAN_POINT('',(0.0124242509652026,-0.0306837909308407,0.0584023185531974));
#10907=CARTESIAN_POINT('',(0.0124242509652026,-0.0306837909308407,0.0584023185531974));
#10908=CARTESIAN_POINT('',(0.013074016862486,-0.0306837909308407,0.0594452030027558));
#10909=CARTESIAN_POINT('',(0.0144876141437234,-0.0306837909308407,0.0594452030027558));
#10910=CARTESIAN_POINT('',(0.0144876141437234,-0.0306837909308407,0.0594452030027558));
#10911=CARTESIAN_POINT('',(0.0144876141437234,-0.0306837909308407,0.0594452030027558));
#10912=CARTESIAN_POINT('',(0.0157423344970983,-0.0306837909308407,0.0594452030027558));
#10913=CARTESIAN_POINT('',(0.0163910819525366,-0.0306837909308407,0.0587709945011858));
#10914=CARTESIAN_POINT('',(0.0163910819525366,-0.0306837909308407,0.0587709945011858));
#10915=CARTESIAN_POINT('',(0.0163910819525366,-0.0306837909308407,0.0587709945011858));
#10916=CARTESIAN_POINT('',(0.0170398294079748,-0.0306837909308407,0.0580967859996159));
#10917=CARTESIAN_POINT('',(0.0170398294079748,-0.0306837909308407,0.0568359549951693));
#10918=CARTESIAN_POINT('',(0.0170398294079748,-0.0306837909308407,0.0568359549951693));
#10919=CARTESIAN_POINT('',(0.0170398294079748,-0.0306837909308407,0.0545159444716399));
#10920=CARTESIAN_POINT('',(-0.0239648632374148,-0.0306837909308407,0.042698550642108));
#10921=CARTESIAN_POINT('',(-0.0252290545954401,-0.0306837909308407,0.042698550642108));
#10922=CARTESIAN_POINT('',(-0.0259413806868542,-0.0306837909308407,0.0433973800286321));
#10923=CARTESIAN_POINT('',(-0.0239648632374148,-0.0306837909308407,0.042698550642108));
#10924=CARTESIAN_POINT('',(-0.0259413806868542,-0.0306837909308407,0.0433973800286321));
#10925=CARTESIAN_POINT('',(-0.0259413806868542,-0.0306837909308407,0.0433973800286321));
#10926=CARTESIAN_POINT('',(-0.0266537067782682,-0.0306837909308407,0.0440962094151562));
#10927=CARTESIAN_POINT('',(-0.0266537067782682,-0.0306837909308407,0.0453753971119481));
#10928=CARTESIAN_POINT('',(-0.0266537067782682,-0.0306837909308407,0.0453753971119481));
#10929=CARTESIAN_POINT('',(-0.0266537067782682,-0.0306837909308407,0.0453753971119481));
#10930=CARTESIAN_POINT('',(-0.0266537067782682,-0.0306837909308407,0.0466920756556566));
#10931=CARTESIAN_POINT('',(-0.025995367506414,-0.0306837909308407,0.0474111500995156));
#10932=CARTESIAN_POINT('',(-0.025995367506414,-0.0306837909308407,0.0474111500995156));
#10933=CARTESIAN_POINT('',(-0.025995367506414,-0.0306837909308407,0.0474111500995156));
#10934=CARTESIAN_POINT('',(-0.0253370282345598,-0.0306837909308407,0.0481302245433746));
#10935=CARTESIAN_POINT('',(-0.0241748119801473,-0.0306837909308407,0.0481302245433746));
#10936=CARTESIAN_POINT('',(-0.0241748119801473,-0.0306837909308407,0.0481302245433746));
#10937=CARTESIAN_POINT('',(-0.0241748119801473,-0.0306837909308407,0.0481302245433746));
#10938=CARTESIAN_POINT('',(-0.0230650829114181,-0.0306837909308407,0.0481302245433746));
#10939=CARTESIAN_POINT('',(-0.0224464839372954,-0.0306837909308407,0.047498128864362));
#10940=CARTESIAN_POINT('',(-0.0224464839372954,-0.0306837909308407,0.047498128864362));
#10941=CARTESIAN_POINT('',(-0.0224464839372954,-0.0306837909308407,0.047498128864362));
#10942=CARTESIAN_POINT('',(-0.0218278849631727,-0.0306837909308407,0.0468660331853493));
#10943=CARTESIAN_POINT('',(-0.0218278849631727,-0.0306837909308407,0.0457503055811134));
#10944=CARTESIAN_POINT('',(-0.0218278849631727,-0.0306837909308407,0.0457503055811134));
#10945=CARTESIAN_POINT('',(-0.0218278849631727,-0.0306837909308407,0.0454031403386664));
#10946=CARTESIAN_POINT('',(-0.0218278849631727,-0.0306837909308407,0.0450559750962193));
#10947=CARTESIAN_POINT('',(-0.0235172225252314,-0.0306837909308407,0.0450559750962193));
#10948=CARTESIAN_POINT('',(-0.0252065600872903,-0.0306837909308407,0.0450559750962193));
#10949=CARTESIAN_POINT('',(-0.0252065600872903,-0.0306837909308407,0.0450559750962193));
#10950=CARTESIAN_POINT('',(-0.0251825659452636,-0.0306837909308407,0.0444471237422949));
#10951=CARTESIAN_POINT('',(-0.0248451483230149,-0.0306837909308407,0.0441052072184162));
#10952=CARTESIAN_POINT('',(-0.0248451483230149,-0.0306837909308407,0.0441052072184162));
#10953=CARTESIAN_POINT('',(-0.0248451483230149,-0.0306837909308407,0.0441052072184162));
#10954=CARTESIAN_POINT('',(-0.0245077307007662,-0.0306837909308407,0.0437632906945374));
#10955=CARTESIAN_POINT('',(-0.0238988793468417,-0.0306837909308407,0.0437632906945374));
#10956=CARTESIAN_POINT('',(-0.0238988793468417,-0.0306837909308407,0.0437632906945374));
#10957=CARTESIAN_POINT('',(-0.0238743549158962,-0.0306837909308407,0.0477011317131161));
#10958=CARTESIAN_POINT('',(-0.0230035181435472,-0.0306837909308407,0.0438611884440118));
#10959=CARTESIAN_POINT('',(-0.0240608948407741,-0.0306837909308407,0.0481953957198797));
#10960=CARTESIAN_POINT('',(-0.022123312836875,-0.0306837909308407,0.0441756900106192));
#10961=CARTESIAN_POINT('',(-0.022123312836875,-0.0306837909308407,0.0436223251101313));
#10962=CARTESIAN_POINT('',(-0.022123312836875,-0.0306837909308407,0.0430687801650073));
#10963=CARTESIAN_POINT('',(-0.0236188807135267,-0.0306837909308407,0.0460779524112622));
#10964=CARTESIAN_POINT('',(-0.022924117327012,-0.0306837909308407,0.0427900283085843));
#10965=CARTESIAN_POINT('',(-0.022924117327012,-0.0306837909308407,0.0427900283085843));
#10966=CARTESIAN_POINT('',(-0.0233500133479837,-0.0306837909308407,0.042698550642108));
#10967=CARTESIAN_POINT('',(-0.0239648632374148,-0.0306837909308407,0.042698550642108));
#10968=CARTESIAN_POINT('',(-0.0152564893156436,-0.0306837909308407,0.0481302245433746));
#10969=CARTESIAN_POINT('',(-0.0143282159459904,-0.0306837909308407,0.0481302245433746));
#10970=CARTESIAN_POINT('',(-0.013803344089159,-0.0306837909308407,0.0474066511978856));
#10971=CARTESIAN_POINT('',(-0.0152564893156436,-0.0306837909308407,0.0481302245433746));
#10972=CARTESIAN_POINT('',(-0.013803344089159,-0.0306837909308407,0.0474066511978856));
#10973=CARTESIAN_POINT('',(-0.013803344089159,-0.0306837909308407,0.0474066511978856));
#10974=CARTESIAN_POINT('',(-0.0132784722323276,-0.0306837909308407,0.0466830778523966));
#10975=CARTESIAN_POINT('',(-0.0132784722323276,-0.0306837909308407,0.0454218857621246));
#10976=CARTESIAN_POINT('',(-0.0132784722323276,-0.0306837909308407,0.0454218857621246));
#10977=CARTESIAN_POINT('',(-0.0132784722323276,-0.0306837909308407,0.0454218857621246));
#10978=CARTESIAN_POINT('',(-0.0132784722323276,-0.0306837909308407,0.0441247024588128));
#10979=CARTESIAN_POINT('',(-0.0138198400618023,-0.0306837909308407,0.0434116265504604));
#10980=CARTESIAN_POINT('',(-0.0138198400618023,-0.0306837909308407,0.0434116265504604));
#10981=CARTESIAN_POINT('',(-0.0138198400618023,-0.0306837909308407,0.0434116265504604));
#10982=CARTESIAN_POINT('',(-0.014361207891277,-0.0306837909308407,0.042698550642108));
#10983=CARTESIAN_POINT('',(-0.0152939801625602,-0.0306837909308407,0.042698550642108));
#10984=CARTESIAN_POINT('',(-0.0152939801625602,-0.0306837909308407,0.042698550642108));
#10985=CARTESIAN_POINT('',(-0.0152939801625602,-0.0306837909308407,0.042698550642108));
#10986=CARTESIAN_POINT('',(-0.0162177546305835,-0.0306837909308407,0.042698550642108));
#10987=CARTESIAN_POINT('',(-0.0167426264874149,-0.0306837909308407,0.0433688869849755));
#10988=CARTESIAN_POINT('',(-0.0167426264874149,-0.0306837909308407,0.0433688869849755));
#10989=CARTESIAN_POINT('',(-0.0167913645884063,-0.0306837909308407,0.0433688869849755));
#10990=CARTESIAN_POINT('',(-0.0168401026893978,-0.0306837909308407,0.0433688869849755));
#10991=CARTESIAN_POINT('',(-0.0169600733995307,-0.0306837909308407,0.0430809572806566));
#10992=CARTESIAN_POINT('',(-0.0170800441096636,-0.0306837909308407,0.0427930275763376));
#10993=CARTESIAN_POINT('',(-0.0176259108407683,-0.0306837909308407,0.0427930275763376));
#10994=CARTESIAN_POINT('',(-0.0181717775718729,-0.0306837909308407,0.0427930275763376));
#10995=CARTESIAN_POINT('',(-0.0181717775718729,-0.0306837909308407,0.0464393873474392));
#10996=CARTESIAN_POINT('',(-0.0181717775718729,-0.0306837909308407,0.0500857471185407));
#10997=CARTESIAN_POINT('',(-0.0174572020296439,-0.0306837909308407,0.0500857471185407));
#10998=CARTESIAN_POINT('',(-0.0167426264874149,-0.0306837909308407,0.0500857471185407));
#10999=CARTESIAN_POINT('',(-0.0167426264874149,-0.0306837909308407,0.0492369543443505));
#11000=CARTESIAN_POINT('',(-0.0167426264874149,-0.0306837909308407,0.0483881615701603));
#11001=CARTESIAN_POINT('',(-0.0167426264874149,-0.0306837909308407,0.0483881615701603));
#11002=CARTESIAN_POINT('',(-0.0167426264874149,-0.0306837909308407,0.0480657402866782));
#11003=CARTESIAN_POINT('',(-0.0167981129408513,-0.0306837909308407,0.0473534141952642));
#11004=CARTESIAN_POINT('',(-0.0167981129408513,-0.0306837909308407,0.0473534141952642));
#11005=CARTESIAN_POINT('',(-0.0167703697141331,-0.0306837909308407,0.0473534141952642));
#11006=CARTESIAN_POINT('',(-0.0167426264874149,-0.0306837909308407,0.0473534141952642));
#11007=CARTESIAN_POINT('',(-0.0167426264874149,-0.0306837909308407,0.0473534141952642));
#11008=CARTESIAN_POINT('',(-0.0162402491387333,-0.0306837909308407,0.0481302245433746));
#11009=CARTESIAN_POINT('',(-0.0152564893156436,-0.0306837909308407,0.0481302245433746));
#11010=CARTESIAN_POINT('',(-0.0120652684261088,-0.0306837909308407,0.0480327483413916));
#11011=CARTESIAN_POINT('',(-0.0128480773097259,-0.0306837909308407,0.0480327483413917));
#11012=CARTESIAN_POINT('',(-0.0112824595424917,-0.0306837909308407,0.0480327483413916));
#11013=CARTESIAN_POINT('',(-0.0107883301801318,-0.0306837909308407,0.0465586082406338));
#11014=CARTESIAN_POINT('',(-0.010294200817772,-0.0306837909308407,0.0450844681398759));
#11015=CARTESIAN_POINT('',(-0.010294200817772,-0.0306837909308407,0.0450844681398759));
#11016=CARTESIAN_POINT('',(-0.0101667319382558,-0.0306837909308407,0.0447005618674506));
#11017=CARTESIAN_POINT('',(-0.0101202432880793,-0.0306837909308407,0.0441756900106192));
#11018=CARTESIAN_POINT('',(-0.0101202432880793,-0.0306837909308407,0.0441756900106192));
#11019=CARTESIAN_POINT('',(-0.010105996766251,-0.0306837909308407,0.0441756900106192));
#11020=CARTESIAN_POINT('',(-0.0100913993438355,-0.0306837909308407,0.0441756900106192));
#11021=CARTESIAN_POINT('',(-0.00612189498960253,-0.0306837909308407,0.0437774494003399));
#11022=CARTESIAN_POINT('',(-0.00989095459079574,-0.0306837909308407,0.0450845219914713));
#11023=CARTESIAN_POINT('',(-0.00940566774585026,-0.0306837909308407,0.0465586082406338));
#11024=CARTESIAN_POINT('',(-0.00892053618675039,-0.0306837909308407,0.0480327483413916));
#11025=CARTESIAN_POINT('',(-0.00815422327577656,-0.0306837909308407,0.0480327483413916));
#11026=CARTESIAN_POINT('',(-0.00738791036480272,-0.0306837909308407,0.0480327483413916));
#11027=CARTESIAN_POINT('',(-0.00849613979965529,-0.0306837909308407,0.0450777197874309));
#11028=CARTESIAN_POINT('',(-0.00960436923450786,-0.0306837909308407,0.0421226912334701));
#11029=CARTESIAN_POINT('',(-0.00960436923450787,-0.0306837909308407,0.0421226912334701));
#11030=CARTESIAN_POINT('',(-0.00991029454534673,-0.0306837909308407,0.0413023915029365));
#11031=CARTESIAN_POINT('',(-0.0104749066999096,-0.0306837909308407,0.0408944910884847));
#11032=CARTESIAN_POINT('',(-0.0104749066999096,-0.0306837909308407,0.0408944910884847));
#11033=CARTESIAN_POINT('',(-0.0104749066999096,-0.0306837909308407,0.0408944910884847));
#11034=CARTESIAN_POINT('',(-0.0110395188544726,-0.0306837909308407,0.0404865906740328));
#11035=CARTESIAN_POINT('',(-0.0117938346944331,-0.0306837909308407,0.0404865906740328));
#11036=CARTESIAN_POINT('',(-0.0117938346944331,-0.0306837909308407,0.0404865906740328));
#11037=CARTESIAN_POINT('',(-0.0117984570483951,-0.0306837909308407,0.0437429413642487));
#11038=CARTESIAN_POINT('',(-0.0125196574907371,-0.0306837909308407,0.0405675237908136));
#11039=CARTESIAN_POINT('',(-0.0125196574907371,-0.0306837909308407,0.0411344325087505));
#11040=CARTESIAN_POINT('',(-0.0125196574907371,-0.0306837909308407,0.0417008918420968));
#11041=CARTESIAN_POINT('',(-0.0119797133576221,-0.0306837909308407,0.0440681325638319));
#11042=CARTESIAN_POINT('',(-0.0119572885896657,-0.0306837909308407,0.0416401661896177));
#11043=CARTESIAN_POINT('',(-0.0119389130614944,-0.0306837909308407,0.0426521897669883));
#11044=CARTESIAN_POINT('',(-0.011294456613505,-0.0306837909308407,0.0418722523760678));
#11045=CARTESIAN_POINT('',(-0.011294456613505,-0.0306837909308407,0.0418722523760678));
#11046=CARTESIAN_POINT('',(-0.011011025810816,-0.0306837909308407,0.0421046956269502));
#11047=CARTESIAN_POINT('',(-0.0108520646198899,-0.0306837909308407,0.0425725813964685));
#11048=CARTESIAN_POINT('',(-0.0108520646198899,-0.0306837909308407,0.0425725813964685));
#11049=CARTESIAN_POINT('',(-0.0108093250544051,-0.0306837909308407,0.0427015499098614));
#11050=CARTESIAN_POINT('',(-0.0107665854889202,-0.0306837909308407,0.0428305184232542));
#11051=CARTESIAN_POINT('',(-0.0118073313993231,-0.0306837909308407,0.0454316333823229));
#11052=CARTESIAN_POINT('',(-0.00474855474187914,-0.0306837909308407,0.0407775196461051));
#11053=CARTESIAN_POINT('',(-0.00524043465342398,-0.0306837909308407,0.0407775196461051));
#11054=CARTESIAN_POINT('',(-0.0056063453193293,-0.0306837909308407,0.0408809943835948));
#11055=CARTESIAN_POINT('',(-0.00474855474187914,-0.0306837909308407,0.0407775196461051));
#11056=CARTESIAN_POINT('',(-0.0056063453193293,-0.0306837909308407,0.0408809943835948));
#11057=CARTESIAN_POINT('',(-0.0056063453193293,-0.0306837909308407,0.0414853468358892));
#11058=CARTESIAN_POINT('',(-0.0056063453193293,-0.0306837909308407,0.0420896992881836));
#11059=CARTESIAN_POINT('',(-0.00487304241625345,-0.0306837909308407,0.0448727026727431));
#11060=CARTESIAN_POINT('',(-0.00492251227157182,-0.0306837909308407,0.0419967219878306));
#11061=CARTESIAN_POINT('',(-0.00492251227157182,-0.0306837909308407,0.0419967219878306));
#11062=CARTESIAN_POINT('',(-0.00444412906491693,-0.0306837909308407,0.0419967219878306));
#11063=CARTESIAN_POINT('',(-0.00423792940687602,-0.0306837909308407,0.0422943993123479));
#11064=CARTESIAN_POINT('',(-0.00423792940687602,-0.0306837909308407,0.0422943993123479));
#11065=CARTESIAN_POINT('',(-0.00423792940687602,-0.0306837909308407,0.0422943993123479));
#11066=CARTESIAN_POINT('',(-0.00403172974883511,-0.0306837909308407,0.0425920766368651));
#11067=CARTESIAN_POINT('',(-0.00403172974883511,-0.0306837909308407,0.0432249221328161));
#11068=CARTESIAN_POINT('',(-0.00403172974883511,-0.0306837909308407,0.0432249221328161));
#11069=CARTESIAN_POINT('',(-0.00403172974883511,-0.0306837909308407,0.0464348884458092));
#11070=CARTESIAN_POINT('',(-0.00403172974883511,-0.0306837909308407,0.0496448547588024));
#11071=CARTESIAN_POINT('',(-0.0033051571355928,-0.0306837909308407,0.0496448547588024));
#11072=CARTESIAN_POINT('',(-0.00257858452235048,-0.0306837909308407,0.0496448547588024));
#11073=CARTESIAN_POINT('',(-0.00257858452235048,-0.0306837909308407,0.0464393873474392));
#11074=CARTESIAN_POINT('',(-0.00257858452235048,-0.0306837909308407,0.0432339199360761));
#11075=CARTESIAN_POINT('',(-0.00257858452235048,-0.0306837909308407,0.0432339199360761));
#11076=CARTESIAN_POINT('',(-0.00257858452235048,-0.0306837909308407,0.0420342128347471));
#11077=CARTESIAN_POINT('',(-0.00312670070427012,-0.0306837909308407,0.0414058662404262));
#11078=CARTESIAN_POINT('',(-0.00312670070427012,-0.0306837909308407,0.0414058662404262));
#11079=CARTESIAN_POINT('',(-0.00312670070427012,-0.0306837909308407,0.0414058662404262));
#11080=CARTESIAN_POINT('',(-0.00367481688618977,-0.0306837909308407,0.0407775196461051));
#11081=CARTESIAN_POINT('',(-0.00474855474187914,-0.0306837909308407,0.0407775196461051));
#11082=CARTESIAN_POINT('',(0.00665783323727321,-0.0306837909308407,0.0520676102756063));
#11083=CARTESIAN_POINT('',(0.00333567593799634,-0.0306837909308407,0.0520676102756063));
#11084=CARTESIAN_POINT('',(0.00333567593799634,-0.0306837909308407,0.0557156689653702));
#11085=CARTESIAN_POINT('',(0.00665783323727321,-0.0306837909308407,0.0520676102756063));
#11086=CARTESIAN_POINT('',(0.00333567593799634,-0.0306837909308407,0.0557156689653702));
#11087=CARTESIAN_POINT('',(0.00333567593799634,-0.0306837909308407,0.0557156689653702));
#11088=CARTESIAN_POINT('',(0.00333567593799634,-0.0306837909308407,0.0575305323336447));
#11089=CARTESIAN_POINT('',(0.0042390338547525,-0.0306837909308407,0.0584878676682002));
#11090=CARTESIAN_POINT('',(0.0042390338547525,-0.0306837909308407,0.0584878676682002));
#11091=CARTESIAN_POINT('',(0.0042390338547525,-0.0306837909308407,0.0584878676682002));
#11092=CARTESIAN_POINT('',(0.00514239177150866,-0.0306837909308407,0.0594452030027558));
#11093=CARTESIAN_POINT('',(0.00682893146727889,-0.0306837909308407,0.0594452030027558));
#11094=CARTESIAN_POINT('',(0.00682893146727889,-0.0306837909308407,0.0594452030027558));
#11095=CARTESIAN_POINT('',(0.00682893146727889,-0.0306837909308407,0.0594452030027558));
#11096=CARTESIAN_POINT('',(0.0080632829837484,-0.0306837909308407,0.0594452030027558));
#11097=CARTESIAN_POINT('',(0.00904506092259049,-0.0306837909308407,0.0589624615680969));
#11098=CARTESIAN_POINT('',(0.00904506092259049,-0.0306837909308407,0.0589624615680969));
#11099=CARTESIAN_POINT('',(0.00875786032222382,-0.0306837909308407,0.0582108514862863));
#11100=CARTESIAN_POINT('',(0.00847054771442922,-0.0306837909308407,0.0574589482769386));
#11101=CARTESIAN_POINT('',(0.00474993121407616,-0.0306837909308407,0.0483786099859592));
#11102=CARTESIAN_POINT('',(0.00761823988453418,-0.0306837909308407,0.0577627886812923));
#11103=CARTESIAN_POINT('',(0.00682149235630405,-0.0306837909308407,0.0551448986195753));
#11104=CARTESIAN_POINT('',(0.00682893146727889,-0.0306837909308407,0.0578808763284182));
#11105=CARTESIAN_POINT('',(0.00682893146727889,-0.0306837909308407,0.0578808763284182));
#11106=CARTESIAN_POINT('',(0.00531349000151433,-0.0306837909308407,0.0578808763284182));
#11107=CARTESIAN_POINT('',(0.00531349000151433,-0.0306837909308407,0.0557278902675135));
#11108=CARTESIAN_POINT('',(0.00531349000151433,-0.0306837909308407,0.0557278902675135));
#11109=CARTESIAN_POINT('',(0.00531349000151433,-0.0306837909308407,0.0557278902675135));
#11110=CARTESIAN_POINT('',(0.00531349000151433,-0.0306837909308407,0.0536400844847061));
#11111=CARTESIAN_POINT('',(0.00682893146727889,-0.0306837909308407,0.0536400844847061));
#11112=CARTESIAN_POINT('',(0.00682893146727889,-0.0306837909308407,0.0536400844847061));
#11113=CARTESIAN_POINT('',(0.00686493137318829,-0.0306837909308407,0.0570981596875925));
#11114=CARTESIAN_POINT('',(0.00786686187381107,-0.0306837909308407,0.053789370915689));
#11115=CARTESIAN_POINT('',(0.00671458927448431,-0.0306837909308407,0.0573218588662601));
#11116=CARTESIAN_POINT('',(0.00882074657929707,-0.0306837909308407,0.0542596709841895));
#11117=CARTESIAN_POINT('',(0.00882100371663068,-0.0306837909308407,0.0534282485808896));
#11118=CARTESIAN_POINT('',(0.0088207493647032,-0.0306837909308407,0.0525975890892229));
#11119=CARTESIAN_POINT('',(0.00710606508918768,-0.0306837909308407,0.0552203524063891));
#11120=CARTESIAN_POINT('',(0.00786977903314674,-0.0306837909308407,0.0521826942041221));
#11121=CARTESIAN_POINT('',(0.00786977903314674,-0.0306837909308407,0.0521826942041221));
#11122=CARTESIAN_POINT('',(0.00738907448217842,-0.0306837909308407,0.0520676102756063));
#11123=CARTESIAN_POINT('',(0.00665783323727321,-0.0306837909308407,0.0520676102756063));
#11124=CARTESIAN_POINT('',(0.00110732518054148,-0.0306837909308407,0.0536156418804196));
#11125=CARTESIAN_POINT('',(0.00161654610317741,-0.0306837909308407,0.0536156418804196));
#11126=CARTESIAN_POINT('',(0.00232945539486773,-0.0306837909308407,0.0538376622026889));
#11127=CARTESIAN_POINT('',(0.00110732518054148,-0.0306837909308407,0.0536156418804196));
#11128=CARTESIAN_POINT('',(0.00232945539486773,-0.0306837909308407,0.0538376622026889));
#11129=CARTESIAN_POINT('',(0.00232945539486773,-0.0306837909308407,0.0531155869343911));
#11130=CARTESIAN_POINT('',(0.00232945539486773,-0.0306837909308407,0.0523935116660933));
#11131=CARTESIAN_POINT('',(0.00232945539486773,-0.0306837909308407,0.0523935116660933));
#11132=CARTESIAN_POINT('',(0.00160432480103415,-0.0306837909308407,0.0520676102756063));
#11133=CARTESIAN_POINT('',(0.000547182165641945,-0.0306837909308407,0.0520676102756063));
#11134=CARTESIAN_POINT('',(0.000547182165641945,-0.0306837909308407,0.0520676102756063));
#11135=CARTESIAN_POINT('',(0.000547182165641945,-0.0306837909308407,0.0520676102756063));
#11136=CARTESIAN_POINT('',(-0.000617915305349083,-0.0306837909308407,0.0520676102756063));
#11137=CARTESIAN_POINT('',(-0.001149541948581,-0.0306837909308407,0.0526572881040187));
#11138=CARTESIAN_POINT('',(-0.001149541948581,-0.0306837909308407,0.0526572881040187));
#11139=CARTESIAN_POINT('',(-0.001149541948581,-0.0306837909308407,0.0526572881040187));
#11140=CARTESIAN_POINT('',(-0.00168116859181293,-0.0306837909308407,0.0532469659324312));
#11141=CARTESIAN_POINT('',(-0.00168116859181293,-0.0306837909308407,0.0544242847055655));
#11142=CARTESIAN_POINT('',(-0.00168116859181293,-0.0306837909308407,0.0544242847055655));
#11143=CARTESIAN_POINT('',(-0.00168116859181293,-0.0306837909308407,0.0561393407730033));
#11144=CARTESIAN_POINT('',(-0.00168116859181293,-0.0306837909308407,0.0578543968404411));
#11145=CARTESIAN_POINT('',(-0.00214557807325691,-0.0306837909308407,0.0578543968404411));
#11146=CARTESIAN_POINT('',(-0.00260998755470088,-0.0306837909308407,0.0578543968404411));
#11147=CARTESIAN_POINT('',(-0.00260998755470088,-0.0306837909308407,0.0582648289040857));
#11148=CARTESIAN_POINT('',(-0.00260998755470088,-0.0306837909308407,0.0586752609677303));
#11149=CARTESIAN_POINT('',(-0.00207530558593314,-0.0306837909308407,0.059000143916372));
#11150=CARTESIAN_POINT('',(-0.00154062361716541,-0.0306837909308407,0.0593250268650137));
#11151=CARTESIAN_POINT('',(-0.00126055210971564,-0.0306837909308407,0.0600766369468244));
#11152=CARTESIAN_POINT('',(-0.000980480602265873,-0.0306837909308407,0.060828247028635));
#11153=CARTESIAN_POINT('',(-0.000360249518495302,-0.0306837909308407,0.060828247028635));
#11154=CARTESIAN_POINT('',(0.00025998156527527,-0.0306837909308407,0.060828247028635));
#11155=CARTESIAN_POINT('',(0.00025998156527527,-0.0306837909308407,0.0600705262957527));
#11156=CARTESIAN_POINT('',(0.00025998156527527,-0.0306837909308407,0.0593128055628705));
#11157=CARTESIAN_POINT('',(0.00125601768995117,-0.0306837909308407,0.0593128055628705));
#11158=CARTESIAN_POINT('',(0.00225205381462706,-0.0306837909308407,0.0593128055628705));
#11159=CARTESIAN_POINT('',(0.00225205381462706,-0.0306837909308407,0.0585836012016558));
#11160=CARTESIAN_POINT('',(0.00225205381462706,-0.0306837909308407,0.0578543968404411));
#11161=CARTESIAN_POINT('',(0.00125601768995117,-0.0306837909308407,0.0578543968404411));
#11162=CARTESIAN_POINT('',(0.00025998156527527,-0.0306837909308407,0.0578543968404411));
#11163=CARTESIAN_POINT('',(0.00025998156527527,-0.0306837909308407,0.0561393407730033));
#11164=CARTESIAN_POINT('',(0.00025998156527527,-0.0306837909308407,0.0544242847055655));
#11165=CARTESIAN_POINT('',(0.00025998156527527,-0.0306837909308407,0.0544242847055655));
#11166=CARTESIAN_POINT('',(0.00025998156527527,-0.0306837909308407,0.0540107973163851));
#11167=CARTESIAN_POINT('',(0.000492186305997261,-0.0306837909308407,0.0538132195984023));
#11168=CARTESIAN_POINT('',(0.000492186305997261,-0.0306837909308407,0.0538132195984023));
#11169=CARTESIAN_POINT('',(0.000492186305997261,-0.0306837909308407,0.0538132195984023));
#11170=CARTESIAN_POINT('',(0.000724391046719251,-0.0306837909308407,0.0536156418804196));
#11171=CARTESIAN_POINT('',(0.00110732518054148,-0.0306837909308407,0.0536156418804196));
#11172=CARTESIAN_POINT('',(-0.0054341267916398,-0.0306837909308407,0.0526796938246147));
#11173=CARTESIAN_POINT('',(-0.0052457150502645,-0.0306837909308407,0.0521959339481106));
#11174=CARTESIAN_POINT('',(-0.00562253853301509,-0.0306837909308407,0.0531634537011189));
#11175=CARTESIAN_POINT('',(-0.00564799957914689,-0.0306837909308407,0.0531634537011189));
#11176=CARTESIAN_POINT('',(-0.00567346062527869,-0.0306837909308407,0.0531634537011189));
#11177=CARTESIAN_POINT('',(-0.00567346062527869,-0.0306837909308407,0.0531634537011189));
#11178=CARTESIAN_POINT('',(-0.00616231271100919,-0.0306837909308407,0.0525462779428841));
#11179=CARTESIAN_POINT('',(-0.00668171805209784,-0.0306837909308407,0.0523069441092452));
#11180=CARTESIAN_POINT('',(-0.00668171805209784,-0.0306837909308407,0.0523069441092452));
#11181=CARTESIAN_POINT('',(-0.00668171805209784,-0.0306837909308407,0.0523069441092452));
#11182=CARTESIAN_POINT('',(-0.0072011233931865,-0.0306837909308407,0.0520676102756063));
#11183=CARTESIAN_POINT('',(-0.0080342088226189,-0.0306837909308407,0.0520676102756063));
#11184=CARTESIAN_POINT('',(-0.0080342088226189,-0.0306837909308407,0.0520676102756063));
#11185=CARTESIAN_POINT('',(-0.0080342088226189,-0.0306837909308407,0.0520676102756063));
#11186=CARTESIAN_POINT('',(-0.00905876131896241,-0.0306837909308407,0.0520676102756063));
#11187=CARTESIAN_POINT('',(-0.00964742070552956,-0.0306837909308407,0.0526542327784829));
#11188=CARTESIAN_POINT('',(-0.00964742070552956,-0.0306837909308407,0.0526542327784829));
#11189=CARTESIAN_POINT('',(-0.00964742070552956,-0.0306837909308407,0.0526542327784829));
#11190=CARTESIAN_POINT('',(-0.0102360800920967,-0.0306837909308407,0.0532408552813595));
#11191=CARTESIAN_POINT('',(-0.0102360800920967,-0.0306837909308407,0.0543224405210383));
#11192=CARTESIAN_POINT('',(-0.0102360800920967,-0.0306837909308407,0.0543224405210383));
#11193=CARTESIAN_POINT('',(-0.0102360800920967,-0.0306837909308407,0.0543224405210383));
#11194=CARTESIAN_POINT('',(-0.0102360800920967,-0.0306837909308407,0.0554549478529806));
#11195=CARTESIAN_POINT('',(-0.00944373233647518,-0.0306837909308407,0.0559926851472841));
#11196=CARTESIAN_POINT('',(-0.00944373233647518,-0.0306837909308407,0.0559926851472841));
#11197=CARTESIAN_POINT('',(-0.00944373233647518,-0.0306837909308407,0.0559926851472841));
#11198=CARTESIAN_POINT('',(-0.00865138458085366,-0.0306837909308407,0.0565304224415877));
#11199=CARTESIAN_POINT('',(-0.00705446776746736,-0.0306837909308407,0.0565874551849229));
#11200=CARTESIAN_POINT('',(-0.00705446776746736,-0.0306837909308407,0.0565874551849229));
#11201=CARTESIAN_POINT('',(-0.00643627356738732,-0.0306837909308407,0.0566068055799831));
#11202=CARTESIAN_POINT('',(-0.00581807936730729,-0.0306837909308407,0.0566261559750432));
#11203=CARTESIAN_POINT('',(-0.00581807936730729,-0.0306837909308407,0.0567819775773699));
#11204=CARTESIAN_POINT('',(-0.00581807936730729,-0.0306837909308407,0.0569377991796965));
#11205=CARTESIAN_POINT('',(-0.00581807936730729,-0.0306837909308407,0.0569377991796965));
#11206=CARTESIAN_POINT('',(-0.00581807936730729,-0.0306837909308407,0.0580193844193752));
#11207=CARTESIAN_POINT('',(-0.0069261440949631,-0.0306837909308407,0.0580193844193752));
#11208=CARTESIAN_POINT('',(-0.0069261440949631,-0.0306837909308407,0.0580193844193752));
#11209=CARTESIAN_POINT('',(-0.0069261440949631,-0.0306837909308407,0.0580193844193752));
#11210=CARTESIAN_POINT('',(-0.00777959836130093,-0.0306837909308407,0.0580193844193752));
#11211=CARTESIAN_POINT('',(-0.0089324745301487,-0.0306837909308407,0.0575040528456676));
#11212=CARTESIAN_POINT('',(-0.0089324745301487,-0.0306837909308407,0.0575040528456676));
#11213=CARTESIAN_POINT('',(-0.00925328371140934,-0.0306837909308407,0.0581599293940227));
#11214=CARTESIAN_POINT('',(-0.00957409289266998,-0.0306837909308407,0.0588158059423778));
#11215=CARTESIAN_POINT('',(-0.00957409289266998,-0.0306837909308407,0.0588158059423778));
#11216=CARTESIAN_POINT('',(-0.0083458520272721,-0.0306837909308407,0.0594594611885896));
#11217=CARTESIAN_POINT('',(-0.00685077939841298,-0.0306837909308407,0.0594594611885896));
#11218=CARTESIAN_POINT('',(-0.00685077939841298,-0.0306837909308407,0.0594594611885896));
#11219=CARTESIAN_POINT('',(-0.00685077939841298,-0.0306837909308407,0.0594594611885896));
#11220=CARTESIAN_POINT('',(-0.00541885016396072,-0.0306837909308407,0.0594594611885896));
#11221=CARTESIAN_POINT('',(-0.00465501878000681,-0.0306837909308407,0.058835156337438));
#11222=CARTESIAN_POINT('',(-0.00465501878000681,-0.0306837909308407,0.058835156337438));
#11223=CARTESIAN_POINT('',(-0.00465501878000681,-0.0306837909308407,0.058835156337438));
#11224=CARTESIAN_POINT('',(-0.00389118739605291,-0.0306837909308407,0.0582108514862863));
#11225=CARTESIAN_POINT('',(-0.00389118739605291,-0.0306837909308407,0.0569377991796965));
#11226=CARTESIAN_POINT('',(-0.00389118739605291,-0.0306837909308407,0.0569377991796965));
#11227=CARTESIAN_POINT('',(-0.00389118739605291,-0.0306837909308407,0.0545668665639035));
#11228=CARTESIAN_POINT('',(-0.00389118739605291,-0.0306837909308407,0.0521959339481106));
#11229=CARTESIAN_POINT('',(-0.0045684512231587,-0.0306837909308407,0.0521959339481106));
#11230=CARTESIAN_POINT('',(-0.0142762388922902,-0.0306837909308407,0.0521959339481106));
#11231=CARTESIAN_POINT('',(-0.0131528975369554,-0.0306837909308407,0.0521959339481106));
#11232=CARTESIAN_POINT('',(-0.0153995802476251,-0.0306837909308407,0.0521959339481106));
#11233=CARTESIAN_POINT('',(-0.0160299957498484,-0.0306837909308407,0.0546401943767631));
#11234=CARTESIAN_POINT('',(-0.0166604112520717,-0.0306837909308407,0.0570844548054156));
#11235=CARTESIAN_POINT('',(-0.0166604112520717,-0.0306837909308407,0.0570844548054156));
#11236=CARTESIAN_POINT('',(-0.0167296652975502,-0.0306837909308407,0.0573451759178052));
#11237=CARTESIAN_POINT('',(-0.0168987266438653,-0.0306837909308407,0.0581629847195585));
#11238=CARTESIAN_POINT('',(-0.0168987266438653,-0.0306837909308407,0.0581629847195585));
#11239=CARTESIAN_POINT('',(-0.0168987266438653,-0.0306837909308407,0.0581629847195585));
#11240=CARTESIAN_POINT('',(-0.0170677879901804,-0.0306837909308407,0.0589807935213118));
#11241=CARTESIAN_POINT('',(-0.017092230594467,-0.0306837909308407,0.0592618834706069));
#11242=CARTESIAN_POINT('',(-0.017092230594467,-0.0306837909308407,0.0592618834706069));
#11243=CARTESIAN_POINT('',(-0.017092230594467,-0.0306837909308407,0.0592618834706069));
#11244=CARTESIAN_POINT('',(-0.0171309313845873,-0.0306837909308407,0.058917650126905));
#11245=CARTESIAN_POINT('',(-0.0172836976613781,-0.0306837909308407,0.0581568740684869));
#11246=CARTESIAN_POINT('',(-0.0172836976613781,-0.0306837909308407,0.0581568740684869));
#11247=CARTESIAN_POINT('',(-0.0418937762364371,-0.0306837909308407,0.0629108323364121));
#11248=CARTESIAN_POINT('',(-0.0175194999457628,-0.0306837909308407,0.0570721194267131));
#11249=CARTESIAN_POINT('',(-0.0181463179043234,-0.0306837909308407,0.0546340837256915));
#11250=CARTESIAN_POINT('',(-0.0187726596391656,-0.0306837909308407,0.0521959339481106));
#11251=CARTESIAN_POINT('',(-0.0198929456689646,-0.0306837909308407,0.0521959339481106));
#11252=CARTESIAN_POINT('',(-0.0210132316987637,-0.0306837909308407,0.0521959339481106));
#11253=CARTESIAN_POINT('',(-0.0222007348903507,-0.0306837909308407,0.0568491947391578));
#11254=CARTESIAN_POINT('',(-0.0233882380819378,-0.0306837909308407,0.061502455530205));
#11255=CARTESIAN_POINT('',(-0.0224176630033937,-0.0306837909308407,0.061502455530205));
#11256=CARTESIAN_POINT('',(-0.0214470879248496,-0.0306837909308407,0.061502455530205));
#11257=CARTESIAN_POINT('',(-0.0208512994453655,-0.0306837909308407,0.0589624615680969));
#11258=CARTESIAN_POINT('',(-0.0202555109658815,-0.0306837909308407,0.0564224676059889));
#11259=CARTESIAN_POINT('',(-0.0202555109658815,-0.0306837909308407,0.0564224676059889));
#11260=CARTESIAN_POINT('',(-0.0199438677612283,-0.0306837909308407,0.0550149809758231));
#11261=CARTESIAN_POINT('',(-0.0198053596702712,-0.0306837909308407,0.053984317828408));
#11262=CARTESIAN_POINT('',(-0.0198053596702712,-0.0306837909308407,0.053984317828408));
#11263=CARTESIAN_POINT('',(-0.0198053596702712,-0.0306837909308407,0.053984317828408));
#11264=CARTESIAN_POINT('',(-0.0197666588801509,-0.0306837909308407,0.0543468831253248));
#11265=CARTESIAN_POINT('',(-0.0196291692310392,-0.0306837909308407,0.0551076591837429));
#11266=CARTESIAN_POINT('',(-0.0196291692310392,-0.0306837909308407,0.0551076591837429));
#11267=CARTESIAN_POINT('',(-0.0196291692310392,-0.0306837909308407,0.0551076591837429));
#11268=CARTESIAN_POINT('',(-0.0194916795819275,-0.0306837909308407,0.055868435242161));
#11269=CARTESIAN_POINT('',(-0.0193715034441855,-0.0306837909308407,0.056288033282413));
#11270=CARTESIAN_POINT('',(-0.0193715034441855,-0.0306837909308407,0.056288033282413));
#11271=CARTESIAN_POINT('',(-0.0186932211752344,-0.0306837909308407,0.058895244406309));
#11272=CARTESIAN_POINT('',(-0.0180149389062833,-0.0306837909308407,0.061502455530205));
#11273=CARTESIAN_POINT('',(-0.0170830646178596,-0.0306837909308407,0.061502455530205));
#11274=CARTESIAN_POINT('',(-0.0161511903294358,-0.0306837909308407,0.061502455530205));
#11275=CARTESIAN_POINT('',(-0.0154729080604847,-0.0306837909308407,0.058895244406309));
#11276=CARTESIAN_POINT('',(-0.0147946257915336,-0.0306837909308407,0.056288033282413));
#11277=CARTESIAN_POINT('',(-0.0147946257915336,-0.0306837909308407,0.056288033282413));
#11278=CARTESIAN_POINT('',(-0.0147050029091497,-0.0306837909308407,0.05593972617133));
#11279=CARTESIAN_POINT('',(-0.0145715870274191,-0.0306837909308407,0.0552196877867228));
#11280=CARTESIAN_POINT('',(-0.0145715870274191,-0.0306837909308407,0.0552196877867228));
#11281=CARTESIAN_POINT('',(-0.0402254591081507,-0.0306837909308407,0.0503583976549671));
#11282=CARTESIAN_POINT('',(-0.0143690347897389,-0.0306837909308407,0.0539884830324739));
#11283=CARTESIAN_POINT('',(0.0070565341775821,-0.0306837909308407,0.0510744530557884));
#11284=CARTESIAN_POINT('',(-0.0141645963332329,-0.0306837909308407,0.0552229703959241));
#11285=CARTESIAN_POINT('',(0.00856191660342418,-0.0306837909308407,0.051051006667981));
#11286=CARTESIAN_POINT('',(-0.0139109577028737,-0.0306837909308407,0.0564225487384159));
#11287=CARTESIAN_POINT('',(-0.0133189035577347,-0.0306837909308407,0.0589624615680969));
#11288=CARTESIAN_POINT('',(-0.0127271888456317,-0.0306837909308407,0.061502455530205));
#11289=CARTESIAN_POINT('',(-0.0117555953252423,-0.0306837909308407,0.061502455530205));
#11290=CARTESIAN_POINT('',(-0.010784001804853,-0.0306837909308407,0.061502455530205));
#11291=CARTESIAN_POINT('',(-0.0119684496709042,-0.0306837909308407,0.0568491947391578));
#11292=CARTESIAN_POINT('',(-0.0268509403558621,-0.0306837909308407,0.0520676102756063));
#11293=CARTESIAN_POINT('',(-0.0285680333069905,-0.0306837909308407,0.0520676102756063));
#11294=CARTESIAN_POINT('',(-0.0295355530599988,-0.0306837909308407,0.0530167980753997));
#11295=CARTESIAN_POINT('',(-0.0268509403558621,-0.0306837909308407,0.0520676102756063));
#11296=CARTESIAN_POINT('',(-0.0295355530599988,-0.0306837909308407,0.0530167980753997));
#11297=CARTESIAN_POINT('',(-0.0295355530599988,-0.0306837909308407,0.0530167980753997));
#11298=CARTESIAN_POINT('',(-0.030503072813007,-0.0306837909308407,0.0539659858751931));
#11299=CARTESIAN_POINT('',(-0.030503072813007,-0.0306837909308407,0.0557034476632269));
#11300=CARTESIAN_POINT('',(-0.030503072813007,-0.0306837909308407,0.0557034476632269));
#11301=CARTESIAN_POINT('',(-0.030503072813007,-0.0306837909308407,0.0557034476632269));
#11302=CARTESIAN_POINT('',(-0.030503072813007,-0.0306837909308407,0.0574918315435243));
#11303=CARTESIAN_POINT('',(-0.0296088808728584,-0.0306837909308407,0.0584685172731401));
#11304=CARTESIAN_POINT('',(-0.0296088808728584,-0.0306837909308407,0.0584685172731401));
#11305=CARTESIAN_POINT('',(-0.0296088808728584,-0.0306837909308407,0.0584685172731401));
#11306=CARTESIAN_POINT('',(-0.0287146889327097,-0.0306837909308407,0.0594452030027558));
#11307=CARTESIAN_POINT('',(-0.0271361040725383,-0.0306837909308407,0.0594452030027558));
#11308=CARTESIAN_POINT('',(-0.0271361040725383,-0.0306837909308407,0.0594452030027558));
#11309=CARTESIAN_POINT('',(-0.0271361040725383,-0.0306837909308407,0.0594452030027558));
#11310=CARTESIAN_POINT('',(-0.0256288101415359,-0.0306837909308407,0.0594452030027558));
#11311=CARTESIAN_POINT('',(-0.0247885956191866,-0.0306837909308407,0.0585866565271916));
#11312=CARTESIAN_POINT('',(-0.0247885956191866,-0.0306837909308407,0.0585866565271916));
#11313=CARTESIAN_POINT('',(-0.0247885956191866,-0.0306837909308407,0.0585866565271916));
#11314=CARTESIAN_POINT('',(-0.0239483810968373,-0.0306837909308407,0.0577281100516274));
#11315=CARTESIAN_POINT('',(-0.0239483810968373,-0.0306837909308407,0.0562126685858629));
#11316=CARTESIAN_POINT('',(-0.0239483810968373,-0.0306837909308407,0.0562126685858629));
#11317=CARTESIAN_POINT('',(-0.0239483810968373,-0.0306837909308407,0.055741130011502));
#11318=CARTESIAN_POINT('',(-0.0239483810968373,-0.0306837909308407,0.0552695914371411));
#11319=CARTESIAN_POINT('',(-0.0262429305742348,-0.0306837909308407,0.0552695914371411));
#11320=CARTESIAN_POINT('',(-0.0285374800516324,-0.0306837909308407,0.0552695914371411));
#11321=CARTESIAN_POINT('',(-0.0285374800516324,-0.0306837909308407,0.0552695914371411));
#11322=CARTESIAN_POINT('',(-0.0285048899125836,-0.0306837909308407,0.0544426166587804));
#11323=CARTESIAN_POINT('',(-0.0280465910822113,-0.0306837909308407,0.0539782071773364));
#11324=CARTESIAN_POINT('',(-0.0280465910822113,-0.0306837909308407,0.0539782071773364));
#11325=CARTESIAN_POINT('',(-0.0280465910822113,-0.0306837909308407,0.0539782071773364));
#11326=CARTESIAN_POINT('',(-0.0275882922518389,-0.0306837909308407,0.0535137976958924));
#11327=CARTESIAN_POINT('',(-0.0267613174734782,-0.0306837909308407,0.0535137976958924));
#11328=CARTESIAN_POINT('',(-0.0267613174734782,-0.0306837909308407,0.0535137976958924));
#11329=CARTESIAN_POINT('',(-0.0267280070673916,-0.0306837909308407,0.0588623859556861));
#11330=CARTESIAN_POINT('',(-0.0255451895501768,-0.0306837909308407,0.0536467677043383));
#11331=CARTESIAN_POINT('',(-0.0269813756639066,-0.0306837909308407,0.0595337220130123));
#11332=CARTESIAN_POINT('',(-0.0243496471838744,-0.0306837909308407,0.0540739407107919));
#11333=CARTESIAN_POINT('',(-0.0243496471838744,-0.0306837909308407,0.0533223306289813));
#11334=CARTESIAN_POINT('',(-0.0243496471838744,-0.0306837909308407,0.0525704760008958));
#11335=CARTESIAN_POINT('',(-0.0263810082096225,-0.0306837909308407,0.0566576961872062));
#11336=CARTESIAN_POINT('',(-0.0254373430746248,-0.0306837909308407,0.0521918601807295));
#11337=CARTESIAN_POINT('',(-0.0254373430746248,-0.0306837909308407,0.0521918601807295));
#11338=CARTESIAN_POINT('',(-0.0260158180427392,-0.0306837909308407,0.0520676102756063));
#11339=CARTESIAN_POINT('',(-0.0268509403558621,-0.0306837909308407,0.0520676102756063));
#11340=CARTESIAN_POINT('',(-0.0320185142787716,-0.0306837909308407,0.0594452030027558));
#11341=CARTESIAN_POINT('',(-0.0316233588428061,-0.0306837909308407,0.0594452030027558));
#11342=CARTESIAN_POINT('',(-0.0313626377304166,-0.0306837909308407,0.0593881702594206));
#11343=CARTESIAN_POINT('',(-0.0320185142787716,-0.0306837909308407,0.0594452030027558));
#11344=CARTESIAN_POINT('',(-0.0313626377304166,-0.0306837909308407,0.0593881702594206));
#11345=CARTESIAN_POINT('',(-0.0314359655432761,-0.0306837909308407,0.0584787016915928));
#11346=CARTESIAN_POINT('',(-0.0315092933561357,-0.0306837909308407,0.057569233123765));
#11347=CARTESIAN_POINT('',(-0.0315092933561357,-0.0306837909308407,0.057569233123765));
#11348=CARTESIAN_POINT('',(-0.0317455718642388,-0.0306837909308407,0.0576323765181719));
#11349=CARTESIAN_POINT('',(-0.0320816576731785,-0.0306837909308407,0.0576323765181719));
#11350=CARTESIAN_POINT('',(-0.0320816576731785,-0.0306837909308407,0.0576323765181719));
#11351=CARTESIAN_POINT('',(-0.0320816576731785,-0.0306837909308407,0.0576323765181719));
#11352=CARTESIAN_POINT('',(-0.0330104766360664,-0.0306837909308407,0.0576323765181719));
#11353=CARTESIAN_POINT('',(-0.0335298819771551,-0.0306837909308407,0.0571547272927394));
#11354=CARTESIAN_POINT('',(-0.0335298819771551,-0.0306837909308407,0.0571547272927394));
#11355=CARTESIAN_POINT('',(-0.0335298819771551,-0.0306837909308407,0.0571547272927394));
#11356=CARTESIAN_POINT('',(-0.0340492873182437,-0.0306837909308407,0.0566770780673069));
#11357=CARTESIAN_POINT('',(-0.0340492873182437,-0.0306837909308407,0.0558175131498974));
#11358=CARTESIAN_POINT('',(-0.0340492873182437,-0.0306837909308407,0.0558175131498974));
#11359=CARTESIAN_POINT('',(-0.0340492873182437,-0.0306837909308407,0.054006723549004));
#11360=CARTESIAN_POINT('',(-0.0340492873182437,-0.0306837909308407,0.0521959339481106));
#11361=CARTESIAN_POINT('',(-0.0350198623967879,-0.0306837909308407,0.0521959339481106));
#11362=CARTESIAN_POINT('',(-0.0359904374753319,-0.0306837909308407,0.0521959339481106));
#11363=CARTESIAN_POINT('',(-0.0359904374753319,-0.0306837909308407,0.0557543697554905));
#11364=CARTESIAN_POINT('',(-0.0359904374753319,-0.0306837909308407,0.0593128055628705));
#11365=CARTESIAN_POINT('',(-0.0352551224630457,-0.0306837909308407,0.0593128055628705));
#11366=CARTESIAN_POINT('',(-0.0345198074507593,-0.0306837909308407,0.0593128055628705));
#11367=CARTESIAN_POINT('',(-0.034376207150576,-0.0306837909308407,0.0587139617578506));
#11368=CARTESIAN_POINT('',(-0.0342326068503927,-0.0306837909308407,0.0581151179528307));
#11369=CARTESIAN_POINT('',(-0.0341857585255102,-0.0306837909308407,0.0581151179528307));
#11370=CARTESIAN_POINT('',(-0.0341383547985625,-0.0306837909308407,0.0581151179528307));
#11371=CARTESIAN_POINT('',(-0.0317882890434293,-0.0306837909308407,0.0568325615617681));
#11372=CARTESIAN_POINT('',(-0.0332435628922141,-0.0306837909308407,0.0590793788338493));
#11373=CARTESIAN_POINT('',(-0.0320272608446768,-0.0306837909308407,0.0572418510824646));
#11374=CARTESIAN_POINT('',(-0.0389978962444198,-0.0306837909308407,0.0521959339481106));
#11375=CARTESIAN_POINT('',(-0.0380273211658757,-0.0306837909308407,0.0521959339481106));
#11376=CARTESIAN_POINT('',(-0.0399684713229639,-0.0306837909308407,0.0521959339481106));
#11377=CARTESIAN_POINT('',(-0.0399684713229639,-0.0306837909308407,0.0557543697554905));
#11378=CARTESIAN_POINT('',(-0.0399684713229639,-0.0306837909308407,0.0593128055628705));
#11379=CARTESIAN_POINT('',(-0.0389978962444198,-0.0306837909308407,0.0593128055628705));
#11380=CARTESIAN_POINT('',(-0.0380273211658757,-0.0306837909308407,0.0593128055628705));
#11381=CARTESIAN_POINT('',(-0.0380273211658757,-0.0306837909308407,0.0557543697554905));
#11382=CARTESIAN_POINT('',(-0.0400519835542762,-0.0306837909308407,0.0611521115354315));
#11383=CARTESIAN_POINT('',(-0.0400519835542762,-0.0306837909308407,0.0621012993352249));
#11384=CARTESIAN_POINT('',(-0.038994840918884,-0.0306837909308407,0.0621012993352249));
#11385=CARTESIAN_POINT('',(-0.0400519835542762,-0.0306837909308407,0.0611521115354315));
#11386=CARTESIAN_POINT('',(-0.038994840918884,-0.0306837909308407,0.0621012993352249));
#11387=CARTESIAN_POINT('',(-0.038994840918884,-0.0306837909308407,0.0621012993352249));
#11388=CARTESIAN_POINT('',(-0.0379376982834918,-0.0306837909308407,0.0621012993352249));
#11389=CARTESIAN_POINT('',(-0.0379376982834918,-0.0306837909308407,0.0611521115354315));
#11390=CARTESIAN_POINT('',(-0.0379376982834918,-0.0306837909308407,0.0611521115354315));
#11391=CARTESIAN_POINT('',(-0.0379376982834918,-0.0306837909308407,0.0611521115354315));
#11392=CARTESIAN_POINT('',(-0.0379376982834918,-0.0306837909308407,0.0606999233561308));
#11393=CARTESIAN_POINT('',(-0.0382014747214172,-0.0306837909308407,0.0604483682203486));
#11394=CARTESIAN_POINT('',(-0.0382014747214172,-0.0306837909308407,0.0604483682203486));
#11395=CARTESIAN_POINT('',(-0.0382014747214172,-0.0306837909308407,0.0604483682203486));
#11396=CARTESIAN_POINT('',(-0.0384652511593426,-0.0306837909308407,0.0601968130845665));
#11397=CARTESIAN_POINT('',(-0.038994840918884,-0.0306837909308407,0.0601968130845665));
#11398=CARTESIAN_POINT('',(-0.038994840918884,-0.0306837909308407,0.0601968130845665));
#11399=CARTESIAN_POINT('',(-0.038994840918884,-0.0306837909308407,0.0601968130845665));
#11400=CARTESIAN_POINT('',(-0.0400519835542762,-0.0306837909308407,0.0601968130845665));
#11401=CARTESIAN_POINT('',(-0.0400519835542762,-0.0306837909308407,0.0611521115354315));
#11402=CARTESIAN_POINT('',(0.0123915106514192,-0.0306837909308407,0.0427930275763376));
#11403=CARTESIAN_POINT('',(0.0131060861936482,-0.0306837909308407,0.0427930275763376));
#11404=CARTESIAN_POINT('',(0.0116769351091902,-0.0306837909308407,0.0427930275763376));
#11405=CARTESIAN_POINT('',(0.0116769351091902,-0.0306837909308407,0.0443234039474703));
#11406=CARTESIAN_POINT('',(0.0116769351091902,-0.0306837909308407,0.045853780318603));
#11407=CARTESIAN_POINT('',(0.0116769351091902,-0.0306837909308407,0.045853780318603));
#11408=CARTESIAN_POINT('',(0.0116769351091902,-0.0306837909308407,0.0469875035293588));
#11409=CARTESIAN_POINT('',(0.01083264123663,-0.0306837909308407,0.0469875035293588));
#11410=CARTESIAN_POINT('',(0.01083264123663,-0.0306837909308407,0.0469875035293588));
#11411=CARTESIAN_POINT('',(0.01083264123663,-0.0306837909308407,0.0469875035293588));
#11412=CARTESIAN_POINT('',(0.0102327876859655,-0.0306837909308407,0.0469875035293588));
#11413=CARTESIAN_POINT('',(0.00996585285591984,-0.0306837909308407,0.046579603114907));
#11414=CARTESIAN_POINT('',(0.00996585285591984,-0.0306837909308407,0.046579603114907));
#11415=CARTESIAN_POINT('',(0.00996585285591984,-0.0306837909308407,0.046579603114907));
#11416=CARTESIAN_POINT('',(0.00969891802587416,-0.0306837909308407,0.0461717027004552));
#11417=CARTESIAN_POINT('',(0.00969891802587416,-0.0306837909308407,0.0452584256695686));
#11418=CARTESIAN_POINT('',(0.00969891802587416,-0.0306837909308407,0.0452584256695686));
#11419=CARTESIAN_POINT('',(0.00969891802587416,-0.0306837909308407,0.0440257266229531));
#11420=CARTESIAN_POINT('',(0.00969891802587416,-0.0306837909308407,0.0427930275763376));
#11421=CARTESIAN_POINT('',(0.00898434248364513,-0.0306837909308407,0.0427930275763376));
#11422=CARTESIAN_POINT('',(0.0082697669414161,-0.0306837909308407,0.0427930275763376));
#11423=CARTESIAN_POINT('',(0.0082697669414161,-0.0306837909308407,0.0464393873474392));
#11424=CARTESIAN_POINT('',(0.0082697669414161,-0.0306837909308407,0.0500857471185407));
#11425=CARTESIAN_POINT('',(0.00898434248364513,-0.0306837909308407,0.0500857471185407));
#11426=CARTESIAN_POINT('',(0.00969891802587416,-0.0306837909308407,0.0500857471185407));
#11427=CARTESIAN_POINT('',(0.00969891802587416,-0.0306837909308407,0.0493426785326551));
#11428=CARTESIAN_POINT('',(0.00969932905408819,-0.0306837909308407,0.0485995992967081));
#11429=CARTESIAN_POINT('',(-0.015569412713223,-0.0306837909308407,0.0492543320970575));
#11430=CARTESIAN_POINT('',(0.0096656694742616,-0.0306837909308407,0.0477838240709245));
#11431=CARTESIAN_POINT('',(0.00964943010794434,-0.0306837909308407,0.047573110558195));
#11432=CARTESIAN_POINT('',(0.00963293413530107,-0.0306837909308407,0.0473624119985241));
#11433=CARTESIAN_POINT('',(0.0096704249822176,-0.0306837909308407,0.0473624119985241));
#11434=CARTESIAN_POINT('',(0.00970791582913413,-0.0306837909308407,0.0473624119985241));
#11435=CARTESIAN_POINT('',(0.00970791582913413,-0.0306837909308407,0.0473624119985241));
#11436=CARTESIAN_POINT('',(0.010186299035789,-0.0306837909308407,0.0481302245433746));
#11437=CARTESIAN_POINT('',(0.0112270449461918,-0.0306837909308407,0.0481302245433746));
#11438=CARTESIAN_POINT('',(0.0112270449461918,-0.0306837909308407,0.0481302245433746));
#11439=CARTESIAN_POINT('',(0.0112270449461918,-0.0306837909308407,0.0481302245433746));
#11440=CARTESIAN_POINT('',(0.0121508194142151,-0.0306837909308407,0.0481302245433746));
#11441=CARTESIAN_POINT('',(0.0126284528039317,-0.0306837909308407,0.0476338457301998));
#11442=CARTESIAN_POINT('',(0.0126284528039317,-0.0306837909308407,0.0476338457301998));
#11443=CARTESIAN_POINT('',(0.0126284528039317,-0.0306837909308407,0.0476338457301998));
#11444=CARTESIAN_POINT('',(0.0131060861936482,-0.0306837909308407,0.047137466917025));
#11445=CARTESIAN_POINT('',(0.0131060861936482,-0.0306837909308407,0.0462091935473717));
#11446=CARTESIAN_POINT('',(0.0131060861936482,-0.0306837909308407,0.0462091935473717));
#11447=CARTESIAN_POINT('',(0.0131060861936482,-0.0306837909308407,0.0445011105618547));
#11448=CARTESIAN_POINT('',(0.00527949699135382,-0.0306837909308407,0.0493869177320166));
#11449=CARTESIAN_POINT('',(0.00527949699135382,-0.0306837909308407,0.0500857471185407));
#11450=CARTESIAN_POINT('',(0.00605780697334094,-0.0306837909308407,0.0500857471185407));
#11451=CARTESIAN_POINT('',(0.00527949699135382,-0.0306837909308407,0.0493869177320166));
#11452=CARTESIAN_POINT('',(0.00605780697334094,-0.0306837909308407,0.0500857471185407));
#11453=CARTESIAN_POINT('',(0.00605780697334094,-0.0306837909308407,0.0500857471185407));
#11454=CARTESIAN_POINT('',(0.00683611695532807,-0.0306837909308407,0.0500857471185407));
#11455=CARTESIAN_POINT('',(0.00683611695532807,-0.0306837909308407,0.0493869177320166));
#11456=CARTESIAN_POINT('',(0.00683611695532807,-0.0306837909308407,0.0493869177320166));
#11457=CARTESIAN_POINT('',(0.00683611695532807,-0.0306837909308407,0.0493869177320166));
#11458=CARTESIAN_POINT('',(0.00683611695532807,-0.0306837909308407,0.0490539990113979));
#11459=CARTESIAN_POINT('',(0.00664191436830045,-0.0306837909308407,0.0488687942276302));
#11460=CARTESIAN_POINT('',(0.00664191436830045,-0.0306837909308407,0.0488687942276302));
#11461=CARTESIAN_POINT('',(0.00664191436830045,-0.0306837909308407,0.0488687942276302));
#11462=CARTESIAN_POINT('',(0.00644771178127283,-0.0306837909308407,0.0486835894438626));
#11463=CARTESIAN_POINT('',(0.00605780697334094,-0.0306837909308407,0.0486835894438626));
#11464=CARTESIAN_POINT('',(0.00605780697334094,-0.0306837909308407,0.0486835894438626));
#11465=CARTESIAN_POINT('',(0.00605780697334094,-0.0306837909308407,0.0486835894438626));
#11466=CARTESIAN_POINT('',(0.00527949699135382,-0.0306837909308407,0.0486835894438626));
#11467=CARTESIAN_POINT('',(0.00527949699135382,-0.0306837909308407,0.0493869177320166));
#11468=CARTESIAN_POINT('',(0.00491958486095515,-0.0306837909308407,0.0404865906740328));
#11469=CARTESIAN_POINT('',(0.00437071886209717,-0.0306837909308407,0.0404865906740328));
#11470=CARTESIAN_POINT('',(0.00397781478641196,-0.0306837909308407,0.0406050617502891));
#11471=CARTESIAN_POINT('',(0.00491958486095515,-0.0306837909308407,0.0404865906740328));
#11472=CARTESIAN_POINT('',(0.00397781478641196,-0.0306837909308407,0.0406050617502891));
#11473=CARTESIAN_POINT('',(0.00397781478641196,-0.0306837909308407,0.041167424454037));
#11474=CARTESIAN_POINT('',(0.00397781478641196,-0.0306837909308407,0.0417297527783544));
#11475=CARTESIAN_POINT('',(0.00464401865919044,-0.0306837909308407,0.0441538043459033));
#11476=CARTESIAN_POINT('',(0.00464815112927949,-0.0306837909308407,0.0416398091251853));
#11477=CARTESIAN_POINT('',(0.00464815112927949,-0.0306837909308407,0.0416398091251853));
#11478=CARTESIAN_POINT('',(0.00500806325967815,-0.0306837909308407,0.0416398091251853));
#11479=CARTESIAN_POINT('',(0.00517452261998754,-0.0306837909308407,0.0418415098815962));
#11480=CARTESIAN_POINT('',(0.00517452261998754,-0.0306837909308407,0.0418415098815962));
#11481=CARTESIAN_POINT('',(0.00517452261998754,-0.0306837909308407,0.0418415098815962));
#11482=CARTESIAN_POINT('',(0.00534098198029692,-0.0306837909308407,0.0420432106380071));
#11483=CARTESIAN_POINT('',(0.00534098198029692,-0.0306837909308407,0.0424361147136924));
#11484=CARTESIAN_POINT('',(0.00534098198029692,-0.0306837909308407,0.0424361147136924));
#11485=CARTESIAN_POINT('',(0.00534098198029692,-0.0306837909308407,0.045234431527542));
#11486=CARTESIAN_POINT('',(0.00534098198029692,-0.0306837909308407,0.0480327483413916));
#11487=CARTESIAN_POINT('',(0.00605555752252595,-0.0306837909308407,0.0480327483413916));
#11488=CARTESIAN_POINT('',(0.00677013306475498,-0.0306837909308407,0.0480327483413916));
#11489=CARTESIAN_POINT('',(0.00677013306475498,-0.0306837909308407,0.0451294571561757));
#11490=CARTESIAN_POINT('',(0.00677013306475498,-0.0306837909308407,0.0422261659709598));
#11491=CARTESIAN_POINT('',(0.00677013306475498,-0.0306837909308407,0.0422261659709598));
#11492=CARTESIAN_POINT('',(0.00677013306475498,-0.0306837909308407,0.0413923695355362));
#11493=CARTESIAN_POINT('',(0.0062872509564701,-0.0306837909308407,0.0409394801047845));
#11494=CARTESIAN_POINT('',(0.0062872509564701,-0.0306837909308407,0.0409394801047845));
#11495=CARTESIAN_POINT('',(0.0062872509564701,-0.0306837909308407,0.0409394801047845));
#11496=CARTESIAN_POINT('',(0.00580436884818521,-0.0306837909308407,0.0404865906740328));
#11497=CARTESIAN_POINT('',(0.00491958486095515,-0.0306837909308407,0.0404865906740328));
#11498=CARTESIAN_POINT('',(0.0026491391716902,-0.0306837909308407,0.0431281957477714));
#11499=CARTESIAN_POINT('',(0.00274511573979652,-0.0306837909308407,0.0427930275763376));
#11500=CARTESIAN_POINT('',(0.00255316260358389,-0.0306837909308407,0.0434633639192052));
#11501=CARTESIAN_POINT('',(0.00251567175666736,-0.0306837909308407,0.0434633639192052));
#11502=CARTESIAN_POINT('',(0.00247818090975083,-0.0306837909308407,0.0434633639192052));
#11503=CARTESIAN_POINT('',(0.00247818090975083,-0.0306837909308407,0.0434633639192052));
#11504=CARTESIAN_POINT('',(0.00224873692662169,-0.0306837909308407,0.0430974532532999));
#11505=CARTESIAN_POINT('',(0.00182658999034158,-0.0306837909308407,0.042898001947704));
#11506=CARTESIAN_POINT('',(0.00182658999034158,-0.0306837909308407,0.042898001947704));
#11507=CARTESIAN_POINT('',(0.00182658999034158,-0.0306837909308407,0.042898001947704));
#11508=CARTESIAN_POINT('',(0.00140444305406147,-0.0306837909308407,0.042698550642108));
#11509=CARTESIAN_POINT('',(0.000866074492340122,-0.0306837909308407,0.042698550642108));
#11510=CARTESIAN_POINT('',(0.000866074492340122,-0.0306837909308407,0.042698550642108));
#11511=CARTESIAN_POINT('',(0.000866074492340122,-0.0306837909308407,0.042698550642108));
#11512=CARTESIAN_POINT('',(-5.76999756831328E-5,-0.0306837909308407,0.042698550642108));
#11513=CARTESIAN_POINT('',(-0.000526335562139733,-0.0306837909308407,0.0431934298214062));
#11514=CARTESIAN_POINT('',(-0.000526335562139733,-0.0306837909308407,0.0431934298214062));
#11515=CARTESIAN_POINT('',(-0.000526335562139733,-0.0306837909308407,0.0431934298214062));
#11516=CARTESIAN_POINT('',(-0.000994971148596334,-0.0306837909308407,0.0436883090007044));
#11517=CARTESIAN_POINT('',(-0.000994971148596334,-0.0306837909308407,0.0446165823703576));
#11518=CARTESIAN_POINT('',(-0.000994971148596334,-0.0306837909308407,0.0446165823703576));
#11519=CARTESIAN_POINT('',(-0.000994971148596334,-0.0306837909308407,0.0463246653558746));
#11520=CARTESIAN_POINT('',(-0.000994971148596334,-0.0306837909308407,0.0480327483413916));
#11521=CARTESIAN_POINT('',(-0.000280395606367306,-0.0306837909308407,0.0480327483413916));
#11522=CARTESIAN_POINT('',(0.000434179935861721,-0.0306837909308407,0.0480327483413916));
#11523=CARTESIAN_POINT('',(0.000434179935861721,-0.0306837909308407,0.046502371970259));
#11524=CARTESIAN_POINT('',(0.000434179935861721,-0.0306837909308407,0.0449719955991263));
#11525=CARTESIAN_POINT('',(0.000434179935861721,-0.0306837909308407,0.0449719955991263));
#11526=CARTESIAN_POINT('',(0.000434179935861721,-0.0306837909308407,0.0444051339937484));
#11527=CARTESIAN_POINT('',(0.00063588069227264,-0.0306837909308407,0.0441217031910595));
#11528=CARTESIAN_POINT('',(0.00063588069227264,-0.0306837909308407,0.0441217031910595));
#11529=CARTESIAN_POINT('',(0.00063588069227264,-0.0306837909308407,0.0441217031910595));
#11530=CARTESIAN_POINT('',(0.00083758144868356,-0.0306837909308407,0.0438382723883705));
#11531=CARTESIAN_POINT('',(0.00127847380842194,-0.0306837909308407,0.0438382723883705));
#11532=CARTESIAN_POINT('',(0.00127847380842194,-0.0306837909308407,0.0438382723883705));
#11533=CARTESIAN_POINT('',(0.00127847380842194,-0.0306837909308407,0.0438382723883705));
#11534=CARTESIAN_POINT('',(0.00187832735908638,-0.0306837909308407,0.0438382723883705));
#11535=CARTESIAN_POINT('',(0.00214526218913206,-0.0306837909308407,0.044238674633439));
#11536=CARTESIAN_POINT('',(0.00214526218913206,-0.0306837909308407,0.044238674633439));
#11537=CARTESIAN_POINT('',(0.00214526218913206,-0.0306837909308407,0.044238674633439));
#11538=CARTESIAN_POINT('',(0.00241219701917775,-0.0306837909308407,0.0446390768785075));
#11539=CARTESIAN_POINT('',(0.00241219701917775,-0.0306837909308407,0.0455673502481608));
#11540=CARTESIAN_POINT('',(0.00241219701917775,-0.0306837909308407,0.0455673502481608));
#11541=CARTESIAN_POINT('',(0.00241219701917775,-0.0306837909308407,0.0468000492947762));
#11542=CARTESIAN_POINT('',(0.00241219701917775,-0.0306837909308407,0.0480327483413916));
#11543=CARTESIAN_POINT('',(0.00312677256140677,-0.0306837909308407,0.0480327483413916));
#11544=CARTESIAN_POINT('',(0.00384134810363579,-0.0306837909308407,0.0480327483413916));
#11545=CARTESIAN_POINT('',(0.00384134810363579,-0.0306837909308407,0.0454128879588647));
#11546=CARTESIAN_POINT('',(0.00384134810363579,-0.0306837909308407,0.0427930275763376));
#11547=CARTESIAN_POINT('',(0.00329323192171615,-0.0306837909308407,0.0427930275763376));
#11548=CARTESIAN_POINT('',(0.0177661984653727,-0.0306837909308407,0.0431491906220447));
#11549=CARTESIAN_POINT('',(0.0179049145989639,-0.0306837909308407,0.0427930275763376));
#11550=CARTESIAN_POINT('',(0.0176274823317816,-0.0306837909308407,0.0435053536677517));
#11551=CARTESIAN_POINT('',(0.0176087369083232,-0.0306837909308407,0.0435053536677517));
#11552=CARTESIAN_POINT('',(0.017589991484865,-0.0306837909308407,0.0435053536677517));
#11553=CARTESIAN_POINT('',(0.017589991484865,-0.0306837909308407,0.0435053536677517));
#11554=CARTESIAN_POINT('',(0.0172300793544664,-0.0306837909308407,0.0430509646031234));
#11555=CARTESIAN_POINT('',(0.0168476727159177,-0.0306837909308407,0.0428747576226157));
#11556=CARTESIAN_POINT('',(0.0168476727159177,-0.0306837909308407,0.0428747576226157));
#11557=CARTESIAN_POINT('',(0.0168476727159177,-0.0306837909308407,0.0428747576226157));
#11558=CARTESIAN_POINT('',(0.0164652660773692,-0.0306837909308407,0.042698550642108));
#11559=CARTESIAN_POINT('',(0.0158519158218147,-0.0306837909308407,0.042698550642108));
#11560=CARTESIAN_POINT('',(0.0158519158218147,-0.0306837909308407,0.042698550642108));
#11561=CARTESIAN_POINT('',(0.0158519158218147,-0.0306837909308407,0.042698550642108));
#11562=CARTESIAN_POINT('',(0.0150975999818542,-0.0306837909308407,0.042698550642108));
#11563=CARTESIAN_POINT('',(0.0146642057914991,-0.0306837909308407,0.0431304451985864));
#11564=CARTESIAN_POINT('',(0.0146642057914991,-0.0306837909308407,0.0431304451985864));
#11565=CARTESIAN_POINT('',(0.0146642057914991,-0.0306837909308407,0.0431304451985864));
#11566=CARTESIAN_POINT('',(0.0142308116011441,-0.0306837909308407,0.0435623397550648));
#11567=CARTESIAN_POINT('',(0.0142308116011441,-0.0306837909308407,0.0443586453435719));
#11568=CARTESIAN_POINT('',(0.0142308116011441,-0.0306837909308407,0.0443586453435719));
#11569=CARTESIAN_POINT('',(0.0142308116011441,-0.0306837909308407,0.0443586453435719));
#11570=CARTESIAN_POINT('',(0.0142308116011441,-0.0306837909308407,0.0451924417789955));
#11571=CARTESIAN_POINT('',(0.0148141691791653,-0.0306837909308407,0.045588345122434));
#11572=CARTESIAN_POINT('',(0.0148141691791653,-0.0306837909308407,0.045588345122434));
#11573=CARTESIAN_POINT('',(0.0148141691791653,-0.0306837909308407,0.045588345122434));
#11574=CARTESIAN_POINT('',(0.0153975267571864,-0.0306837909308407,0.0459842484658726));
#11575=CARTESIAN_POINT('',(0.0165732397164888,-0.0306837909308407,0.0460262382144191));
#11576=CARTESIAN_POINT('',(0.0165732397164888,-0.0306837909308407,0.0460262382144191));
#11577=CARTESIAN_POINT('',(0.0170283785980554,-0.0306837909308407,0.0460404847362473));
#11578=CARTESIAN_POINT('',(0.0174835174796221,-0.0306837909308407,0.0460547312580756));
#11579=CARTESIAN_POINT('',(0.0174835174796221,-0.0306837909308407,0.0461694532496402));
#11580=CARTESIAN_POINT('',(0.0174835174796221,-0.0306837909308407,0.0462841752412048));
#11581=CARTESIAN_POINT('',(0.0174835174796221,-0.0306837909308407,0.0462841752412048));
#11582=CARTESIAN_POINT('',(0.0174835174796221,-0.0306837909308407,0.0470804808297118));
#11583=CARTESIAN_POINT('',(0.0166677166507184,-0.0306837909308407,0.0470804808297118));
#11584=CARTESIAN_POINT('',(0.0166677166507184,-0.0306837909308407,0.0470804808297118));
#11585=CARTESIAN_POINT('',(0.0166677166507184,-0.0306837909308407,0.0470804808297118));
#11586=CARTESIAN_POINT('',(0.0160393700563974,-0.0306837909308407,0.0470804808297118));
#11587=CARTESIAN_POINT('',(0.0151905772822072,-0.0306837909308407,0.0467010734589166));
#11588=CARTESIAN_POINT('',(0.0151905772822072,-0.0306837909308407,0.0467010734589166));
#11589=CARTESIAN_POINT('',(0.0149543849466331,-0.0306837909308407,0.0471839555672015));
#11590=CARTESIAN_POINT('',(0.0147181926110589,-0.0306837909308407,0.0476668376754863));
#11591=CARTESIAN_POINT('',(0.0147181926110589,-0.0306837909308407,0.0476668376754863));
#11592=CARTESIAN_POINT('',(0.0156224718386856,-0.0306837909308407,0.0481407219805113));
#11593=CARTESIAN_POINT('',(0.0167232031041549,-0.0306837909308407,0.0481407219805113));
#11594=CARTESIAN_POINT('',(0.0167232031041549,-0.0306837909308407,0.0481407219805113));
#11595=CARTESIAN_POINT('',(0.0167232031041549,-0.0306837909308407,0.0481407219805113));
#11596=CARTESIAN_POINT('',(0.0177774457194477,-0.0306837909308407,0.0481407219805113));
#11597=CARTESIAN_POINT('',(0.0183398084231956,-0.0306837909308407,0.0476810841973146));
#11598=CARTESIAN_POINT('',(0.0183398084231956,-0.0306837909308407,0.0476810841973146));
#11599=CARTESIAN_POINT('',(0.0183398084231956,-0.0306837909308407,0.0476810841973146));
#11600=CARTESIAN_POINT('',(0.0189021711269435,-0.0306837909308407,0.047221446414118));
#11601=CARTESIAN_POINT('',(0.0189021711269435,-0.0306837909308407,0.0462841752412048));
#11602=CARTESIAN_POINT('',(0.0189021711269435,-0.0306837909308407,0.0462841752412048));
#11603=CARTESIAN_POINT('',(0.0189021711269435,-0.0306837909308407,0.0445386014087712));
#11604=CARTESIAN_POINT('',(0.0189021711269435,-0.0306837909308407,0.0427930275763376));
#11605=CARTESIAN_POINT('',(0.0184035428629537,-0.0306837909308407,0.0427930275763376));
#11606=CARTESIAN_POINT('',(0.0233458666722569,-0.0306837909308407,0.0457771542899905));
#11607=CARTESIAN_POINT('',(0.0232991089123857,-0.0306837909308407,0.0481298376864022));
#11608=CARTESIAN_POINT('',(0.0237820518729012,-0.0306837909308407,0.0480891291752874));
#11609=CARTESIAN_POINT('',(0.023727992942039,-0.0306837909308407,0.0474186482688989));
#11610=CARTESIAN_POINT('',(0.0236740688114972,-0.0306837909308407,0.0467498390209675));
#11611=CARTESIAN_POINT('',(0.0232873931288322,-0.0306837909308407,0.0451250476937814));
#11612=CARTESIAN_POINT('',(0.0232526090031374,-0.0306837909308407,0.0467955503931462));
#11613=CARTESIAN_POINT('',(0.0232526090031374,-0.0306837909308407,0.0467955503931462));
#11614=CARTESIAN_POINT('',(0.02256877595538,-0.0306837909308407,0.0467955503931462));
#11615=CARTESIAN_POINT('',(0.0221863693168314,-0.0306837909308407,0.0464438862490692));
#11616=CARTESIAN_POINT('',(0.0221863693168314,-0.0306837909308407,0.0464438862490692));
#11617=CARTESIAN_POINT('',(0.0221863693168314,-0.0306837909308407,0.0464438862490692));
#11618=CARTESIAN_POINT('',(0.0218039626782827,-0.0306837909308407,0.0460922221049922));
#11619=CARTESIAN_POINT('',(0.0218039626782827,-0.0306837909308407,0.0454593766090412));
#11620=CARTESIAN_POINT('',(0.0218039626782827,-0.0306837909308407,0.0454593766090412));
#11621=CARTESIAN_POINT('',(0.0218039626782827,-0.0306837909308407,0.0441262020926894));
#11622=CARTESIAN_POINT('',(0.0218039626782827,-0.0306837909308407,0.0427930275763376));
#11623=CARTESIAN_POINT('',(0.0210893871360538,-0.0306837909308407,0.0427930275763376));
#11624=CARTESIAN_POINT('',(0.0203748115938247,-0.0306837909308407,0.0427930275763376));
#11625=CARTESIAN_POINT('',(0.0203748115938247,-0.0306837909308407,0.0454128879588647));
#11626=CARTESIAN_POINT('',(0.0203748115938247,-0.0306837909308407,0.0480327483413916));
#11627=CARTESIAN_POINT('',(0.0209161794232994,-0.0306837909308407,0.0480327483413916));
#11628=CARTESIAN_POINT('',(0.021457547252774,-0.0306837909308407,0.0480327483413916));
#11629=CARTESIAN_POINT('',(0.0215632714410787,-0.0306837909308407,0.0475918559816533));
#11630=CARTESIAN_POINT('',(0.0216689956293833,-0.0306837909308407,0.0471509636219149));
#11631=CARTESIAN_POINT('',(0.0217034872085465,-0.0306837909308407,0.0471509636219149));
#11632=CARTESIAN_POINT('',(0.0217383876965522,-0.0306837909308407,0.0471509636219149));
#11633=CARTESIAN_POINT('',(0.0234685985255459,-0.0306837909308407,0.0462066951682494));
#11634=CARTESIAN_POINT('',(0.0223971686871172,-0.0306837909308407,0.0478608904036099));
#11635=CARTESIAN_POINT('',(0.0232926580875219,-0.0306837909308407,0.0465080302093459));
#11636=CARTESIAN_POINT('',(0.0313836238823941,-0.0306837909308407,0.0446960629658206));
#11637=CARTESIAN_POINT('',(0.0313836238823941,-0.0306837909308407,0.0437677895961674));
#11638=CARTESIAN_POINT('',(0.0307155369903415,-0.0306837909308407,0.0432331701191377));
#11639=CARTESIAN_POINT('',(0.0313836238823941,-0.0306837909308407,0.0446960629658206));
#11640=CARTESIAN_POINT('',(0.0307155369903415,-0.0306837909308407,0.0432331701191377));
#11641=CARTESIAN_POINT('',(0.0307155369903415,-0.0306837909308407,0.0432331701191377));
#11642=CARTESIAN_POINT('',(0.030047450098289,-0.0306837909308407,0.042698550642108));
#11643=CARTESIAN_POINT('',(0.0288582404340967,-0.0306837909308407,0.042698550642108));
#11644=CARTESIAN_POINT('',(0.0288582404340967,-0.0306837909308407,0.042698550642108));
#11645=CARTESIAN_POINT('',(0.0288582404340967,-0.0306837909308407,0.042698550642108));
#11646=CARTESIAN_POINT('',(0.0277605084363808,-0.0306837909308407,0.042698550642108));
#11647=CARTESIAN_POINT('',(0.0269177141976972,-0.0306837909308407,0.0431124495920665));
#11648=CARTESIAN_POINT('',(0.0269177141976972,-0.0306837909308407,0.0431124495920665));
#11649=CARTESIAN_POINT('',(0.0269177141976972,-0.0306837909308407,0.043787284836564));
#11650=CARTESIAN_POINT('',(0.0269177141976972,-0.0306837909308407,0.0444621200810615));
#11651=CARTESIAN_POINT('',(0.0269177141976972,-0.0306837909308407,0.0444621200810615));
#11652=CARTESIAN_POINT('',(0.0276105450487147,-0.0306837909308407,0.0441516958685927));
#11653=CARTESIAN_POINT('',(0.0280911777061846,-0.0306837909308407,0.0440257266229531));
#11654=CARTESIAN_POINT('',(0.0280911777061846,-0.0306837909308407,0.0440257266229531));
#11655=CARTESIAN_POINT('',(0.0280911777061846,-0.0306837909308407,0.0440257266229531));
#11656=CARTESIAN_POINT('',(0.0285718103636544,-0.0306837909308407,0.0438997573773136));
#11657=CARTESIAN_POINT('',(0.0289707129748463,-0.0306837909308407,0.0438997573773136));
#11658=CARTESIAN_POINT('',(0.0289707129748463,-0.0306837909308407,0.0438997573773136));
#11659=CARTESIAN_POINT('',(0.0289707129748463,-0.0306837909308407,0.0438997573773136));
#11660=CARTESIAN_POINT('',(0.0294475965476245,-0.0306837909308407,0.0438997573773136));
#11661=CARTESIAN_POINT('',(0.0297032841235953,-0.0306837909308407,0.0440819628933279));
#11662=CARTESIAN_POINT('',(0.0297032841235953,-0.0306837909308407,0.0440819628933279));
#11663=CARTESIAN_POINT('',(0.0297032841235953,-0.0306837909308407,0.0440819628933279));
#11664=CARTESIAN_POINT('',(0.029958971699566,-0.0306837909308407,0.0442641684093422));
#11665=CARTESIAN_POINT('',(0.029958971699566,-0.0306837909308407,0.0446255801736175));
#11666=CARTESIAN_POINT('',(0.029958971699566,-0.0306837909308407,0.0446255801736175));
#11667=CARTESIAN_POINT('',(0.0293582638225395,-0.0306837909308407,0.0446346219617505));
#11668=CARTESIAN_POINT('',(0.0298464991588164,-0.0306837909308407,0.0449839926701396));
#11669=CARTESIAN_POINT('',(0.0298464991588164,-0.0306837909308407,0.0449839926701396));
#11670=CARTESIAN_POINT('',(0.0297340266180668,-0.0306837909308407,0.045141454227189));
#11671=CARTESIAN_POINT('',(0.0295158298890126,-0.0306837909308407,0.0452861688962868));
#11672=CARTESIAN_POINT('',(0.0295158298890126,-0.0306837909308407,0.0452861688962868));
#11673=CARTESIAN_POINT('',(0.0295158298890126,-0.0306837909308407,0.0452861688962868));
#11674=CARTESIAN_POINT('',(0.0292976331599585,-0.0306837909308407,0.0454308835653846));
#11675=CARTESIAN_POINT('',(0.0286272968170909,-0.0306837909308407,0.0457503055811134));
#11676=CARTESIAN_POINT('',(0.0286272968170909,-0.0306837909308407,0.0457503055811134));
#11677=CARTESIAN_POINT('',(0.0286272968170909,-0.0306837909308407,0.0457503055811134));
#11678=CARTESIAN_POINT('',(0.0280004498566465,-0.0306837909308407,0.0460457334548157));
#11679=CARTESIAN_POINT('',(0.0276862765594861,-0.0306837909308407,0.0463171671864913));
#11680=CARTESIAN_POINT('',(0.0276862765594861,-0.0306837909308407,0.0463171671864913));
#11681=CARTESIAN_POINT('',(0.0290653878314018,-0.0306837909308407,0.0479264437983065));
#11682=CARTESIAN_POINT('',(0.0271846490277429,-0.0306837909308407,0.0469500126824423));
#11683=CARTESIAN_POINT('',(0.0271846490277429,-0.0306837909308407,0.0469500126824423));
#11684=CARTESIAN_POINT('',(0.0269971947931603,-0.0306837909308407,0.0473114244467177));
#11685=CARTESIAN_POINT('',(0.0269971947931603,-0.0306837909308407,0.0477928069211259));
#11686=CARTESIAN_POINT('',(0.0269971947931603,-0.0306837909308407,0.0477928069211259));
#11687=CARTESIAN_POINT('',(0.0269971947931603,-0.0306837909308407,0.0477928069211259));
#11688=CARTESIAN_POINT('',(0.0269971947931603,-0.0306837909308407,0.0487030846842592));
#11689=CARTESIAN_POINT('',(0.027613544316468,-0.0306837909308407,0.0492227078225223));
#11690=CARTESIAN_POINT('',(0.027613544316468,-0.0306837909308407,0.0492227078225223));
#11691=CARTESIAN_POINT('',(0.027613544316468,-0.0306837909308407,0.0492227078225223));
#11692=CARTESIAN_POINT('',(0.0282298938397757,-0.0306837909308407,0.0497423309607853));
#11693=CARTESIAN_POINT('',(0.029317128400355,-0.0306837909308407,0.0497423309607853));
#11694=CARTESIAN_POINT('',(0.029317128400355,-0.0306837909308407,0.0497423309607853));
#11695=CARTESIAN_POINT('',(0.0293377619853033,-0.0306837909308407,0.0457020171462824));
#11696=CARTESIAN_POINT('',(0.0303361945083524,-0.0306837909308407,0.0496166059865407));
#11697=CARTESIAN_POINT('',(0.0285381055172676,-0.0306837909308407,0.0428778938514958));
#11698=CARTESIAN_POINT('',(0.031350445459306,-0.0306837909308407,0.04926049783169));
#11699=CARTESIAN_POINT('',(0.0311166890523484,-0.0306837909308407,0.0486955865148759));
#11700=CARTESIAN_POINT('',(0.0308827461675893,-0.0306837909308407,0.0481302245433746));
#11701=CARTESIAN_POINT('',(0.0308827461675893,-0.0306837909308407,0.0481302245433746));
#11702=CARTESIAN_POINT('',(0.0303338801687312,-0.0306837909308407,0.0483551696248738));
#11703=CARTESIAN_POINT('',(0.0299754676722092,-0.0306837909308407,0.0484443978405351));
#11704=CARTESIAN_POINT('',(0.0299754676722092,-0.0306837909308407,0.0484443978405351));
#11705=CARTESIAN_POINT('',(0.0292582267716418,-0.0306837909308407,0.0456227839949626));
#11706=CARTESIAN_POINT('',(0.0292706397501785,-0.0306837909308407,0.0485336260561965));
#11707=CARTESIAN_POINT('',(0.0292706397501785,-0.0306837909308407,0.0485336260561965));
#11708=CARTESIAN_POINT('',(0.0288582404340967,-0.0306837909308407,0.0485336260561965));
#11709=CARTESIAN_POINT('',(0.0286377942542275,-0.0306837909308407,0.0483416729199838));
#11710=CARTESIAN_POINT('',(0.0286377942542275,-0.0306837909308407,0.0483416729199838));
#11711=CARTESIAN_POINT('',(0.0286377942542275,-0.0306837909308407,0.0483416729199838));
#11712=CARTESIAN_POINT('',(0.0284173480743583,-0.0306837909308407,0.0481497197837712));
#11713=CARTESIAN_POINT('',(0.0284173480743583,-0.0306837909308407,0.047840795205179));
#11714=CARTESIAN_POINT('',(0.0284173480743583,-0.0306837909308407,0.047840795205179));
#11715=CARTESIAN_POINT('',(0.0290388743040206,-0.0306837909308407,0.047824677008111));
#11716=CARTESIAN_POINT('',(0.0285065762900197,-0.0306837909308407,0.0475056270337453));
#11717=CARTESIAN_POINT('',(0.0285065762900197,-0.0306837909308407,0.0475056270337453));
#11718=CARTESIAN_POINT('',(0.028595804505681,-0.0306837909308407,0.0473624119985241));
#11719=CARTESIAN_POINT('',(0.0287900070927086,-0.0306837909308407,0.0472289445835013));
#11720=CARTESIAN_POINT('',(0.0287900070927086,-0.0306837909308407,0.0472289445835013));
#11721=CARTESIAN_POINT('',(0.0287900070927086,-0.0306837909308407,0.0472289445835013));
#11722=CARTESIAN_POINT('',(0.0289842096797363,-0.0306837909308407,0.0470954771684784));
#11723=CARTESIAN_POINT('',(0.0297100324760402,-0.0306837909308407,0.0467490617429697));
#11724=CARTESIAN_POINT('',(0.0297100324760402,-0.0306837909308407,0.0467490617429697));
#11725=CARTESIAN_POINT('',(0.0297100324760402,-0.0306837909308407,0.0467490617429697));
#11726=CARTESIAN_POINT('',(0.03067129779098,-0.0306837909308407,0.0462886741428348));
#11727=CARTESIAN_POINT('',(0.031027460836687,-0.0306837909308407,0.0458275367257615));
#11728=CARTESIAN_POINT('',(0.031027460836687,-0.0306837909308407,0.0458275367257615));
#11729=CARTESIAN_POINT('',(0.031027460836687,-0.0306837909308407,0.0458275367257615));
#11730=CARTESIAN_POINT('',(0.0313836238823941,-0.0306837909308407,0.0453663993086882));
#11731=CARTESIAN_POINT('',(0.0313836238823941,-0.0306837909308407,0.0446960629658206));
#11732=CARTESIAN_POINT('',(-0.0460007023725092,-0.0306837909308407,0.0521959339481106));
#11733=CARTESIAN_POINT('',(-0.0450301272939651,-0.0306837909308407,0.0521959339481106));
#11734=CARTESIAN_POINT('',(-0.0469712774510533,-0.0306837909308407,0.0521959339481106));
#11735=CARTESIAN_POINT('',(-0.0469712774510533,-0.0306837909308407,0.0568491947391578));
#11736=CARTESIAN_POINT('',(-0.0469712774510533,-0.0306837909308407,0.061502455530205));
#11737=CARTESIAN_POINT('',(-0.0443039782582863,-0.0306837909308407,0.061502455530205));
#11738=CARTESIAN_POINT('',(-0.0416366790655193,-0.0306837909308407,0.061502455530205));
#11739=CARTESIAN_POINT('',(-0.0416366790655193,-0.0306837909308407,0.0606938127050591));
#11740=CARTESIAN_POINT('',(-0.0416366790655193,-0.0306837909308407,0.0598851698799133));
#11741=CARTESIAN_POINT('',(-0.0433334031797422,-0.0306837909308407,0.0598851698799133));
#11742=CARTESIAN_POINT('',(-0.0450301272939651,-0.0306837909308407,0.0598851698799133));
#11743=CARTESIAN_POINT('',(-0.0450301272939651,-0.0306837909308407,0.058685445386183));
#11744=CARTESIAN_POINT('',(-0.0450301272939651,-0.0306837909308407,0.0574857208924527));
#11745=CARTESIAN_POINT('',(-0.0434515424337937,-0.0306837909308407,0.0574857208924527));
#11746=CARTESIAN_POINT('',(-0.0418729575736223,-0.0306837909308407,0.0574857208924527));
#11747=CARTESIAN_POINT('',(-0.0418729575736223,-0.0306837909308407,0.0566801333928427));
#11748=CARTESIAN_POINT('',(-0.0418729575736223,-0.0306837909308407,0.0558745458932326));
#11749=CARTESIAN_POINT('',(-0.0434515424337937,-0.0306837909308407,0.0558745458932326));
#11750=CARTESIAN_POINT('',(-0.0450301272939651,-0.0306837909308407,0.0558745458932326));
#11751=CARTESIAN_POINT('',(-0.0450301272939651,-0.0306837909308407,0.0540352399206716));
#11752=CARTESIAN_POINT('',(0.,-0.0306837909308407,0.));
#11753=CARTESIAN_POINT('',(0.0501558230314468,-0.0306837909308407,0.));
#11754=CARTESIAN_POINT('',(-0.0501558230314468,-0.0306837909308407,0.));
#11755=CARTESIAN_POINT('',(0.0501558230314468,-0.0306837909308407,0.023));
#11756=CARTESIAN_POINT('',(0.0501558230314468,-0.0306837909308407,0.023));
#11757=CARTESIAN_POINT('',(0.,-0.0306837909308407,0.023));
#11758=CARTESIAN_POINT('',(0.0427751876413822,-0.0306837909308407,0.023));
#11759=CARTESIAN_POINT('',(0.0427751876413822,-0.0306837909308407,0.064));
#11760=CARTESIAN_POINT('',(-0.0501423189416528,-0.0306837909308407,0.064));
#11761=CARTESIAN_POINT('',(-0.0501423189416528,-0.0306837909308407,0.023));
#11762=CARTESIAN_POINT('',(0.,-0.0306837909308407,0.023));
#11763=CARTESIAN_POINT('',(-0.0501558230314468,-0.0306837909308407,0.023));
#11764=CARTESIAN_POINT('',(-0.0501558230314468,-0.0306837909308407,0.023));
#11765=CARTESIAN_POINT('',(0.,0.,0.023));
#11766=CARTESIAN_POINT('',(-0.0501423189416528,0.,0.023));
#11767=CARTESIAN_POINT('',(-0.0501423189416528,0.0306837909308407,0.023));
#11768=CARTESIAN_POINT('',(0.,0.0306837909308407,0.023));
#11769=CARTESIAN_POINT('',(-0.0501558230314468,0.0306837909308407,0.023));
#11770=CARTESIAN_POINT('',(-0.0501558230314468,0.,0.023));
#11771=CARTESIAN_POINT('',(0.0501558230314468,0.,0.023));
#11772=CARTESIAN_POINT('',(0.0501558230314468,0.,0.));
#11773=CARTESIAN_POINT('',(0.0501558230314468,0.0306837909308407,0.));
#11774=CARTESIAN_POINT('',(0.0501558230314468,0.0306837909308407,0.023));
#11775=CARTESIAN_POINT('',(0.0501558230314468,0.0306837909308407,0.023));
#11776=CARTESIAN_POINT('',(0.0501558230314468,0.,0.023));
#11777=CARTESIAN_POINT('',(0.0501558230314468,0.,0.002));
#11778=CARTESIAN_POINT('',(0.0501558230314468,-0.0286837909308406,0.002));
#11779=CARTESIAN_POINT('',(0.0501558230314468,0.0286837909308406,0.002));
#11780=CARTESIAN_POINT('',(0.0501558230314468,-0.0286837909308406,0.023));
#11781=CARTESIAN_POINT('',(0.0501558230314468,-0.0286837909308406,0.021));
#11782=CARTESIAN_POINT('',(0.0501558230314468,0.,0.021));
#11783=CARTESIAN_POINT('',(0.0501558230314468,0.0286837909308406,0.021));
#11784=CARTESIAN_POINT('',(0.0501558230314468,0.0286837909308406,0.023));
#11785=CARTESIAN_POINT('',(0.,0.0306837909308407,0.023));
#11786=CARTESIAN_POINT('',(0.,0.0306837909308407,0.));
#11787=CARTESIAN_POINT('',(-0.0501558230314468,0.0306837909308407,0.));
#11788=CARTESIAN_POINT('',(-0.0501558230314468,0.0306837909308407,0.023));
#11789=CARTESIAN_POINT('',(-0.0501423189416528,0.0306837909308407,0.064));
#11790=CARTESIAN_POINT('',(0.0427751876413822,0.0306837909308407,0.064));
#11791=CARTESIAN_POINT('',(0.0427751876413822,0.0306837909308407,0.023));
#11792=CARTESIAN_POINT('',(0.,0.0306837909308407,0.023));
#11793=CARTESIAN_POINT('',(-0.0501558230314468,0.,0.023));
#11794=CARTESIAN_POINT('',(-0.0501558230314468,0.,0.));
#11795=CARTESIAN_POINT('',(0.,0.,0.023));
#11796=CARTESIAN_POINT('',(0.0427751876413822,0.,0.023));
#11797=CARTESIAN_POINT('',(0.0427751876413822,-0.0286837909308406,0.023));
#11798=CARTESIAN_POINT('',(0.0427751876413822,0.,0.023));
#11799=CARTESIAN_POINT('',(0.0427751876413822,0.0286837909308406,0.023));
#11800=CARTESIAN_POINT('',(0.,0.0286837909308406,0.023));
#11801=CARTESIAN_POINT('',(-0.0481423189416528,0.0286837909308406,0.023));
#11802=CARTESIAN_POINT('',(-0.0481423189416528,0.,0.023));
#11803=CARTESIAN_POINT('',(-0.0481423189416528,-0.0286837909308406,0.023));
#11804=CARTESIAN_POINT('',(0.,-0.0286837909308406,0.023));
#11805=CARTESIAN_POINT('',(0.,0.,0.));
#11806=CARTESIAN_POINT('',(0.,-0.0286837909308406,0.023));
#11807=CARTESIAN_POINT('',(0.,-0.0286837909308406,0.002));
#11808=CARTESIAN_POINT('',(-0.0481558230314468,-0.0286837909308406,0.002));
#11809=CARTESIAN_POINT('',(-0.0481558230314468,-0.0286837909308406,0.023));
#11810=CARTESIAN_POINT('',(-0.0481558230314468,-0.0286837909308406,0.021));
#11811=CARTESIAN_POINT('',(0.,-0.0286837909308406,0.021));
#11812=CARTESIAN_POINT('',(0.,0.0286837909308406,0.023));
#11813=CARTESIAN_POINT('',(0.,0.0286837909308406,0.002));
#11814=CARTESIAN_POINT('',(-0.0481558230314468,0.0286837909308406,0.002));
#11815=CARTESIAN_POINT('',(0.,0.0286837909308406,0.021));
#11816=CARTESIAN_POINT('',(-0.0481558230314468,0.0286837909308406,0.021));
#11817=CARTESIAN_POINT('',(-0.0481558230314468,0.0286837909308406,0.023));
#11818=CARTESIAN_POINT('',(-0.0481558230314468,0.,0.023));
#11819=CARTESIAN_POINT('',(-0.0481558230314468,0.,0.002));
#11820=CARTESIAN_POINT('',(-0.0481558230314468,0.,0.021));
#11821=CARTESIAN_POINT('',(0.,0.,0.021));
#11822=CARTESIAN_POINT('',(0.,0.,0.002));
#11823=CARTESIAN_POINT('',(0.0427751876413822,0.,0.064));
#11824=CARTESIAN_POINT('',(0.0427751876413822,0.,0.062));
#11825=CARTESIAN_POINT('',(0.0427751876413822,-0.0286837909308406,0.062));
#11826=CARTESIAN_POINT('',(0.0427751876413822,0.0286837909308406,0.062));
#11827=CARTESIAN_POINT('',(0.0427751876413822,0.0286837909308406,0.023));
#11828=CARTESIAN_POINT('',(0.0427751876413822,-0.0286837909308406,0.023));
#11829=CARTESIAN_POINT('',(-0.0501423189416528,0.,0.064));
#11830=CARTESIAN_POINT('',(0.,-0.0286837909308406,0.023));
#11831=CARTESIAN_POINT('',(-0.0481423189416528,-0.0286837909308406,0.023));
#11832=CARTESIAN_POINT('',(-0.0481423189416528,-0.0286837909308406,0.062));
#11833=CARTESIAN_POINT('',(0.,-0.0286837909308406,0.062));
#11834=CARTESIAN_POINT('',(0.,0.0286837909308406,0.023));
#11835=CARTESIAN_POINT('',(0.,0.0286837909308406,0.062));
#11836=CARTESIAN_POINT('',(-0.0481423189416528,0.0286837909308406,0.062));
#11837=CARTESIAN_POINT('',(-0.0481423189416528,0.0286837909308406,0.023));
#11838=CARTESIAN_POINT('',(-0.0481423189416528,0.,0.064));
#11839=CARTESIAN_POINT('',(-0.0481423189416528,0.,0.062));
#11840=CARTESIAN_POINT('',(0.,0.,0.062));
#11841=CARTESIAN_POINT('',(-0.0460007023725092,-0.0316837909308407,0.0521959339481106));
#11842=CARTESIAN_POINT('',(-0.0450301272939651,-0.0316837909308407,0.0521959339481106));
#11843=CARTESIAN_POINT('',(-0.0450301272939651,-0.0316837909308407,0.0521959339481106));
#11844=CARTESIAN_POINT('',(-0.0460007023725092,-0.0316837909308407,0.0521959339481106));
#11845=CARTESIAN_POINT('',(-0.0469712774510533,-0.0316837909308407,0.0521959339481106));
#11846=CARTESIAN_POINT('',(-0.0469712774510533,-0.0316837909308407,0.0521959339481106));
#11847=CARTESIAN_POINT('',(-0.0450301272939651,-0.0316837909308407,0.0540352399206716));
#11848=CARTESIAN_POINT('',(-0.0450301272939651,-0.0316837909308407,0.0558745458932326));
#11849=CARTESIAN_POINT('',(-0.0450301272939651,-0.0316837909308407,0.0558745458932326));
#11850=CARTESIAN_POINT('',(-0.0450301272939651,-0.0316837909308407,0.0540352399206716));
#11851=CARTESIAN_POINT('',(-0.0434515424337937,-0.0316837909308407,0.0558745458932326));
#11852=CARTESIAN_POINT('',(-0.0418729575736223,-0.0316837909308407,0.0558745458932326));
#11853=CARTESIAN_POINT('',(-0.0418729575736223,-0.0316837909308407,0.0558745458932326));
#11854=CARTESIAN_POINT('',(-0.0434515424337937,-0.0316837909308407,0.0558745458932326));
#11855=CARTESIAN_POINT('',(-0.0418729575736223,-0.0316837909308407,0.0566801333928427));
#11856=CARTESIAN_POINT('',(-0.0418729575736223,-0.0316837909308407,0.0574857208924527));
#11857=CARTESIAN_POINT('',(-0.0418729575736223,-0.0316837909308407,0.0574857208924527));
#11858=CARTESIAN_POINT('',(-0.0418729575736223,-0.0316837909308407,0.0566801333928427));
#11859=CARTESIAN_POINT('',(-0.0434515424337937,-0.0316837909308407,0.0574857208924527));
#11860=CARTESIAN_POINT('',(-0.0450301272939651,-0.0316837909308407,0.0574857208924527));
#11861=CARTESIAN_POINT('',(-0.0450301272939651,-0.0316837909308407,0.0574857208924527));
#11862=CARTESIAN_POINT('',(-0.0434515424337937,-0.0316837909308407,0.0574857208924527));
#11863=CARTESIAN_POINT('',(-0.0450301272939651,-0.0316837909308407,0.058685445386183));
#11864=CARTESIAN_POINT('',(-0.0450301272939651,-0.0316837909308407,0.0598851698799133));
#11865=CARTESIAN_POINT('',(-0.0450301272939651,-0.0316837909308407,0.0598851698799133));
#11866=CARTESIAN_POINT('',(-0.0450301272939651,-0.0316837909308407,0.058685445386183));
#11867=CARTESIAN_POINT('',(-0.0433334031797422,-0.0316837909308407,0.0598851698799133));
#11868=CARTESIAN_POINT('',(-0.0416366790655193,-0.0316837909308407,0.0598851698799133));
#11869=CARTESIAN_POINT('',(-0.0416366790655193,-0.0316837909308407,0.0598851698799133));
#11870=CARTESIAN_POINT('',(-0.0433334031797422,-0.0316837909308407,0.0598851698799133));
#11871=CARTESIAN_POINT('',(-0.0416366790655193,-0.0316837909308407,0.0606938127050591));
#11872=CARTESIAN_POINT('',(-0.0416366790655193,-0.0316837909308407,0.061502455530205));
#11873=CARTESIAN_POINT('',(-0.0416366790655193,-0.0316837909308407,0.061502455530205));
#11874=CARTESIAN_POINT('',(-0.0416366790655193,-0.0316837909308407,0.0606938127050591));
#11875=CARTESIAN_POINT('',(-0.0443039782582863,-0.0316837909308407,0.061502455530205));
#11876=CARTESIAN_POINT('',(-0.0469712774510533,-0.0316837909308407,0.061502455530205));
#11877=CARTESIAN_POINT('',(-0.0469712774510533,-0.0316837909308407,0.061502455530205));
#11878=CARTESIAN_POINT('',(-0.0443039782582863,-0.0316837909308407,0.061502455530205));
#11879=CARTESIAN_POINT('',(-0.0469712774510533,-0.0316837909308407,0.0568491947391578));
#11880=CARTESIAN_POINT('',(-0.0469712774510533,-0.0316837909308407,0.0568491947391578));
#11881=CARTESIAN_POINT('',(0.,-0.0316837909308407,0.032));
#11882=CARTESIAN_POINT('',(0.0313836238823941,-0.0316837909308407,0.0446960629658206));
#11883=CARTESIAN_POINT('',(0.0313836238823941,-0.0306837909308407,0.0446960629658206));
#11884=CARTESIAN_POINT('',(0.0313836238823941,-0.0316837909308407,0.0440772140527185));
#11885=CARTESIAN_POINT('',(0.0313836238823941,-0.0306837909308407,0.0440772140527185));
#11886=CARTESIAN_POINT('',(0.0311609282517099,-0.0316837909308407,0.0435895831038242));
#11887=CARTESIAN_POINT('',(0.0311609282517099,-0.0306837909308407,0.0435895831038242));
#11888=CARTESIAN_POINT('',(0.0307155369903415,-0.0316837909308407,0.0432331701191377));
#11889=CARTESIAN_POINT('',(0.0307155369903415,-0.0306837909308407,0.0432331701191377));
#11890=CARTESIAN_POINT('',(0.0313836238823941,-0.0316837909308407,0.0446960629658206));
#11891=CARTESIAN_POINT('',(0.0313836238823941,-0.0316837909308407,0.0446960629658206));
#11892=CARTESIAN_POINT('',(0.0313836238823941,-0.0316837909308407,0.0446960629658206));
#11893=CARTESIAN_POINT('',(0.0313836238823941,-0.0316837909308407,0.0437677895961674));
#11894=CARTESIAN_POINT('',(0.0307155369903415,-0.0316837909308407,0.0432331701191377));
#11895=CARTESIAN_POINT('',(0.0307155369903415,-0.0316837909308407,0.0432331701191377));
#11896=CARTESIAN_POINT('',(0.0307155369903415,-0.0316837909308407,0.0432331701191377));
#11897=CARTESIAN_POINT('',(0.031027460836687,-0.0316837909308407,0.0458275367257615));
#11898=CARTESIAN_POINT('',(0.031027460836687,-0.0306837909308407,0.0458275367257615));
#11899=CARTESIAN_POINT('',(0.0312649028671584,-0.0316837909308407,0.045520111781046));
#11900=CARTESIAN_POINT('',(0.0312649028671584,-0.0306837909308407,0.045520111781046));
#11901=CARTESIAN_POINT('',(0.0313836238823941,-0.0316837909308407,0.0451429538610657));
#11902=CARTESIAN_POINT('',(0.0313836238823941,-0.0306837909308407,0.0451429538610657));
#11903=CARTESIAN_POINT('',(0.0313836238823941,-0.0316837909308407,0.0446960629658206));
#11904=CARTESIAN_POINT('',(0.0313836238823941,-0.0306837909308407,0.0446960629658206));
#11905=CARTESIAN_POINT('',(0.031027460836687,-0.0316837909308407,0.0458275367257615));
#11906=CARTESIAN_POINT('',(0.031027460836687,-0.0316837909308407,0.0458275367257615));
#11907=CARTESIAN_POINT('',(0.031027460836687,-0.0316837909308407,0.0458275367257615));
#11908=CARTESIAN_POINT('',(0.0313836238823941,-0.0316837909308407,0.0453663993086882));
#11909=CARTESIAN_POINT('',(0.0313836238823941,-0.0316837909308407,0.0446960629658206));
#11910=CARTESIAN_POINT('',(0.0297100324760402,-0.0316837909308407,0.0467490617429697));
#11911=CARTESIAN_POINT('',(0.0297100324760402,-0.0306837909308407,0.0467490617429697));
#11912=CARTESIAN_POINT('',(0.0303508760193334,-0.0316837909308407,0.0464421366762131));
#11913=CARTESIAN_POINT('',(0.0303508760193334,-0.0306837909308407,0.0464421366762131));
#11914=CARTESIAN_POINT('',(0.0307900188062157,-0.0316837909308407,0.046134961670477));
#11915=CARTESIAN_POINT('',(0.0307900188062157,-0.0306837909308407,0.046134961670477));
#11916=CARTESIAN_POINT('',(0.031027460836687,-0.0316837909308407,0.0458275367257615));
#11917=CARTESIAN_POINT('',(0.031027460836687,-0.0306837909308407,0.0458275367257615));
#11918=CARTESIAN_POINT('',(0.0297100324760402,-0.0316837909308407,0.0467490617429697));
#11919=CARTESIAN_POINT('',(0.0297100324760402,-0.0316837909308407,0.0467490617429697));
#11920=CARTESIAN_POINT('',(0.0297100324760402,-0.0316837909308407,0.0467490617429697));
#11921=CARTESIAN_POINT('',(0.03067129779098,-0.0316837909308407,0.0462886741428348));
#11922=CARTESIAN_POINT('',(0.031027460836687,-0.0316837909308407,0.0458275367257615));
#11923=CARTESIAN_POINT('',(0.0287900070927086,-0.0316837909308407,0.0472289445835013));
#11924=CARTESIAN_POINT('',(0.0287900070927086,-0.0306837909308407,0.0472289445835013));
#11925=CARTESIAN_POINT('',(0.0289194754840604,-0.0316837909308407,0.0471399663068194));
#11926=CARTESIAN_POINT('',(0.0289194754840604,-0.0306837909308407,0.0471399663068194));
#11927=CARTESIAN_POINT('',(0.0292261506118376,-0.0316837909308407,0.0469800053599755));
#11928=CARTESIAN_POINT('',(0.0292261506118376,-0.0306837909308407,0.0469800053599755));
#11929=CARTESIAN_POINT('',(0.0297100324760402,-0.0316837909308407,0.0467490617429697));
#11930=CARTESIAN_POINT('',(0.0297100324760402,-0.0306837909308407,0.0467490617429697));
#11931=CARTESIAN_POINT('',(0.0287900070927086,-0.0316837909308407,0.0472289445835013));
#11932=CARTESIAN_POINT('',(0.0287900070927086,-0.0316837909308407,0.0472289445835013));
#11933=CARTESIAN_POINT('',(0.0287900070927086,-0.0316837909308407,0.0472289445835013));
#11934=CARTESIAN_POINT('',(0.0289842096797363,-0.0316837909308407,0.0470954771684784));
#11935=CARTESIAN_POINT('',(0.0297100324760402,-0.0316837909308407,0.0467490617429697));
#11936=CARTESIAN_POINT('',(0.0285065762900197,-0.0316837909308407,0.0475056270337453));
#11937=CARTESIAN_POINT('',(0.0285065762900197,-0.0306837909308407,0.0475056270337453));
#11938=CARTESIAN_POINT('',(0.0285660617671272,-0.0316837909308407,0.0474101503435978));
#11939=CARTESIAN_POINT('',(0.0285660617671272,-0.0306837909308407,0.0474101503435978));
#11940=CARTESIAN_POINT('',(0.0286605387013569,-0.0316837909308407,0.0473179228601832));
#11941=CARTESIAN_POINT('',(0.0286605387013569,-0.0306837909308407,0.0473179228601832));
#11942=CARTESIAN_POINT('',(0.0287900070927086,-0.0316837909308407,0.0472289445835013));
#11943=CARTESIAN_POINT('',(0.0287900070927086,-0.0306837909308407,0.0472289445835013));
#11944=CARTESIAN_POINT('',(0.0285065762900197,-0.0316837909308407,0.0475056270337453));
#11945=CARTESIAN_POINT('',(0.0285065762900197,-0.0316837909308407,0.0475056270337453));
#11946=CARTESIAN_POINT('',(0.0285065762900197,-0.0316837909308407,0.0475056270337453));
#11947=CARTESIAN_POINT('',(0.028595804505681,-0.0316837909308407,0.0473624119985241));
#11948=CARTESIAN_POINT('',(0.0287900070927086,-0.0316837909308407,0.0472289445835013));
#11949=CARTESIAN_POINT('',(0.0290388743040206,-0.0316837909308407,0.047824677008111));
#11950=CARTESIAN_POINT('',(0.0284173480743583,-0.0316837909308407,0.047840795205179));
#11951=CARTESIAN_POINT('',(0.0284173480743583,-0.0316837909308407,0.047840795205179));
#11952=CARTESIAN_POINT('',(0.0290388743040206,-0.0316837909308407,0.047824677008111));
#11953=CARTESIAN_POINT('',(0.0286377942542275,-0.0316837909308407,0.0483416729199838));
#11954=CARTESIAN_POINT('',(0.0286377942542275,-0.0306837909308407,0.0483416729199838));
#11955=CARTESIAN_POINT('',(0.0284908301343147,-0.0316837909308407,0.0482137041625087));
#11956=CARTESIAN_POINT('',(0.0284908301343147,-0.0306837909308407,0.0482137041625087));
#11957=CARTESIAN_POINT('',(0.0284173480743583,-0.0316837909308407,0.0480467449242405));
#11958=CARTESIAN_POINT('',(0.0284173480743583,-0.0306837909308407,0.0480467449242405));
#11959=CARTESIAN_POINT('',(0.0284173480743583,-0.0316837909308407,0.047840795205179));
#11960=CARTESIAN_POINT('',(0.0284173480743583,-0.0306837909308407,0.047840795205179));
#11961=CARTESIAN_POINT('',(0.0286377942542275,-0.0316837909308407,0.0483416729199838));
#11962=CARTESIAN_POINT('',(0.0286377942542275,-0.0316837909308407,0.0483416729199838));
#11963=CARTESIAN_POINT('',(0.0286377942542275,-0.0316837909308407,0.0483416729199838));
#11964=CARTESIAN_POINT('',(0.0284173480743583,-0.0316837909308407,0.0481497197837712));
#11965=CARTESIAN_POINT('',(0.0284173480743583,-0.0316837909308407,0.047840795205179));
#11966=CARTESIAN_POINT('',(0.0292706397501785,-0.0316837909308407,0.0485336260561965));
#11967=CARTESIAN_POINT('',(0.0292706397501785,-0.0306837909308407,0.0485336260561965));
#11968=CARTESIAN_POINT('',(0.0289957068727906,-0.0316837909308407,0.0485336260561965));
#11969=CARTESIAN_POINT('',(0.0289957068727906,-0.0306837909308407,0.0485336260561965));
#11970=CARTESIAN_POINT('',(0.0287847583741403,-0.0316837909308407,0.0484696416774589));
#11971=CARTESIAN_POINT('',(0.0287847583741403,-0.0306837909308407,0.0484696416774589));
#11972=CARTESIAN_POINT('',(0.0286377942542275,-0.0316837909308407,0.0483416729199838));
#11973=CARTESIAN_POINT('',(0.0286377942542275,-0.0306837909308407,0.0483416729199838));
#11974=CARTESIAN_POINT('',(0.0292706397501785,-0.0316837909308407,0.0485336260561965));
#11975=CARTESIAN_POINT('',(0.0292706397501785,-0.0316837909308407,0.0485336260561965));
#11976=CARTESIAN_POINT('',(0.0292706397501785,-0.0316837909308407,0.0485336260561965));
#11977=CARTESIAN_POINT('',(0.0288582404340967,-0.0316837909308407,0.0485336260561965));
#11978=CARTESIAN_POINT('',(0.0286377942542275,-0.0316837909308407,0.0483416729199838));
#11979=CARTESIAN_POINT('',(0.0292582267716418,-0.0316837909308409,0.0456227839949626));
#11980=CARTESIAN_POINT('',(0.0299754676722092,-0.0316837909308407,0.0484443978405351));
#11981=CARTESIAN_POINT('',(0.0299754676722092,-0.0316837909308407,0.0484443978405351));
#11982=CARTESIAN_POINT('',(0.0292582267716418,-0.0316837909308407,0.0456227839949626));
#11983=CARTESIAN_POINT('',(0.0308827461675893,-0.0316837909308407,0.0481302245433746));
#11984=CARTESIAN_POINT('',(0.0308827461675893,-0.0306837909308407,0.0481302245433746));
#11985=CARTESIAN_POINT('',(0.0305168355016839,-0.0316837909308407,0.0482801879310407));
#11986=CARTESIAN_POINT('',(0.0305168355016839,-0.0306837909308407,0.0482801879310407));
#11987=CARTESIAN_POINT('',(0.0302144093365572,-0.0316837909308407,0.0483849123634276));
#11988=CARTESIAN_POINT('',(0.0302144093365572,-0.0306837909308407,0.0483849123634276));
#11989=CARTESIAN_POINT('',(0.0299754676722092,-0.0316837909308407,0.0484443978405351));
#11990=CARTESIAN_POINT('',(0.0299754676722092,-0.0306837909308407,0.0484443978405351));
#11991=CARTESIAN_POINT('',(0.0308827461675893,-0.0316837909308407,0.0481302245433746));
#11992=CARTESIAN_POINT('',(0.0308827461675893,-0.0316837909308407,0.0481302245433746));
#11993=CARTESIAN_POINT('',(0.0308827461675893,-0.0316837909308407,0.0481302245433746));
#11994=CARTESIAN_POINT('',(0.0303338801687312,-0.0316837909308407,0.0483551696248738));
#11995=CARTESIAN_POINT('',(0.0299754676722092,-0.0316837909308407,0.0484443978405351));
#11996=CARTESIAN_POINT('',(0.0311166890523484,-0.0316837909308407,0.0486955865148759));
#11997=CARTESIAN_POINT('',(0.031350445459306,-0.0316837909308407,0.04926049783169));
#11998=CARTESIAN_POINT('',(0.031350445459306,-0.0316837909308407,0.04926049783169));
#11999=CARTESIAN_POINT('',(0.0311166890523484,-0.0316837909308407,0.0486955865148759));
#12000=CARTESIAN_POINT('',(0.0285381055172676,-0.0316837909308412,0.0428778938514958));
#12001=CARTESIAN_POINT('',(0.0303361296195463,-0.0316837909308407,0.0496163617151458));
#12002=CARTESIAN_POINT('',(0.0303361945083524,-0.0316837909308407,0.0496166059865407));
#12003=CARTESIAN_POINT('',(0.0285381055172676,-0.0316837909308407,0.0428778938514958));
#12004=CARTESIAN_POINT('',(0.0293377619853033,-0.0316837909308409,0.0457020171462824));
#12005=CARTESIAN_POINT('',(0.029317128400355,-0.0316837909308407,0.0497423309607853));
#12006=CARTESIAN_POINT('',(0.029317128400355,-0.0316837909308407,0.0497423309607853));
#12007=CARTESIAN_POINT('',(0.0293377619853033,-0.0316837909308407,0.0457020171462824));
#12008=CARTESIAN_POINT('',(0.027613544316468,-0.0316837909308407,0.0492227078225223));
#12009=CARTESIAN_POINT('',(0.027613544316468,-0.0306837909308407,0.0492227078225223));
#12010=CARTESIAN_POINT('',(0.0280244439986731,-0.0316837909308407,0.049569123248031));
#12011=CARTESIAN_POINT('',(0.0280244439986731,-0.0306837909308407,0.049569123248031));
#12012=CARTESIAN_POINT('',(0.0285923053599688,-0.0316837909308407,0.0497423309607853));
#12013=CARTESIAN_POINT('',(0.0285923053599688,-0.0306837909308407,0.0497423309607853));
#12014=CARTESIAN_POINT('',(0.029317128400355,-0.0316837909308407,0.0497423309607853));
#12015=CARTESIAN_POINT('',(0.029317128400355,-0.0306837909308407,0.0497423309607853));
#12016=CARTESIAN_POINT('',(0.027613544316468,-0.0316837909308407,0.0492227078225223));
#12017=CARTESIAN_POINT('',(0.027613544316468,-0.0316837909308407,0.0492227078225223));
#12018=CARTESIAN_POINT('',(0.027613544316468,-0.0316837909308407,0.0492227078225223));
#12019=CARTESIAN_POINT('',(0.0282298938397757,-0.0316837909308407,0.0497423309607853));
#12020=CARTESIAN_POINT('',(0.029317128400355,-0.0316837909308407,0.0497423309607853));
#12021=CARTESIAN_POINT('',(0.0269971947931603,-0.0316837909308407,0.0477928069211259));
#12022=CARTESIAN_POINT('',(0.0269971947931603,-0.0306837909308407,0.0477928069211259));
#12023=CARTESIAN_POINT('',(0.0269971947931603,-0.0316837909308407,0.0483996587632148));
#12024=CARTESIAN_POINT('',(0.0269971947931603,-0.0306837909308407,0.0483996587632148));
#12025=CARTESIAN_POINT('',(0.0272026446342628,-0.0316837909308407,0.0488762923970136));
#12026=CARTESIAN_POINT('',(0.0272026446342628,-0.0306837909308407,0.0488762923970136));
#12027=CARTESIAN_POINT('',(0.027613544316468,-0.0316837909308407,0.0492227078225223));
#12028=CARTESIAN_POINT('',(0.027613544316468,-0.0306837909308407,0.0492227078225223));
#12029=CARTESIAN_POINT('',(0.0269971947931603,-0.0316837909308407,0.0477928069211259));
#12030=CARTESIAN_POINT('',(0.0269971947931603,-0.0316837909308407,0.0477928069211259));
#12031=CARTESIAN_POINT('',(0.0269971947931603,-0.0316837909308407,0.0477928069211259));
#12032=CARTESIAN_POINT('',(0.0269971947931603,-0.0316837909308407,0.0487030846842592));
#12033=CARTESIAN_POINT('',(0.027613544316468,-0.0316837909308407,0.0492227078225223));
#12034=CARTESIAN_POINT('',(0.0271846490277429,-0.0316837909308407,0.0469500126824423));
#12035=CARTESIAN_POINT('',(0.0271846490277429,-0.0306837909308407,0.0469500126824423));
#12036=CARTESIAN_POINT('',(0.0270596795380211,-0.0316837909308407,0.0471909538586259));
#12037=CARTESIAN_POINT('',(0.0270596795380211,-0.0306837909308407,0.0471909538586259));
#12038=CARTESIAN_POINT('',(0.0269971947931603,-0.0316837909308407,0.0474718852715204));
#12039=CARTESIAN_POINT('',(0.0269971947931603,-0.0306837909308407,0.0474718852715204));
#12040=CARTESIAN_POINT('',(0.0269971947931603,-0.0316837909308407,0.0477928069211259));
#12041=CARTESIAN_POINT('',(0.0269971947931603,-0.0306837909308407,0.0477928069211259));
#12042=CARTESIAN_POINT('',(0.0271846490277429,-0.0316837909308407,0.0469500126824423));
#12043=CARTESIAN_POINT('',(0.0271846490277429,-0.0316837909308407,0.0469500126824423));
#12044=CARTESIAN_POINT('',(0.0271846490277429,-0.0316837909308407,0.0469500126824423));
#12045=CARTESIAN_POINT('',(0.0269971947931603,-0.0316837909308407,0.0473114244467177));
#12046=CARTESIAN_POINT('',(0.0269971947931603,-0.0316837909308407,0.0477928069211259));
#12047=CARTESIAN_POINT('',(0.0290653878314018,-0.0316837909308407,0.0479264437983065));
#12048=CARTESIAN_POINT('',(0.0276862765594861,-0.0316837909308407,0.0463171671864913));
#12049=CARTESIAN_POINT('',(0.0276862765594861,-0.0316837909308407,0.0463171671864913));
#12050=CARTESIAN_POINT('',(0.0290653878314018,-0.0316837909308407,0.0479264437983065));
#12051=CARTESIAN_POINT('',(0.0286272968170909,-0.0316837909308407,0.0457503055811134));
#12052=CARTESIAN_POINT('',(0.0286272968170909,-0.0306837909308407,0.0457503055811134));
#12053=CARTESIAN_POINT('',(0.0282093988434613,-0.0316837909308407,0.0459472574969149));
#12054=CARTESIAN_POINT('',(0.0282093988434613,-0.0306837909308407,0.0459472574969149));
#12055=CARTESIAN_POINT('',(0.0278957254242597,-0.0316837909308407,0.0461362113653742));
#12056=CARTESIAN_POINT('',(0.0278957254242597,-0.0306837909308407,0.0461362113653742));
#12057=CARTESIAN_POINT('',(0.0276862765594861,-0.0316837909308407,0.0463171671864913));
#12058=CARTESIAN_POINT('',(0.0276862765594861,-0.0306837909308407,0.0463171671864913));
#12059=CARTESIAN_POINT('',(0.0286272968170909,-0.0316837909308407,0.0457503055811134));
#12060=CARTESIAN_POINT('',(0.0286272968170909,-0.0316837909308407,0.0457503055811134));
#12061=CARTESIAN_POINT('',(0.0286272968170909,-0.0316837909308407,0.0457503055811134));
#12062=CARTESIAN_POINT('',(0.0280004498566465,-0.0316837909308407,0.0460457334548157));
#12063=CARTESIAN_POINT('',(0.0276862765594861,-0.0316837909308407,0.0463171671864913));
#12064=CARTESIAN_POINT('',(0.0295158298890126,-0.0316837909308407,0.0452861688962868));
#12065=CARTESIAN_POINT('',(0.0295158298890126,-0.0306837909308407,0.0452861688962868));
#12066=CARTESIAN_POINT('',(0.0293703654029765,-0.0316837909308407,0.045382645342352));
#12067=CARTESIAN_POINT('',(0.0293703654029765,-0.0306837909308407,0.045382645342352));
#12068=CARTESIAN_POINT('',(0.0290741877123359,-0.0316837909308407,0.0455373575706275));
#12069=CARTESIAN_POINT('',(0.0290741877123359,-0.0306837909308407,0.0455373575706275));
#12070=CARTESIAN_POINT('',(0.0286272968170909,-0.0316837909308407,0.0457503055811134));
#12071=CARTESIAN_POINT('',(0.0286272968170909,-0.0306837909308407,0.0457503055811134));
#12072=CARTESIAN_POINT('',(0.0295158298890126,-0.0316837909308407,0.0452861688962868));
#12073=CARTESIAN_POINT('',(0.0295158298890126,-0.0316837909308407,0.0452861688962868));
#12074=CARTESIAN_POINT('',(0.0295158298890126,-0.0316837909308407,0.0452861688962868));
#12075=CARTESIAN_POINT('',(0.0292976331599585,-0.0316837909308407,0.0454308835653846));
#12076=CARTESIAN_POINT('',(0.0286272968170909,-0.0316837909308407,0.0457503055811134));
#12077=CARTESIAN_POINT('',(0.0298464991588164,-0.0316837909308407,0.0449839926701396));
#12078=CARTESIAN_POINT('',(0.0298464991588164,-0.0306837909308407,0.0449839926701396));
#12079=CARTESIAN_POINT('',(0.0297715174649833,-0.0316837909308407,0.0450889670415059));
#12080=CARTESIAN_POINT('',(0.0297715174649833,-0.0306837909308407,0.0450889670415059));
#12081=CARTESIAN_POINT('',(0.0296612943750487,-0.0316837909308407,0.0451896924502216));
#12082=CARTESIAN_POINT('',(0.0296612943750487,-0.0306837909308407,0.0451896924502216));
#12083=CARTESIAN_POINT('',(0.0295158298890126,-0.0316837909308407,0.0452861688962868));
#12084=CARTESIAN_POINT('',(0.0295158298890126,-0.0306837909308407,0.0452861688962868));
#12085=CARTESIAN_POINT('',(0.0298464991588164,-0.0316837909308407,0.0449839926701396));
#12086=CARTESIAN_POINT('',(0.0298464991588164,-0.0316837909308407,0.0449839926701396));
#12087=CARTESIAN_POINT('',(0.0298464991588164,-0.0316837909308407,0.0449839926701396));
#12088=CARTESIAN_POINT('',(0.0297340266180668,-0.0316837909308407,0.045141454227189));
#12089=CARTESIAN_POINT('',(0.0295158298890126,-0.0316837909308407,0.0452861688962868));
#12090=CARTESIAN_POINT('',(0.0293582638225395,-0.0316837909308407,0.0446346219617505));
#12091=CARTESIAN_POINT('',(0.029958971699566,-0.0316837909308407,0.0446255801736175));
#12092=CARTESIAN_POINT('',(0.029958971699566,-0.0316837909308407,0.0446255801736175));
#12093=CARTESIAN_POINT('',(0.0293582638225395,-0.0316837909308407,0.0446346219617505));
#12094=CARTESIAN_POINT('',(0.0297032841235953,-0.0316837909308407,0.0440819628933279));
#12095=CARTESIAN_POINT('',(0.0297032841235953,-0.0306837909308407,0.0440819628933279));
#12096=CARTESIAN_POINT('',(0.0298737425075758,-0.0316837909308407,0.0442034332373375));
#12097=CARTESIAN_POINT('',(0.0298737425075758,-0.0306837909308407,0.0442034332373375));
#12098=CARTESIAN_POINT('',(0.029958971699566,-0.0316837909308407,0.044384638997434));
#12099=CARTESIAN_POINT('',(0.029958971699566,-0.0306837909308407,0.044384638997434));
#12100=CARTESIAN_POINT('',(0.029958971699566,-0.0316837909308407,0.0446255801736175));
#12101=CARTESIAN_POINT('',(0.029958971699566,-0.0306837909308407,0.0446255801736175));
#12102=CARTESIAN_POINT('',(0.0297032841235953,-0.0316837909308407,0.0440819628933279));
#12103=CARTESIAN_POINT('',(0.0297032841235953,-0.0316837909308407,0.0440819628933279));
#12104=CARTESIAN_POINT('',(0.0297032841235953,-0.0316837909308407,0.0440819628933279));
#12105=CARTESIAN_POINT('',(0.029958971699566,-0.0316837909308407,0.0442641684093422));
#12106=CARTESIAN_POINT('',(0.029958971699566,-0.0316837909308407,0.0446255801736175));
#12107=CARTESIAN_POINT('',(0.0289707129748463,-0.0316837909308407,0.0438997573773136));
#12108=CARTESIAN_POINT('',(0.0289707129748463,-0.0306837909308407,0.0438997573773136));
#12109=CARTESIAN_POINT('',(0.0292886353566985,-0.0316837909308407,0.0438997573773136));
#12110=CARTESIAN_POINT('',(0.0292886353566985,-0.0306837909308407,0.0438997573773136));
#12111=CARTESIAN_POINT('',(0.0295328257396148,-0.0316837909308407,0.0439604925493184));
#12112=CARTESIAN_POINT('',(0.0295328257396148,-0.0306837909308407,0.0439604925493184));
#12113=CARTESIAN_POINT('',(0.0297032841235953,-0.0316837909308407,0.0440819628933279));
#12114=CARTESIAN_POINT('',(0.0297032841235953,-0.0306837909308407,0.0440819628933279));
#12115=CARTESIAN_POINT('',(0.0289707129748463,-0.0316837909308407,0.0438997573773136));
#12116=CARTESIAN_POINT('',(0.0289707129748463,-0.0316837909308407,0.0438997573773136));
#12117=CARTESIAN_POINT('',(0.0289707129748463,-0.0316837909308407,0.0438997573773136));
#12118=CARTESIAN_POINT('',(0.0294475965476245,-0.0316837909308407,0.0438997573773136));
#12119=CARTESIAN_POINT('',(0.0297032841235953,-0.0316837909308407,0.0440819628933279));
#12120=CARTESIAN_POINT('',(0.0280911777061846,-0.0316837909308407,0.0440257266229531));
#12121=CARTESIAN_POINT('',(0.0280911777061846,-0.0306837909308407,0.0440257266229531));
#12122=CARTESIAN_POINT('',(0.0284115994778311,-0.0316837909308407,0.0439417471258601));
#12123=CARTESIAN_POINT('',(0.0284115994778311,-0.0306837909308407,0.0439417471258601));
#12124=CARTESIAN_POINT('',(0.0287047779007184,-0.0316837909308407,0.0438997573773136));
#12125=CARTESIAN_POINT('',(0.0287047779007184,-0.0306837909308407,0.0438997573773136));
#12126=CARTESIAN_POINT('',(0.0289707129748463,-0.0316837909308407,0.0438997573773136));
#12127=CARTESIAN_POINT('',(0.0289707129748463,-0.0306837909308407,0.0438997573773136));
#12128=CARTESIAN_POINT('',(0.0280911777061846,-0.0316837909308407,0.0440257266229531));
#12129=CARTESIAN_POINT('',(0.0280911777061846,-0.0316837909308407,0.0440257266229531));
#12130=CARTESIAN_POINT('',(0.0280911777061846,-0.0316837909308407,0.0440257266229531));
#12131=CARTESIAN_POINT('',(0.0285718103636544,-0.0316837909308407,0.0438997573773136));
#12132=CARTESIAN_POINT('',(0.0289707129748463,-0.0316837909308407,0.0438997573773136));
#12133=CARTESIAN_POINT('',(0.0269177141976972,-0.0316837909308407,0.0444621200810615));
#12134=CARTESIAN_POINT('',(0.0269177141976972,-0.0306837909308407,0.0444621200810615));
#12135=CARTESIAN_POINT('',(0.0273796014317088,-0.0316837909308407,0.0442551706060823));
#12136=CARTESIAN_POINT('',(0.0273796014317088,-0.0306837909308407,0.0442551706060823));
#12137=CARTESIAN_POINT('',(0.027770755934538,-0.0316837909308407,0.0441097061200461));
#12138=CARTESIAN_POINT('',(0.027770755934538,-0.0306837909308407,0.0441097061200461));
#12139=CARTESIAN_POINT('',(0.0280911777061846,-0.0316837909308407,0.0440257266229531));
#12140=CARTESIAN_POINT('',(0.0280911777061846,-0.0306837909308407,0.0440257266229531));
#12141=CARTESIAN_POINT('',(0.0269177141976972,-0.0316837909308407,0.0444621200810615));
#12142=CARTESIAN_POINT('',(0.0269177141976972,-0.0316837909308407,0.0444621200810615));
#12143=CARTESIAN_POINT('',(0.0269177141976972,-0.0316837909308407,0.0444621200810615));
#12144=CARTESIAN_POINT('',(0.0276105450487147,-0.0316837909308407,0.0441516958685927));
#12145=CARTESIAN_POINT('',(0.0280911777061846,-0.0316837909308407,0.0440257266229531));
#12146=CARTESIAN_POINT('',(0.0269177141976972,-0.0316837909308407,0.043787284836564));
#12147=CARTESIAN_POINT('',(0.0269177141976972,-0.0316837909308407,0.0431124495920665));
#12148=CARTESIAN_POINT('',(0.0269177141976972,-0.0316837909308407,0.0431124495920665));
#12149=CARTESIAN_POINT('',(0.0269177141976972,-0.0316837909308407,0.043787284836564));
#12150=CARTESIAN_POINT('',(0.0288582404340967,-0.0316837909308407,0.042698550642108));
#12151=CARTESIAN_POINT('',(0.0288582404340967,-0.0306837909308407,0.042698550642108));
#12152=CARTESIAN_POINT('',(0.0281264191022861,-0.0316837909308407,0.042698550642108));
#12153=CARTESIAN_POINT('',(0.0281264191022861,-0.0306837909308407,0.042698550642108));
#12154=CARTESIAN_POINT('',(0.0274795770234862,-0.0316837909308407,0.0428365169587608));
#12155=CARTESIAN_POINT('',(0.0274795770234862,-0.0306837909308407,0.0428365169587608));
#12156=CARTESIAN_POINT('',(0.0269177141976972,-0.0316837909308407,0.0431124495920665));
#12157=CARTESIAN_POINT('',(0.0269177141976972,-0.0306837909308407,0.0431124495920665));
#12158=CARTESIAN_POINT('',(0.0288582404340967,-0.0316837909308407,0.042698550642108));
#12159=CARTESIAN_POINT('',(0.0288582404340967,-0.0316837909308407,0.042698550642108));
#12160=CARTESIAN_POINT('',(0.0288582404340967,-0.0316837909308407,0.042698550642108));
#12161=CARTESIAN_POINT('',(0.0277605084363808,-0.0316837909308407,0.042698550642108));
#12162=CARTESIAN_POINT('',(0.0269177141976972,-0.0316837909308407,0.0431124495920665));
#12163=CARTESIAN_POINT('',(0.0307155369903415,-0.0316837909308407,0.0432331701191377));
#12164=CARTESIAN_POINT('',(0.0307155369903415,-0.0306837909308407,0.0432331701191377));
#12165=CARTESIAN_POINT('',(0.0302701457289732,-0.0316837909308407,0.0428767571344512));
#12166=CARTESIAN_POINT('',(0.0302701457289732,-0.0306837909308407,0.0428767571344512));
#12167=CARTESIAN_POINT('',(0.0296510468768916,-0.0316837909308407,0.042698550642108));
#12168=CARTESIAN_POINT('',(0.0296510468768916,-0.0306837909308407,0.042698550642108));
#12169=CARTESIAN_POINT('',(0.0288582404340967,-0.0316837909308407,0.042698550642108));
#12170=CARTESIAN_POINT('',(0.0288582404340967,-0.0306837909308407,0.042698550642108));
#12171=CARTESIAN_POINT('',(0.0307155369903415,-0.0316837909308407,0.0432331701191377));
#12172=CARTESIAN_POINT('',(0.030047450098289,-0.0316837909308407,0.042698550642108));
#12173=CARTESIAN_POINT('',(0.0288582404340967,-0.0316837909308407,0.042698550642108));
#12174=CARTESIAN_POINT('',(0.,-0.0316837909308407,0.032));
#12175=CARTESIAN_POINT('',(0.0233458666722569,-0.031683790930841,0.0457771542899905));
#12176=CARTESIAN_POINT('',(0.0232990976533139,-0.0316837909308407,0.0481302245433746));
#12177=CARTESIAN_POINT('',(0.0232991089123857,-0.0316837909308407,0.0481298376864022));
#12178=CARTESIAN_POINT('',(0.0233458666722569,-0.0316837909308407,0.0457771542899905));
#12179=CARTESIAN_POINT('',(0.0237820518729012,-0.0316837909308407,0.0480891291752874));
#12180=CARTESIAN_POINT('',(0.0237820518729012,-0.0316837909308407,0.0480891291752874));
#12181=CARTESIAN_POINT('',(0.0232926580875219,-0.0316837909308407,0.0465080302093459));
#12182=CARTESIAN_POINT('',(0.0223970678765022,-0.0316837909308407,0.047861040262514));
#12183=CARTESIAN_POINT('',(0.0223971686871172,-0.0316837909308407,0.0478608904036099));
#12184=CARTESIAN_POINT('',(0.0232926580875219,-0.0316837909308407,0.0465080302093459));
#12185=CARTESIAN_POINT('',(0.0234685985255459,-0.0316837909308407,0.0462066951682494));
#12186=CARTESIAN_POINT('',(0.0217383876965522,-0.0316837909308407,0.0471509636219149));
#12187=CARTESIAN_POINT('',(0.0217383876965522,-0.0316837909308407,0.0471509636219149));
#12188=CARTESIAN_POINT('',(0.0234685985255459,-0.0316837909308407,0.0462066951682494));
#12189=CARTESIAN_POINT('',(0.0217034872085465,-0.0316837909308407,0.0471509636219149));
#12190=CARTESIAN_POINT('',(0.0216689956293833,-0.0316837909308407,0.0471509636219149));
#12191=CARTESIAN_POINT('',(0.0216689956293833,-0.0316837909308407,0.0471509636219149));
#12192=CARTESIAN_POINT('',(0.0217034872085465,-0.0316837909308407,0.0471509636219149));
#12193=CARTESIAN_POINT('',(0.0215632714410787,-0.0316837909308407,0.0475918559816533));
#12194=CARTESIAN_POINT('',(0.021457547252774,-0.0316837909308407,0.0480327483413916));
#12195=CARTESIAN_POINT('',(0.021457547252774,-0.0316837909308407,0.0480327483413916));
#12196=CARTESIAN_POINT('',(0.0215632714410787,-0.0316837909308407,0.0475918559816533));
#12197=CARTESIAN_POINT('',(0.0209161794232994,-0.0316837909308407,0.0480327483413916));
#12198=CARTESIAN_POINT('',(0.0203748115938247,-0.0316837909308407,0.0480327483413916));
#12199=CARTESIAN_POINT('',(0.0203748115938247,-0.0316837909308407,0.0480327483413916));
#12200=CARTESIAN_POINT('',(0.0209161794232994,-0.0316837909308407,0.0480327483413916));
#12201=CARTESIAN_POINT('',(0.0203748115938247,-0.0316837909308407,0.0454128879588647));
#12202=CARTESIAN_POINT('',(0.0203748115938247,-0.0316837909308407,0.0427930275763376));
#12203=CARTESIAN_POINT('',(0.0203748115938247,-0.0316837909308407,0.0427930275763376));
#12204=CARTESIAN_POINT('',(0.0203748115938247,-0.0316837909308407,0.0454128879588647));
#12205=CARTESIAN_POINT('',(0.0210893871360538,-0.0316837909308407,0.0427930275763376));
#12206=CARTESIAN_POINT('',(0.0218039626782827,-0.0316837909308407,0.0427930275763376));
#12207=CARTESIAN_POINT('',(0.0218039626782827,-0.0316837909308407,0.0427930275763376));
#12208=CARTESIAN_POINT('',(0.0210893871360538,-0.0316837909308407,0.0427930275763376));
#12209=CARTESIAN_POINT('',(0.0218039626782827,-0.0316837909308407,0.0441262020926894));
#12210=CARTESIAN_POINT('',(0.0218039626782827,-0.0316837909308407,0.0454593766090412));
#12211=CARTESIAN_POINT('',(0.0218039626782827,-0.0316837909308407,0.0454593766090412));
#12212=CARTESIAN_POINT('',(0.0218039626782827,-0.0316837909308407,0.0441262020926894));
#12213=CARTESIAN_POINT('',(0.0221863693168314,-0.0316837909308407,0.0464438862490692));
#12214=CARTESIAN_POINT('',(0.0221863693168314,-0.0306837909308407,0.0464438862490692));
#12215=CARTESIAN_POINT('',(0.0219314315577989,-0.0316837909308407,0.0462094434863512));
#12216=CARTESIAN_POINT('',(0.0219314315577989,-0.0306837909308407,0.0462094434863512));
#12217=CARTESIAN_POINT('',(0.0218039626782827,-0.0316837909308407,0.0458812736063419));
#12218=CARTESIAN_POINT('',(0.0218039626782827,-0.0306837909308407,0.0458812736063419));
#12219=CARTESIAN_POINT('',(0.0218039626782827,-0.0316837909308407,0.0454593766090412));
#12220=CARTESIAN_POINT('',(0.0218039626782827,-0.0306837909308407,0.0454593766090412));
#12221=CARTESIAN_POINT('',(0.0221863693168314,-0.0316837909308407,0.0464438862490692));
#12222=CARTESIAN_POINT('',(0.0221863693168314,-0.0316837909308407,0.0464438862490692));
#12223=CARTESIAN_POINT('',(0.0221863693168314,-0.0316837909308407,0.0464438862490692));
#12224=CARTESIAN_POINT('',(0.0218039626782827,-0.0316837909308407,0.0460922221049922));
#12225=CARTESIAN_POINT('',(0.0218039626782827,-0.0316837909308407,0.0454593766090412));
#12226=CARTESIAN_POINT('',(0.0232526090031374,-0.0316837909308407,0.0467955503931462));
#12227=CARTESIAN_POINT('',(0.0232526090031374,-0.0306837909308407,0.0467955503931462));
#12228=CARTESIAN_POINT('',(0.0227967203046325,-0.0316837909308407,0.0467955503931462));
#12229=CARTESIAN_POINT('',(0.0227967203046325,-0.0306837909308407,0.0467955503931462));
#12230=CARTESIAN_POINT('',(0.0224413070758638,-0.0316837909308407,0.0466783290117872));
#12231=CARTESIAN_POINT('',(0.0224413070758638,-0.0306837909308407,0.0466783290117872));
#12232=CARTESIAN_POINT('',(0.0221863693168314,-0.0316837909308407,0.0464438862490692));
#12233=CARTESIAN_POINT('',(0.0221863693168314,-0.0306837909308407,0.0464438862490692));
#12234=CARTESIAN_POINT('',(0.0232526090031374,-0.0316837909308407,0.0467955503931462));
#12235=CARTESIAN_POINT('',(0.0232526090031374,-0.0316837909308407,0.0467955503931462));
#12236=CARTESIAN_POINT('',(0.0232526090031374,-0.0316837909308407,0.0467955503931462));
#12237=CARTESIAN_POINT('',(0.02256877595538,-0.0316837909308407,0.0467955503931462));
#12238=CARTESIAN_POINT('',(0.0221863693168314,-0.0316837909308407,0.0464438862490692));
#12239=CARTESIAN_POINT('',(0.0232873931288322,-0.0316837909308409,0.0451250476937814));
#12240=CARTESIAN_POINT('',(0.0236740688320486,-0.0316837909308407,0.0467498390359));
#12241=CARTESIAN_POINT('',(0.0236740688114972,-0.0316837909308407,0.0467498390209675));
#12242=CARTESIAN_POINT('',(0.0232873931288322,-0.0316837909308407,0.0451250476937814));
#12243=CARTESIAN_POINT('',(0.023727992942039,-0.0316837909308407,0.0474186482688989));
#12244=CARTESIAN_POINT('',(0.023727992942039,-0.0316837909308407,0.0474186482688989));
#12245=CARTESIAN_POINT('',(0.,-0.0316837909308407,0.032));
#12246=CARTESIAN_POINT('',(0.0172068350293781,-0.0316837909308407,0.0452111872024537));
#12247=CARTESIAN_POINT('',(0.0172068350293781,-0.0306837909308407,0.0452111872024537));
#12248=CARTESIAN_POINT('',(0.0174835174796221,-0.0306837909308407,0.045220934822652));
#12249=CARTESIAN_POINT('',(0.0169301525791341,-0.0306837909308407,0.0452014395822554));
#12250=CARTESIAN_POINT('',(0.0174835174796221,-0.0316837909308407,0.045220934822652));
#12251=CARTESIAN_POINT('',(0.0174835174796221,-0.0316837909308407,0.045220934822652));
#12252=CARTESIAN_POINT('',(0.0172068350293781,-0.0316837909308407,0.0452111872024537));
#12253=CARTESIAN_POINT('',(0.0169301525791341,-0.0316837909308407,0.0452014395822554));
#12254=CARTESIAN_POINT('',(0.0169301525791341,-0.0316837909308407,0.0452014395822554));
#12255=CARTESIAN_POINT('',(0.0174835174796221,-0.0316837909308407,0.0450049875444128));
#12256=CARTESIAN_POINT('',(0.0174835174796221,-0.0306837909308407,0.0450049875444128));
#12257=CARTESIAN_POINT('',(0.0174835174796221,-0.0306837909308407,0.0447890402661736));
#12258=CARTESIAN_POINT('',(0.0174835174796221,-0.0316837909308407,0.0447890402661736));
#12259=CARTESIAN_POINT('',(0.0174835174796221,-0.0316837909308407,0.0447890402661736));
#12260=CARTESIAN_POINT('',(0.0174835174796221,-0.0316837909308407,0.0450049875444128));
#12261=CARTESIAN_POINT('',(0.0171858401551048,-0.0316837909308407,0.0440302255245831));
#12262=CARTESIAN_POINT('',(0.0171858401551048,-0.0306837909308407,0.0440302255245831));
#12263=CARTESIAN_POINT('',(0.017384291704783,-0.0316837909308407,0.044221178904878));
#12264=CARTESIAN_POINT('',(0.017384291704783,-0.0306837909308407,0.044221178904878));
#12265=CARTESIAN_POINT('',(0.0174835174796221,-0.0316837909308407,0.0444741171520748));
#12266=CARTESIAN_POINT('',(0.0174835174796221,-0.0306837909308407,0.0444741171520748));
#12267=CARTESIAN_POINT('',(0.0174835174796221,-0.0316837909308407,0.0447890402661736));
#12268=CARTESIAN_POINT('',(0.0174835174796221,-0.0306837909308407,0.0447890402661736));
#12269=CARTESIAN_POINT('',(0.0171858401551048,-0.0306837909308407,0.0440302255245831));
#12270=CARTESIAN_POINT('',(0.0174835174796221,-0.0306837909308407,0.0443166555950254));
#12271=CARTESIAN_POINT('',(0.0174835174796221,-0.0306837909308407,0.0447890402661736));
#12272=CARTESIAN_POINT('',(0.0171858401551048,-0.0306837909308407,0.0440302255245831));
#12273=CARTESIAN_POINT('',(0.0171858401551048,-0.0316837909308407,0.0440302255245831));
#12274=CARTESIAN_POINT('',(0.0171858401551048,-0.0316837909308407,0.0440302255245831));
#12275=CARTESIAN_POINT('',(0.0171858401551048,-0.0316837909308407,0.0440302255245831));
#12276=CARTESIAN_POINT('',(0.0174835174796221,-0.0316837909308407,0.0443166555950254));
#12277=CARTESIAN_POINT('',(0.0174835174796221,-0.0316837909308407,0.0447890402661736));
#12278=CARTESIAN_POINT('',(0.0163902843835361,-0.0316837909308407,0.0437437954541409));
#12279=CARTESIAN_POINT('',(0.0163902843835361,-0.0306837909308407,0.0437437954541409));
#12280=CARTESIAN_POINT('',(0.0167222033482371,-0.0316837909308407,0.0437437954541408));
#12281=CARTESIAN_POINT('',(0.0167222033482371,-0.0306837909308407,0.0437437954541408));
#12282=CARTESIAN_POINT('',(0.0169873886054267,-0.0316837909308407,0.0438392721442883));
#12283=CARTESIAN_POINT('',(0.0169873886054267,-0.0306837909308407,0.0438392721442883));
#12284=CARTESIAN_POINT('',(0.0171858401551048,-0.0316837909308407,0.0440302255245831));
#12285=CARTESIAN_POINT('',(0.0171858401551048,-0.0306837909308407,0.0440302255245831));
#12286=CARTESIAN_POINT('',(0.0163902843835361,-0.0306837909308407,0.0437437954541409));
#12287=CARTESIAN_POINT('',(0.0168881628305876,-0.0306837909308407,0.0437437954541409));
#12288=CARTESIAN_POINT('',(0.0171858401551048,-0.0306837909308407,0.0440302255245831));
#12289=CARTESIAN_POINT('',(0.0163902843835361,-0.0306837909308407,0.0437437954541409));
#12290=CARTESIAN_POINT('',(0.0163902843835361,-0.0316837909308407,0.0437437954541409));
#12291=CARTESIAN_POINT('',(0.0163902843835361,-0.0316837909308407,0.0437437954541409));
#12292=CARTESIAN_POINT('',(0.0163902843835361,-0.0316837909308407,0.0437437954541409));
#12293=CARTESIAN_POINT('',(0.0168881628305876,-0.0316837909308407,0.0437437954541409));
#12294=CARTESIAN_POINT('',(0.0171858401551048,-0.0316837909308407,0.0440302255245831));
#12295=CARTESIAN_POINT('',(0.0156974535325186,-0.0316837909308407,0.0443496475403119));
#12296=CARTESIAN_POINT('',(0.0156974535325186,-0.0306837909308407,0.0443496475403119));
#12297=CARTESIAN_POINT('',(0.0156974535325186,-0.0316837909308407,0.0439457461495312));
#12298=CARTESIAN_POINT('',(0.0156974535325186,-0.0306837909308407,0.0439457461495312));
#12299=CARTESIAN_POINT('',(0.0159283971495245,-0.0316837909308407,0.0437437954541408));
#12300=CARTESIAN_POINT('',(0.0159283971495245,-0.0306837909308407,0.0437437954541408));
#12301=CARTESIAN_POINT('',(0.0163902843835361,-0.0316837909308407,0.0437437954541409));
#12302=CARTESIAN_POINT('',(0.0163902843835361,-0.0306837909308407,0.0437437954541409));
#12303=CARTESIAN_POINT('',(0.0156974535325186,-0.0306837909308407,0.0443496475403119));
#12304=CARTESIAN_POINT('',(0.0156974535325186,-0.0306837909308407,0.0437437954541409));
#12305=CARTESIAN_POINT('',(0.0163902843835361,-0.0306837909308407,0.0437437954541409));
#12306=CARTESIAN_POINT('',(0.0156974535325186,-0.0306837909308407,0.0443496475403119));
#12307=CARTESIAN_POINT('',(0.0156974535325186,-0.0316837909308407,0.0443496475403119));
#12308=CARTESIAN_POINT('',(0.0156974535325186,-0.0316837909308407,0.0443496475403119));
#12309=CARTESIAN_POINT('',(0.0156974535325186,-0.0316837909308407,0.0443496475403119));
#12310=CARTESIAN_POINT('',(0.0156974535325186,-0.0316837909308407,0.0437437954541409));
#12311=CARTESIAN_POINT('',(0.0163902843835361,-0.0316837909308407,0.0437437954541409));
#12312=CARTESIAN_POINT('',(0.0160018792094808,-0.0316837909308407,0.0449772443176946));
#12313=CARTESIAN_POINT('',(0.0160018792094808,-0.0306837909308407,0.0449772443176946));
#12314=CARTESIAN_POINT('',(0.0157989287581727,-0.0316837909308407,0.0448397778790007));
#12315=CARTESIAN_POINT('',(0.0157989287581727,-0.0306837909308407,0.0448397778790007));
#12316=CARTESIAN_POINT('',(0.0156974535325186,-0.0316837909308407,0.0446305789532064));
#12317=CARTESIAN_POINT('',(0.0156974535325186,-0.0306837909308407,0.0446305789532064));
#12318=CARTESIAN_POINT('',(0.0156974535325186,-0.0316837909308407,0.0443496475403119));
#12319=CARTESIAN_POINT('',(0.0156974535325186,-0.0306837909308407,0.0443496475403119));
#12320=CARTESIAN_POINT('',(0.0160018792094808,-0.0306837909308407,0.0449772443176946));
#12321=CARTESIAN_POINT('',(0.0156974535325186,-0.0306837909308407,0.0447710446596537));
#12322=CARTESIAN_POINT('',(0.0156974535325186,-0.0306837909308407,0.0443496475403119));
#12323=CARTESIAN_POINT('',(0.0160018792094808,-0.0306837909308407,0.0449772443176946));
#12324=CARTESIAN_POINT('',(0.0160018792094808,-0.0316837909308407,0.0449772443176946));
#12325=CARTESIAN_POINT('',(0.0160018792094808,-0.0316837909308407,0.0449772443176946));
#12326=CARTESIAN_POINT('',(0.0160018792094808,-0.0316837909308407,0.0449772443176946));
#12327=CARTESIAN_POINT('',(0.0156974535325186,-0.0316837909308407,0.0447710446596537));
#12328=CARTESIAN_POINT('',(0.0156974535325186,-0.0316837909308407,0.0443496475403119));
#12329=CARTESIAN_POINT('',(0.0177661984653727,-0.0316837909308407,0.0431491906220447));
#12330=CARTESIAN_POINT('',(0.0179049145989639,-0.0316837909308407,0.0427930275763376));
#12331=CARTESIAN_POINT('',(0.0179049145989639,-0.0316837909308407,0.0427930275763376));
#12332=CARTESIAN_POINT('',(0.0177661984653727,-0.0316837909308407,0.0431491906220447));
#12333=CARTESIAN_POINT('',(0.0176274823317816,-0.0316837909308407,0.0435053536677517));
#12334=CARTESIAN_POINT('',(0.0176274823317816,-0.0316837909308407,0.0435053536677517));
#12335=CARTESIAN_POINT('',(0.0184035428629537,-0.0316837909308407,0.0427930275763376));
#12336=CARTESIAN_POINT('',(0.0189021711269435,-0.0316837909308407,0.0427930275763376));
#12337=CARTESIAN_POINT('',(0.0189021711269435,-0.0316837909308407,0.0427930275763376));
#12338=CARTESIAN_POINT('',(0.0184035428629537,-0.0316837909308407,0.0427930275763376));
#12339=CARTESIAN_POINT('',(0.0189021711269435,-0.0316837909308407,0.0445386014087712));
#12340=CARTESIAN_POINT('',(0.0189021711269435,-0.0316837909308407,0.0462841752412048));
#12341=CARTESIAN_POINT('',(0.0189021711269435,-0.0316837909308407,0.0462841752412048));
#12342=CARTESIAN_POINT('',(0.0189021711269435,-0.0316837909308407,0.0445386014087712));
#12343=CARTESIAN_POINT('',(0.0183398084231956,-0.0316837909308407,0.0476810841973146));
#12344=CARTESIAN_POINT('',(0.0183398084231956,-0.0306837909308407,0.0476810841973146));
#12345=CARTESIAN_POINT('',(0.0187147168923609,-0.0316837909308407,0.0473746590085169));
#12346=CARTESIAN_POINT('',(0.0187147168923609,-0.0306837909308407,0.0473746590085169));
#12347=CARTESIAN_POINT('',(0.0189021711269435,-0.0316837909308407,0.0469090226898136));
#12348=CARTESIAN_POINT('',(0.0189021711269435,-0.0306837909308407,0.0469090226898136));
#12349=CARTESIAN_POINT('',(0.0189021711269435,-0.0316837909308407,0.0462841752412048));
#12350=CARTESIAN_POINT('',(0.0189021711269435,-0.0306837909308407,0.0462841752412048));
#12351=CARTESIAN_POINT('',(0.0183398084231956,-0.0316837909308407,0.0476810841973146));
#12352=CARTESIAN_POINT('',(0.0183398084231956,-0.0316837909308407,0.0476810841973146));
#12353=CARTESIAN_POINT('',(0.0183398084231956,-0.0316837909308407,0.0476810841973146));
#12354=CARTESIAN_POINT('',(0.0189021711269435,-0.0316837909308407,0.047221446414118));
#12355=CARTESIAN_POINT('',(0.0189021711269435,-0.0316837909308407,0.0462841752412048));
#12356=CARTESIAN_POINT('',(0.0167232031041549,-0.0316837909308407,0.0481407219805113));
#12357=CARTESIAN_POINT('',(0.0167232031041549,-0.0306837909308407,0.0481407219805113));
#12358=CARTESIAN_POINT('',(0.0174260315143501,-0.0316837909308407,0.0481407219805113));
#12359=CARTESIAN_POINT('',(0.0174260315143501,-0.0306837909308407,0.0481407219805113));
#12360=CARTESIAN_POINT('',(0.0179648999540303,-0.0316837909308407,0.0479875093861124));
#12361=CARTESIAN_POINT('',(0.0179648999540303,-0.0306837909308407,0.0479875093861124));
#12362=CARTESIAN_POINT('',(0.0183398084231956,-0.0316837909308407,0.0476810841973146));
#12363=CARTESIAN_POINT('',(0.0183398084231956,-0.0306837909308407,0.0476810841973146));
#12364=CARTESIAN_POINT('',(0.0167232031041549,-0.0316837909308407,0.0481407219805113));
#12365=CARTESIAN_POINT('',(0.0167232031041549,-0.0316837909308407,0.0481407219805113));
#12366=CARTESIAN_POINT('',(0.0167232031041549,-0.0316837909308407,0.0481407219805113));
#12367=CARTESIAN_POINT('',(0.0177774457194477,-0.0316837909308407,0.0481407219805113));
#12368=CARTESIAN_POINT('',(0.0183398084231956,-0.0316837909308407,0.0476810841973146));
#12369=CARTESIAN_POINT('',(0.0147181926110589,-0.0316837909308407,0.0476668376754863));
#12370=CARTESIAN_POINT('',(0.0147181926110589,-0.0306837909308407,0.0476668376754863));
#12371=CARTESIAN_POINT('',(0.0153210454294767,-0.0316837909308407,0.047982760545503));
#12372=CARTESIAN_POINT('',(0.0153210454294767,-0.0306837909308407,0.047982760545503));
#12373=CARTESIAN_POINT('',(0.0159893822605087,-0.0316837909308407,0.0481407219805113));
#12374=CARTESIAN_POINT('',(0.0159893822605087,-0.0306837909308407,0.0481407219805113));
#12375=CARTESIAN_POINT('',(0.0167232031041549,-0.0316837909308407,0.0481407219805113));
#12376=CARTESIAN_POINT('',(0.0167232031041549,-0.0306837909308407,0.0481407219805113));
#12377=CARTESIAN_POINT('',(0.0147181926110589,-0.0316837909308407,0.0476668376754863));
#12378=CARTESIAN_POINT('',(0.0147181926110589,-0.0316837909308407,0.0476668376754863));
#12379=CARTESIAN_POINT('',(0.0147181926110589,-0.0316837909308407,0.0476668376754863));
#12380=CARTESIAN_POINT('',(0.0156224718386856,-0.0316837909308407,0.0481407219805113));
#12381=CARTESIAN_POINT('',(0.0167232031041549,-0.0316837909308407,0.0481407219805113));
#12382=CARTESIAN_POINT('',(0.0149543849466331,-0.0316837909308407,0.0471839555672015));
#12383=CARTESIAN_POINT('',(0.0151905772822072,-0.0316837909308407,0.0467010734589166));
#12384=CARTESIAN_POINT('',(0.0151905772822072,-0.0316837909308407,0.0467010734589166));
#12385=CARTESIAN_POINT('',(0.0149543849466331,-0.0316837909308407,0.0471839555672015));
#12386=CARTESIAN_POINT('',(0.0166677166507184,-0.0316837909308407,0.0470804808297118));
#12387=CARTESIAN_POINT('',(0.0166677166507184,-0.0306837909308407,0.0470804808297118));
#12388=CARTESIAN_POINT('',(0.0162488189211711,-0.0316837909308407,0.0470804808297118));
#12389=CARTESIAN_POINT('',(0.0162488189211711,-0.0306837909308407,0.0470804808297118));
#12390=CARTESIAN_POINT('',(0.0157564391316673,-0.0316837909308407,0.0469540117061134));
#12391=CARTESIAN_POINT('',(0.0157564391316673,-0.0306837909308407,0.0469540117061134));
#12392=CARTESIAN_POINT('',(0.0151905772822072,-0.0316837909308407,0.0467010734589166));
#12393=CARTESIAN_POINT('',(0.0151905772822072,-0.0306837909308407,0.0467010734589166));
#12394=CARTESIAN_POINT('',(0.0166677166507184,-0.0316837909308407,0.0470804808297118));
#12395=CARTESIAN_POINT('',(0.0166677166507184,-0.0316837909308407,0.0470804808297118));
#12396=CARTESIAN_POINT('',(0.0166677166507184,-0.0316837909308407,0.0470804808297118));
#12397=CARTESIAN_POINT('',(0.0160393700563974,-0.0316837909308407,0.0470804808297118));
#12398=CARTESIAN_POINT('',(0.0151905772822072,-0.0316837909308407,0.0467010734589166));
#12399=CARTESIAN_POINT('',(0.0174835174796221,-0.0316837909308407,0.0462841752412048));
#12400=CARTESIAN_POINT('',(0.0174835174796221,-0.0306837909308407,0.0462841752412048));
#12401=CARTESIAN_POINT('',(0.0174835174796221,-0.0316837909308407,0.0468150456335428));
#12402=CARTESIAN_POINT('',(0.0174835174796221,-0.0306837909308407,0.0468150456335428));
#12403=CARTESIAN_POINT('',(0.0172115838699875,-0.0316837909308407,0.0470804808297118));
#12404=CARTESIAN_POINT('',(0.0172115838699875,-0.0306837909308407,0.0470804808297118));
#12405=CARTESIAN_POINT('',(0.0166677166507184,-0.0316837909308407,0.0470804808297118));
#12406=CARTESIAN_POINT('',(0.0166677166507184,-0.0306837909308407,0.0470804808297118));
#12407=CARTESIAN_POINT('',(0.0174835174796221,-0.0316837909308407,0.0462841752412048));
#12408=CARTESIAN_POINT('',(0.0174835174796221,-0.0316837909308407,0.0462841752412048));
#12409=CARTESIAN_POINT('',(0.0174835174796221,-0.0316837909308407,0.0462841752412048));
#12410=CARTESIAN_POINT('',(0.0174835174796221,-0.0316837909308407,0.0470804808297118));
#12411=CARTESIAN_POINT('',(0.0166677166507184,-0.0316837909308407,0.0470804808297118));
#12412=CARTESIAN_POINT('',(0.0174835174796221,-0.0316837909308407,0.0461694532496402));
#12413=CARTESIAN_POINT('',(0.0174835174796221,-0.0316837909308407,0.0460547312580756));
#12414=CARTESIAN_POINT('',(0.0174835174796221,-0.0316837909308407,0.0460547312580756));
#12415=CARTESIAN_POINT('',(0.0174835174796221,-0.0316837909308407,0.0461694532496402));
#12416=CARTESIAN_POINT('',(0.0170283785980554,-0.0316837909308407,0.0460404847362473));
#12417=CARTESIAN_POINT('',(0.0165732397164888,-0.0316837909308407,0.0460262382144191));
#12418=CARTESIAN_POINT('',(0.0165732397164888,-0.0316837909308407,0.0460262382144191));
#12419=CARTESIAN_POINT('',(0.0170283785980554,-0.0316837909308407,0.0460404847362473));
#12420=CARTESIAN_POINT('',(0.0148141691791653,-0.0316837909308407,0.045588345122434));
#12421=CARTESIAN_POINT('',(0.0148141691791653,-0.0306837909308407,0.045588345122434));
#12422=CARTESIAN_POINT('',(0.0152030742311794,-0.0316837909308407,0.0458522806847264));
#12423=CARTESIAN_POINT('',(0.0152030742311794,-0.0306837909308407,0.0458522806847264));
#12424=CARTESIAN_POINT('',(0.0157894310769539,-0.0316837909308407,0.0459982450487214));
#12425=CARTESIAN_POINT('',(0.0157894310769539,-0.0306837909308407,0.0459982450487214));
#12426=CARTESIAN_POINT('',(0.0165732397164888,-0.0316837909308407,0.0460262382144191));
#12427=CARTESIAN_POINT('',(0.0165732397164888,-0.0306837909308407,0.0460262382144191));
#12428=CARTESIAN_POINT('',(0.0148141691791653,-0.0316837909308407,0.045588345122434));
#12429=CARTESIAN_POINT('',(0.0148141691791653,-0.0316837909308407,0.045588345122434));
#12430=CARTESIAN_POINT('',(0.0148141691791653,-0.0316837909308407,0.045588345122434));
#12431=CARTESIAN_POINT('',(0.0153975267571864,-0.0316837909308407,0.0459842484658726));
#12432=CARTESIAN_POINT('',(0.0165732397164888,-0.0316837909308407,0.0460262382144191));
#12433=CARTESIAN_POINT('',(0.0142308116011441,-0.0316837909308407,0.0443586453435719));
#12434=CARTESIAN_POINT('',(0.0142308116011441,-0.0306837909308407,0.0443586453435719));
#12435=CARTESIAN_POINT('',(0.0142308116011441,-0.0316837909308407,0.0449145096338543));
#12436=CARTESIAN_POINT('',(0.0142308116011441,-0.0306837909308407,0.0449145096338543));
#12437=CARTESIAN_POINT('',(0.0144252641271511,-0.0316837909308407,0.0453244095601417));
#12438=CARTESIAN_POINT('',(0.0144252641271511,-0.0306837909308407,0.0453244095601417));
#12439=CARTESIAN_POINT('',(0.0148141691791653,-0.0316837909308407,0.045588345122434));
#12440=CARTESIAN_POINT('',(0.0148141691791653,-0.0306837909308407,0.045588345122434));
#12441=CARTESIAN_POINT('',(0.0142308116011441,-0.0316837909308407,0.0443586453435719));
#12442=CARTESIAN_POINT('',(0.0142308116011441,-0.0316837909308407,0.0443586453435719));
#12443=CARTESIAN_POINT('',(0.0142308116011441,-0.0316837909308407,0.0443586453435719));
#12444=CARTESIAN_POINT('',(0.0142308116011441,-0.0316837909308407,0.0451924417789955));
#12445=CARTESIAN_POINT('',(0.0148141691791653,-0.0316837909308407,0.045588345122434));
#12446=CARTESIAN_POINT('',(0.0146642057914991,-0.0316837909308407,0.0431304451985864));
#12447=CARTESIAN_POINT('',(0.0146642057914991,-0.0306837909308407,0.0431304451985864));
#12448=CARTESIAN_POINT('',(0.0143752763312624,-0.0316837909308407,0.0434183749029054));
#12449=CARTESIAN_POINT('',(0.0143752763312624,-0.0306837909308407,0.0434183749029054));
#12450=CARTESIAN_POINT('',(0.0142308116011441,-0.0316837909308407,0.0438277749512339));
#12451=CARTESIAN_POINT('',(0.0142308116011441,-0.0306837909308407,0.0438277749512339));
#12452=CARTESIAN_POINT('',(0.0142308116011441,-0.0316837909308407,0.0443586453435719));
#12453=CARTESIAN_POINT('',(0.0142308116011441,-0.0306837909308407,0.0443586453435719));
#12454=CARTESIAN_POINT('',(0.0146642057914991,-0.0316837909308407,0.0431304451985864));
#12455=CARTESIAN_POINT('',(0.0146642057914991,-0.0316837909308407,0.0431304451985864));
#12456=CARTESIAN_POINT('',(0.0146642057914991,-0.0316837909308407,0.0431304451985864));
#12457=CARTESIAN_POINT('',(0.0142308116011441,-0.0316837909308407,0.0435623397550648));
#12458=CARTESIAN_POINT('',(0.0142308116011441,-0.0316837909308407,0.0443586453435719));
#12459=CARTESIAN_POINT('',(0.0158519158218147,-0.0316837909308407,0.042698550642108));
#12460=CARTESIAN_POINT('',(0.0158519158218147,-0.0306837909308407,0.042698550642108));
#12461=CARTESIAN_POINT('',(0.0153490385951744,-0.0316837909308407,0.042698550642108));
#12462=CARTESIAN_POINT('',(0.0153490385951744,-0.0306837909308407,0.042698550642108));
#12463=CARTESIAN_POINT('',(0.0149531352517358,-0.0316837909308407,0.0428425154942675));
#12464=CARTESIAN_POINT('',(0.0149531352517358,-0.0306837909308407,0.0428425154942675));
#12465=CARTESIAN_POINT('',(0.0146642057914991,-0.0316837909308407,0.0431304451985864));
#12466=CARTESIAN_POINT('',(0.0146642057914991,-0.0306837909308407,0.0431304451985864));
#12467=CARTESIAN_POINT('',(0.0158519158218147,-0.0316837909308407,0.042698550642108));
#12468=CARTESIAN_POINT('',(0.0158519158218147,-0.0316837909308407,0.042698550642108));
#12469=CARTESIAN_POINT('',(0.0158519158218147,-0.0316837909308407,0.042698550642108));
#12470=CARTESIAN_POINT('',(0.0150975999818542,-0.0316837909308407,0.042698550642108));
#12471=CARTESIAN_POINT('',(0.0146642057914991,-0.0316837909308407,0.0431304451985864));
#12472=CARTESIAN_POINT('',(0.0168476727159177,-0.0316837909308407,0.0428747576226157));
#12473=CARTESIAN_POINT('',(0.0168476727159177,-0.0306837909308407,0.0428747576226157));
#12474=CARTESIAN_POINT('',(0.0165927349568854,-0.0316837909308407,0.0427572863022772));
#12475=CARTESIAN_POINT('',(0.0165927349568854,-0.0306837909308407,0.0427572863022772));
#12476=CARTESIAN_POINT('',(0.0162608159921843,-0.0316837909308407,0.042698550642108));
#12477=CARTESIAN_POINT('',(0.0162608159921843,-0.0306837909308407,0.042698550642108));
#12478=CARTESIAN_POINT('',(0.0158519158218147,-0.0316837909308407,0.042698550642108));
#12479=CARTESIAN_POINT('',(0.0158519158218147,-0.0306837909308407,0.042698550642108));
#12480=CARTESIAN_POINT('',(0.0168476727159177,-0.0316837909308407,0.0428747576226157));
#12481=CARTESIAN_POINT('',(0.0168476727159177,-0.0316837909308407,0.0428747576226157));
#12482=CARTESIAN_POINT('',(0.0168476727159177,-0.0316837909308407,0.0428747576226157));
#12483=CARTESIAN_POINT('',(0.0164652660773692,-0.0316837909308407,0.042698550642108));
#12484=CARTESIAN_POINT('',(0.0158519158218147,-0.0316837909308407,0.042698550642108));
#12485=CARTESIAN_POINT('',(0.017589991484865,-0.0316837909308407,0.0435053536677517));
#12486=CARTESIAN_POINT('',(0.017589991484865,-0.0306837909308407,0.0435053536677517));
#12487=CARTESIAN_POINT('',(0.0173500500645992,-0.0316837909308407,0.0432024276246662));
#12488=CARTESIAN_POINT('',(0.0173500500645992,-0.0306837909308407,0.0432024276246662));
#12489=CARTESIAN_POINT('',(0.0171026104749501,-0.0316837909308407,0.0429922289429542));
#12490=CARTESIAN_POINT('',(0.0171026104749501,-0.0306837909308407,0.0429922289429542));
#12491=CARTESIAN_POINT('',(0.0168476727159177,-0.0316837909308407,0.0428747576226157));
#12492=CARTESIAN_POINT('',(0.0168476727159177,-0.0306837909308407,0.0428747576226157));
#12493=CARTESIAN_POINT('',(0.017589991484865,-0.0316837909308407,0.0435053536677517));
#12494=CARTESIAN_POINT('',(0.017589991484865,-0.0316837909308407,0.0435053536677517));
#12495=CARTESIAN_POINT('',(0.017589991484865,-0.0316837909308407,0.0435053536677517));
#12496=CARTESIAN_POINT('',(0.0172300793544664,-0.0316837909308407,0.0430509646031234));
#12497=CARTESIAN_POINT('',(0.0168476727159177,-0.0316837909308407,0.0428747576226157));
#12498=CARTESIAN_POINT('',(0.0176087369083232,-0.0316837909308407,0.0435053536677517));
#12499=CARTESIAN_POINT('',(0.0176087369083232,-0.0316837909308407,0.0435053536677517));
#12500=CARTESIAN_POINT('',(0.0169301525791341,-0.0316837909308407,0.0452014395822554));
#12501=CARTESIAN_POINT('',(0.0169301525791341,-0.0306837909308407,0.0452014395822554));
#12502=CARTESIAN_POINT('',(0.0165142541173401,-0.0316837909308407,0.0451894425112421));
#12503=CARTESIAN_POINT('',(0.0165142541173401,-0.0306837909308407,0.0451894425112421));
#12504=CARTESIAN_POINT('',(0.016204829660789,-0.0316837909308407,0.0451147107563885));
#12505=CARTESIAN_POINT('',(0.016204829660789,-0.0306837909308407,0.0451147107563885));
#12506=CARTESIAN_POINT('',(0.0160018792094808,-0.0316837909308407,0.0449772443176946));
#12507=CARTESIAN_POINT('',(0.0160018792094808,-0.0306837909308407,0.0449772443176946));
#12508=CARTESIAN_POINT('',(0.0169301525791341,-0.0306837909308407,0.0452014395822554));
#12509=CARTESIAN_POINT('',(0.0163063048864431,-0.0306837909308407,0.0451834439757355));
#12510=CARTESIAN_POINT('',(0.0160018792094808,-0.0306837909308407,0.0449772443176946));
#12511=CARTESIAN_POINT('',(0.0169301525791341,-0.0316837909308407,0.0452014395822554));
#12512=CARTESIAN_POINT('',(0.0163063048864431,-0.0316837909308407,0.0451834439757355));
#12513=CARTESIAN_POINT('',(0.0160018792094808,-0.0316837909308407,0.0449772443176946));
#12514=CARTESIAN_POINT('',(0.,-0.0316837909308407,0.032));
#12515=CARTESIAN_POINT('',(0.,-0.0306837909308407,0.023));
#12516=CARTESIAN_POINT('',(0.0026491391716902,-0.0316837909308407,0.0431281957477714));
#12517=CARTESIAN_POINT('',(0.00274511573979652,-0.0316837909308407,0.0427930275763376));
#12518=CARTESIAN_POINT('',(0.00274511573979652,-0.0316837909308407,0.0427930275763376));
#12519=CARTESIAN_POINT('',(0.0026491391716902,-0.0316837909308407,0.0431281957477714));
#12520=CARTESIAN_POINT('',(0.00255316260358389,-0.0316837909308407,0.0434633639192052));
#12521=CARTESIAN_POINT('',(0.00255316260358389,-0.0316837909308407,0.0434633639192052));
#12522=CARTESIAN_POINT('',(0.00329323192171615,-0.0316837909308407,0.0427930275763376));
#12523=CARTESIAN_POINT('',(0.00384134810363579,-0.0316837909308407,0.0427930275763376));
#12524=CARTESIAN_POINT('',(0.00384134810363579,-0.0316837909308407,0.0427930275763376));
#12525=CARTESIAN_POINT('',(0.00329323192171615,-0.0316837909308407,0.0427930275763376));
#12526=CARTESIAN_POINT('',(0.00384134810363579,-0.0316837909308407,0.0454128879588647));
#12527=CARTESIAN_POINT('',(0.00384134810363579,-0.0316837909308407,0.0480327483413917));
#12528=CARTESIAN_POINT('',(0.00384134810363579,-0.0316837909308407,0.0480327483413917));
#12529=CARTESIAN_POINT('',(0.00384134810363579,-0.0316837909308407,0.0454128879588647));
#12530=CARTESIAN_POINT('',(0.00312677256140677,-0.0316837909308407,0.0480327483413916));
#12531=CARTESIAN_POINT('',(0.00241219701917775,-0.0316837909308407,0.0480327483413916));
#12532=CARTESIAN_POINT('',(0.00241219701917775,-0.0316837909308407,0.0480327483413916));
#12533=CARTESIAN_POINT('',(0.00312677256140677,-0.0316837909308407,0.0480327483413916));
#12534=CARTESIAN_POINT('',(0.00241219701917775,-0.0316837909308407,0.0468000492947762));
#12535=CARTESIAN_POINT('',(0.00241219701917775,-0.0316837909308407,0.0455673502481608));
#12536=CARTESIAN_POINT('',(0.00241219701917775,-0.0316837909308407,0.0455673502481608));
#12537=CARTESIAN_POINT('',(0.00241219701917775,-0.0316837909308407,0.0468000492947762));
#12538=CARTESIAN_POINT('',(0.00214526218913206,-0.0316837909308407,0.044238674633439));
#12539=CARTESIAN_POINT('',(0.00214526218913206,-0.0306837909308407,0.044238674633439));
#12540=CARTESIAN_POINT('',(0.00232321874249586,-0.0316837909308407,0.0445056094634847));
#12541=CARTESIAN_POINT('',(0.00232321874249586,-0.0306837909308407,0.0445056094634847));
#12542=CARTESIAN_POINT('',(0.00241219701917775,-0.0316837909308407,0.0449485013350586));
#12543=CARTESIAN_POINT('',(0.00241219701917775,-0.0306837909308407,0.0449485013350586));
#12544=CARTESIAN_POINT('',(0.00241219701917775,-0.0316837909308407,0.0455673502481608));
#12545=CARTESIAN_POINT('',(0.00241219701917775,-0.0306837909308407,0.0455673502481608));
#12546=CARTESIAN_POINT('',(0.00214526218913206,-0.0316837909308407,0.044238674633439));
#12547=CARTESIAN_POINT('',(0.00214526218913206,-0.0316837909308407,0.044238674633439));
#12548=CARTESIAN_POINT('',(0.00214526218913206,-0.0316837909308407,0.044238674633439));
#12549=CARTESIAN_POINT('',(0.00241219701917775,-0.0316837909308407,0.0446390768785075));
#12550=CARTESIAN_POINT('',(0.00241219701917775,-0.0316837909308407,0.0455673502481608));
#12551=CARTESIAN_POINT('',(0.00127847380842194,-0.0316837909308407,0.0438382723883705));
#12552=CARTESIAN_POINT('',(0.00127847380842194,-0.0306837909308407,0.0438382723883705));
#12553=CARTESIAN_POINT('',(0.00167837617553157,-0.0316837909308407,0.0438382723883705));
#12554=CARTESIAN_POINT('',(0.00167837617553157,-0.0306837909308407,0.0438382723883705));
#12555=CARTESIAN_POINT('',(0.00196730563576828,-0.0316837909308407,0.0439717398033933));
#12556=CARTESIAN_POINT('',(0.00196730563576828,-0.0306837909308407,0.0439717398033933));
#12557=CARTESIAN_POINT('',(0.00214526218913206,-0.0316837909308407,0.044238674633439));
#12558=CARTESIAN_POINT('',(0.00214526218913206,-0.0306837909308407,0.044238674633439));
#12559=CARTESIAN_POINT('',(0.00127847380842194,-0.0316837909308407,0.0438382723883705));
#12560=CARTESIAN_POINT('',(0.00127847380842194,-0.0316837909308407,0.0438382723883705));
#12561=CARTESIAN_POINT('',(0.00127847380842194,-0.0316837909308407,0.0438382723883705));
#12562=CARTESIAN_POINT('',(0.00187832735908638,-0.0316837909308407,0.0438382723883705));
#12563=CARTESIAN_POINT('',(0.00214526218913206,-0.0316837909308407,0.044238674633439));
#12564=CARTESIAN_POINT('',(0.00063588069227264,-0.0316837909308407,0.0441217031910595));
#12565=CARTESIAN_POINT('',(0.00063588069227264,-0.0306837909308407,0.0441217031910595));
#12566=CARTESIAN_POINT('',(0.000770347863213253,-0.0316837909308407,0.0439327493226001));
#12567=CARTESIAN_POINT('',(0.000770347863213253,-0.0306837909308407,0.0439327493226001));
#12568=CARTESIAN_POINT('',(0.000984545568596352,-0.0316837909308407,0.0438382723883705));
#12569=CARTESIAN_POINT('',(0.000984545568596352,-0.0306837909308407,0.0438382723883705));
#12570=CARTESIAN_POINT('',(0.00127847380842194,-0.0316837909308407,0.0438382723883705));
#12571=CARTESIAN_POINT('',(0.00127847380842194,-0.0306837909308407,0.0438382723883705));
#12572=CARTESIAN_POINT('',(0.00063588069227264,-0.0316837909308407,0.0441217031910595));
#12573=CARTESIAN_POINT('',(0.00063588069227264,-0.0316837909308407,0.0441217031910595));
#12574=CARTESIAN_POINT('',(0.00063588069227264,-0.0316837909308407,0.0441217031910595));
#12575=CARTESIAN_POINT('',(0.00083758144868356,-0.0316837909308407,0.0438382723883705));
#12576=CARTESIAN_POINT('',(0.00127847380842194,-0.0316837909308407,0.0438382723883705));
#12577=CARTESIAN_POINT('',(0.000434179935861721,-0.0316837909308407,0.0449719955991263));
#12578=CARTESIAN_POINT('',(0.000434179935861721,-0.0306837909308407,0.0449719955991263));
#12579=CARTESIAN_POINT('',(0.000434179935861721,-0.0316837909308407,0.0445940878622077));
#12580=CARTESIAN_POINT('',(0.000434179935861721,-0.0306837909308407,0.0445940878622077));
#12581=CARTESIAN_POINT('',(0.000501413521332028,-0.0316837909308407,0.0443106570595187));
#12582=CARTESIAN_POINT('',(0.000501413521332028,-0.0306837909308407,0.0443106570595187));
#12583=CARTESIAN_POINT('',(0.00063588069227264,-0.0316837909308407,0.0441217031910595));
#12584=CARTESIAN_POINT('',(0.00063588069227264,-0.0306837909308407,0.0441217031910595));
#12585=CARTESIAN_POINT('',(0.000434179935861721,-0.0316837909308407,0.0449719955991263));
#12586=CARTESIAN_POINT('',(0.000434179935861721,-0.0316837909308407,0.0449719955991263));
#12587=CARTESIAN_POINT('',(0.000434179935861721,-0.0316837909308407,0.0449719955991263));
#12588=CARTESIAN_POINT('',(0.000434179935861721,-0.0316837909308407,0.0444051339937484));
#12589=CARTESIAN_POINT('',(0.00063588069227264,-0.0316837909308407,0.0441217031910595));
#12590=CARTESIAN_POINT('',(0.000434179935861721,-0.0316837909308407,0.046502371970259));
#12591=CARTESIAN_POINT('',(0.000434179935861721,-0.0316837909308407,0.0480327483413916));
#12592=CARTESIAN_POINT('',(0.000434179935861721,-0.0316837909308407,0.0480327483413916));
#12593=CARTESIAN_POINT('',(0.000434179935861721,-0.0316837909308407,0.046502371970259));
#12594=CARTESIAN_POINT('',(-0.000280395606367306,-0.0316837909308407,0.0480327483413916));
#12595=CARTESIAN_POINT('',(-0.000994971148596334,-0.0316837909308407,0.0480327483413916));
#12596=CARTESIAN_POINT('',(-0.000994971148596334,-0.0316837909308407,0.0480327483413916));
#12597=CARTESIAN_POINT('',(-0.000280395606367306,-0.0316837909308407,0.0480327483413916));
#12598=CARTESIAN_POINT('',(-0.000994971148596334,-0.0316837909308407,0.0463246653558746));
#12599=CARTESIAN_POINT('',(-0.000994971148596334,-0.0316837909308407,0.0446165823703576));
#12600=CARTESIAN_POINT('',(-0.000994971148596334,-0.0316837909308407,0.0446165823703576));
#12601=CARTESIAN_POINT('',(-0.000994971148596334,-0.0316837909308407,0.0463246653558746));
#12602=CARTESIAN_POINT('',(-0.000526335562139733,-0.0316837909308407,0.0431934298214062));
#12603=CARTESIAN_POINT('',(-0.000526335562139733,-0.0306837909308407,0.0431934298214062));
#12604=CARTESIAN_POINT('',(-0.000838759286444134,-0.0316837909308407,0.0435233492742716));
#12605=CARTESIAN_POINT('',(-0.000838759286444134,-0.0306837909308407,0.0435233492742716));
#12606=CARTESIAN_POINT('',(-0.000994971148596334,-0.0316837909308407,0.0439977334572554));
#12607=CARTESIAN_POINT('',(-0.000994971148596334,-0.0306837909308407,0.0439977334572554));
#12608=CARTESIAN_POINT('',(-0.000994971148596334,-0.0316837909308407,0.0446165823703576));
#12609=CARTESIAN_POINT('',(-0.000994971148596334,-0.0306837909308407,0.0446165823703576));
#12610=CARTESIAN_POINT('',(-0.000526335562139733,-0.0316837909308407,0.0431934298214062));
#12611=CARTESIAN_POINT('',(-0.000526335562139733,-0.0316837909308407,0.0431934298214062));
#12612=CARTESIAN_POINT('',(-0.000526335562139733,-0.0316837909308407,0.0431934298214062));
#12613=CARTESIAN_POINT('',(-0.000994971148596334,-0.0316837909308407,0.0436883090007044));
#12614=CARTESIAN_POINT('',(-0.000994971148596334,-0.0316837909308407,0.0446165823703576));
#12615=CARTESIAN_POINT('',(0.000866074492340122,-0.0316837909308407,0.042698550642108));
#12616=CARTESIAN_POINT('',(0.000866074492340122,-0.0306837909308407,0.042698550642108));
#12617=CARTESIAN_POINT('',(0.000250224846991285,-0.0316837909308407,0.042698550642108));
#12618=CARTESIAN_POINT('',(0.000250224846991285,-0.0306837909308407,0.042698550642108));
#12619=CARTESIAN_POINT('',(-0.000213911837835333,-0.0316837909308407,0.0428635103685407));
#12620=CARTESIAN_POINT('',(-0.000213911837835333,-0.0306837909308407,0.0428635103685407));
#12621=CARTESIAN_POINT('',(-0.000526335562139733,-0.0316837909308407,0.0431934298214062));
#12622=CARTESIAN_POINT('',(-0.000526335562139733,-0.0306837909308407,0.0431934298214062));
#12623=CARTESIAN_POINT('',(0.000866074492340122,-0.0316837909308407,0.042698550642108));
#12624=CARTESIAN_POINT('',(0.000866074492340122,-0.0316837909308407,0.042698550642108));
#12625=CARTESIAN_POINT('',(0.000866074492340122,-0.0316837909308407,0.042698550642108));
#12626=CARTESIAN_POINT('',(-5.76999756831328E-5,-0.0316837909308407,0.042698550642108));
#12627=CARTESIAN_POINT('',(-0.000526335562139733,-0.0316837909308407,0.0431934298214062));
#12628=CARTESIAN_POINT('',(0.00182658999034158,-0.0316837909308407,0.042898001947704));
#12629=CARTESIAN_POINT('',(0.00182658999034158,-0.0306837909308407,0.042898001947704));
#12630=CARTESIAN_POINT('',(0.00154515869948817,-0.0316837909308407,0.04276503441064));
#12631=CARTESIAN_POINT('',(0.00154515869948817,-0.0306837909308407,0.04276503441064));
#12632=CARTESIAN_POINT('',(0.00122498686682102,-0.0316837909308407,0.042698550642108));
#12633=CARTESIAN_POINT('',(0.00122498686682102,-0.0306837909308407,0.042698550642108));
#12634=CARTESIAN_POINT('',(0.000866074492340122,-0.0316837909308407,0.042698550642108));
#12635=CARTESIAN_POINT('',(0.000866074492340122,-0.0306837909308407,0.042698550642108));
#12636=CARTESIAN_POINT('',(0.00182658999034158,-0.0316837909308407,0.042898001947704));
#12637=CARTESIAN_POINT('',(0.00182658999034158,-0.0316837909308407,0.042898001947704));
#12638=CARTESIAN_POINT('',(0.00182658999034158,-0.0316837909308407,0.042898001947704));
#12639=CARTESIAN_POINT('',(0.00140444305406147,-0.0316837909308407,0.042698550642108));
#12640=CARTESIAN_POINT('',(0.000866074492340122,-0.0316837909308407,0.042698550642108));
#12641=CARTESIAN_POINT('',(0.00247818090975083,-0.0316837909308407,0.0434633639192052));
#12642=CARTESIAN_POINT('',(0.00247818090975083,-0.0306837909308407,0.0434633639192052));
#12643=CARTESIAN_POINT('',(0.0023252182543314,-0.0316837909308407,0.0432194234752683));
#12644=CARTESIAN_POINT('',(0.0023252182543314,-0.0306837909308407,0.0432194234752683));
#12645=CARTESIAN_POINT('',(0.00210802128119498,-0.0316837909308407,0.0430309694847679));
#12646=CARTESIAN_POINT('',(0.00210802128119498,-0.0306837909308407,0.0430309694847679));
#12647=CARTESIAN_POINT('',(0.00182658999034158,-0.0316837909308407,0.042898001947704));
#12648=CARTESIAN_POINT('',(0.00182658999034158,-0.0306837909308407,0.042898001947704));
#12649=CARTESIAN_POINT('',(0.00247818090975083,-0.0316837909308407,0.0434633639192052));
#12650=CARTESIAN_POINT('',(0.00247818090975083,-0.0316837909308407,0.0434633639192052));
#12651=CARTESIAN_POINT('',(0.00247818090975083,-0.0316837909308407,0.0434633639192052));
#12652=CARTESIAN_POINT('',(0.00224873692662169,-0.0316837909308407,0.0430974532532999));
#12653=CARTESIAN_POINT('',(0.00182658999034158,-0.0316837909308407,0.042898001947704));
#12654=CARTESIAN_POINT('',(0.00251567175666736,-0.0316837909308407,0.0434633639192052));
#12655=CARTESIAN_POINT('',(0.00251567175666736,-0.0316837909308407,0.0434633639192052));
#12656=CARTESIAN_POINT('',(0.,-0.0316837909308407,0.032));
#12657=CARTESIAN_POINT('',(0.00491958486095515,-0.0316837909308407,0.0404865906740328));
#12658=CARTESIAN_POINT('',(0.00491958486095515,-0.0306837909308407,0.0404865906740328));
#12659=CARTESIAN_POINT('',(0.00455367419504983,-0.0316837909308407,0.0404865906740328));
#12660=CARTESIAN_POINT('',(0.00455367419504983,-0.0306837909308407,0.0404865906740328));
#12661=CARTESIAN_POINT('',(0.00423975083686877,-0.0316837909308407,0.0405260810327849));
#12662=CARTESIAN_POINT('',(0.00423975083686877,-0.0306837909308407,0.0405260810327849));
#12663=CARTESIAN_POINT('',(0.00397781478641196,-0.0316837909308407,0.0406050617502891));
#12664=CARTESIAN_POINT('',(0.00397781478641196,-0.0306837909308407,0.0406050617502891));
#12665=CARTESIAN_POINT('',(0.00491958486095515,-0.0316837909308407,0.0404865906740328));
#12666=CARTESIAN_POINT('',(0.00491958486095515,-0.0316837909308407,0.0404865906740328));
#12667=CARTESIAN_POINT('',(0.00491958486095515,-0.0316837909308407,0.0404865906740328));
#12668=CARTESIAN_POINT('',(0.00437071886209717,-0.0316837909308407,0.0404865906740328));
#12669=CARTESIAN_POINT('',(0.00397781478641196,-0.0316837909308407,0.0406050617502891));
#12670=CARTESIAN_POINT('',(0.00397781478641196,-0.0316837909308407,0.0406050617502891));
#12671=CARTESIAN_POINT('',(0.00397781478641196,-0.0316837909308407,0.0406050617502891));
#12672=CARTESIAN_POINT('',(0.0062872509564701,-0.0316837909308407,0.0409394801047845));
#12673=CARTESIAN_POINT('',(0.0062872509564701,-0.0306837909308407,0.0409394801047845));
#12674=CARTESIAN_POINT('',(0.00596532955094684,-0.0316837909308407,0.0406375538176167));
#12675=CARTESIAN_POINT('',(0.00596532955094684,-0.0306837909308407,0.0406375538176167));
#12676=CARTESIAN_POINT('',(0.00550944085244186,-0.0316837909308407,0.0404865906740328));
#12677=CARTESIAN_POINT('',(0.00550944085244186,-0.0306837909308407,0.0404865906740328));
#12678=CARTESIAN_POINT('',(0.00491958486095515,-0.0316837909308407,0.0404865906740328));
#12679=CARTESIAN_POINT('',(0.00491958486095515,-0.0306837909308407,0.0404865906740328));
#12680=CARTESIAN_POINT('',(0.0062872509564701,-0.0316837909308407,0.0409394801047845));
#12681=CARTESIAN_POINT('',(0.0062872509564701,-0.0316837909308407,0.0409394801047845));
#12682=CARTESIAN_POINT('',(0.0062872509564701,-0.0316837909308407,0.0409394801047845));
#12683=CARTESIAN_POINT('',(0.00580436884818521,-0.0316837909308407,0.0404865906740328));
#12684=CARTESIAN_POINT('',(0.00491958486095515,-0.0316837909308407,0.0404865906740328));
#12685=CARTESIAN_POINT('',(0.00677013306475498,-0.0316837909308407,0.0422261659709598));
#12686=CARTESIAN_POINT('',(0.00677013306475498,-0.0306837909308407,0.0422261659709598));
#12687=CARTESIAN_POINT('',(0.00677013306475498,-0.0316837909308407,0.0416703016806774));
#12688=CARTESIAN_POINT('',(0.00677013306475498,-0.0306837909308407,0.0416703016806774));
#12689=CARTESIAN_POINT('',(0.00660917236199335,-0.0316837909308407,0.0412414063919523));
#12690=CARTESIAN_POINT('',(0.00660917236199335,-0.0306837909308407,0.0412414063919523));
#12691=CARTESIAN_POINT('',(0.0062872509564701,-0.0316837909308407,0.0409394801047845));
#12692=CARTESIAN_POINT('',(0.0062872509564701,-0.0306837909308407,0.0409394801047845));
#12693=CARTESIAN_POINT('',(0.00677013306475498,-0.0316837909308407,0.0422261659709598));
#12694=CARTESIAN_POINT('',(0.00677013306475498,-0.0316837909308407,0.0422261659709598));
#12695=CARTESIAN_POINT('',(0.00677013306475498,-0.0316837909308407,0.0422261659709598));
#12696=CARTESIAN_POINT('',(0.00677013306475498,-0.0316837909308407,0.0413923695355362));
#12697=CARTESIAN_POINT('',(0.0062872509564701,-0.0316837909308407,0.0409394801047845));
#12698=CARTESIAN_POINT('',(0.00677013306475498,-0.0316837909308407,0.0451294571561757));
#12699=CARTESIAN_POINT('',(0.00677013306475498,-0.0316837909308407,0.0480327483413916));
#12700=CARTESIAN_POINT('',(0.00677013306475498,-0.0316837909308407,0.0480327483413916));
#12701=CARTESIAN_POINT('',(0.00677013306475498,-0.0316837909308407,0.0451294571561757));
#12702=CARTESIAN_POINT('',(0.00605555752252595,-0.0316837909308407,0.0480327483413916));
#12703=CARTESIAN_POINT('',(0.00534098198029692,-0.0316837909308407,0.0480327483413916));
#12704=CARTESIAN_POINT('',(0.00534098198029692,-0.0316837909308407,0.0480327483413916));
#12705=CARTESIAN_POINT('',(0.00605555752252595,-0.0316837909308407,0.0480327483413916));
#12706=CARTESIAN_POINT('',(0.00534098198029692,-0.0316837909308407,0.045234431527542));
#12707=CARTESIAN_POINT('',(0.00534098198029692,-0.0316837909308407,0.0424361147136923));
#12708=CARTESIAN_POINT('',(0.00534098198029692,-0.0316837909308407,0.0424361147136923));
#12709=CARTESIAN_POINT('',(0.00534098198029692,-0.0316837909308407,0.045234431527542));
#12710=CARTESIAN_POINT('',(0.00517452261998754,-0.0316837909308407,0.0418415098815962));
#12711=CARTESIAN_POINT('',(0.00517452261998754,-0.0306837909308407,0.0418415098815962));
#12712=CARTESIAN_POINT('',(0.00528549552686046,-0.0316837909308407,0.0419759770525368));
#12713=CARTESIAN_POINT('',(0.00528549552686046,-0.0306837909308407,0.0419759770525368));
#12714=CARTESIAN_POINT('',(0.00534098198029692,-0.0316837909308407,0.0421741786632355));
#12715=CARTESIAN_POINT('',(0.00534098198029692,-0.0306837909308407,0.0421741786632355));
#12716=CARTESIAN_POINT('',(0.00534098198029692,-0.0316837909308407,0.0424361147136924));
#12717=CARTESIAN_POINT('',(0.00534098198029692,-0.0306837909308407,0.0424361147136924));
#12718=CARTESIAN_POINT('',(0.00517452261998754,-0.0316837909308407,0.0418415098815962));
#12719=CARTESIAN_POINT('',(0.00517452261998754,-0.0316837909308407,0.0418415098815962));
#12720=CARTESIAN_POINT('',(0.00517452261998754,-0.0316837909308407,0.0418415098815962));
#12721=CARTESIAN_POINT('',(0.00534098198029692,-0.0316837909308407,0.0420432106380071));
#12722=CARTESIAN_POINT('',(0.00534098198029692,-0.0316837909308407,0.0424361147136924));
#12723=CARTESIAN_POINT('',(0.00464815112927949,-0.0316837909308407,0.0416398091251853));
#12724=CARTESIAN_POINT('',(0.00464815112927949,-0.0306837909308407,0.0416398091251853));
#12725=CARTESIAN_POINT('',(0.00488809254954526,-0.0316837909308407,0.0416398091251853));
#12726=CARTESIAN_POINT('',(0.00488809254954526,-0.0306837909308407,0.0416398091251853));
#12727=CARTESIAN_POINT('',(0.00506354971311461,-0.0316837909308407,0.0417070427106556));
#12728=CARTESIAN_POINT('',(0.00506354971311461,-0.0306837909308407,0.0417070427106556));
#12729=CARTESIAN_POINT('',(0.00517452261998754,-0.0316837909308407,0.0418415098815962));
#12730=CARTESIAN_POINT('',(0.00517452261998754,-0.0306837909308407,0.0418415098815962));
#12731=CARTESIAN_POINT('',(0.00464815112927949,-0.0316837909308407,0.0416398091251853));
#12732=CARTESIAN_POINT('',(0.00464815112927949,-0.0316837909308407,0.0416398091251853));
#12733=CARTESIAN_POINT('',(0.00464815112927949,-0.0316837909308407,0.0416398091251853));
#12734=CARTESIAN_POINT('',(0.00500806325967815,-0.0316837909308407,0.0416398091251853));
#12735=CARTESIAN_POINT('',(0.00517452261998754,-0.0316837909308407,0.0418415098815962));
#12736=CARTESIAN_POINT('',(0.00464401865919044,-0.0316837909308408,0.0441538043459033));
#12737=CARTESIAN_POINT('',(0.00397781478641196,-0.0316837909308407,0.0417297527783544));
#12738=CARTESIAN_POINT('',(0.00397781478641196,-0.0316837909308407,0.0417297527783544));
#12739=CARTESIAN_POINT('',(0.00464401865919044,-0.0316837909308407,0.0441538043459033));
#12740=CARTESIAN_POINT('',(0.00397781478641196,-0.0316837909308407,0.041167424454037));
#12741=CARTESIAN_POINT('',(0.00397781478641196,-0.0316837909308407,0.041167424454037));
#12742=CARTESIAN_POINT('',(0.,-0.0316837909308407,0.032));
#12743=CARTESIAN_POINT('',(0.00527949699135382,-0.0316837909308407,0.0493869177320166));
#12744=CARTESIAN_POINT('',(0.00527949699135382,-0.0306837909308407,0.0493869177320166));
#12745=CARTESIAN_POINT('',(0.00527949699135382,-0.0316837909308407,0.0498528039896993));
#12746=CARTESIAN_POINT('',(0.00527949699135382,-0.0306837909308407,0.0498528039896993));
#12747=CARTESIAN_POINT('',(0.00553893365201619,-0.0316837909308407,0.0500857471185407));
#12748=CARTESIAN_POINT('',(0.00553893365201619,-0.0306837909308407,0.0500857471185407));
#12749=CARTESIAN_POINT('',(0.00605780697334094,-0.0316837909308407,0.0500857471185407));
#12750=CARTESIAN_POINT('',(0.00605780697334094,-0.0306837909308407,0.0500857471185407));
#12751=CARTESIAN_POINT('',(0.00527949699135382,-0.0316837909308407,0.0493869177320166));
#12752=CARTESIAN_POINT('',(0.00527949699135382,-0.0316837909308407,0.0493869177320166));
#12753=CARTESIAN_POINT('',(0.00527949699135382,-0.0316837909308407,0.0493869177320166));
#12754=CARTESIAN_POINT('',(0.00527949699135382,-0.0316837909308407,0.0500857471185407));
#12755=CARTESIAN_POINT('',(0.00605780697334094,-0.0316837909308407,0.0500857471185407));
#12756=CARTESIAN_POINT('',(0.00605780697334094,-0.0316837909308407,0.0500857471185407));
#12757=CARTESIAN_POINT('',(0.00605780697334094,-0.0316837909308407,0.0500857471185407));
#12758=CARTESIAN_POINT('',(0.00605780697334094,-0.0316837909308407,0.0486835894438626));
#12759=CARTESIAN_POINT('',(0.00605780697334094,-0.0306837909308407,0.0486835894438626));
#12760=CARTESIAN_POINT('',(0.00553893365201619,-0.0316837909308407,0.0486835894438626));
#12761=CARTESIAN_POINT('',(0.00553893365201619,-0.0306837909308407,0.0486835894438626));
#12762=CARTESIAN_POINT('',(0.00527949699135382,-0.0316837909308407,0.0489180322065806));
#12763=CARTESIAN_POINT('',(0.00527949699135382,-0.0306837909308407,0.0489180322065806));
#12764=CARTESIAN_POINT('',(0.00527949699135382,-0.0316837909308407,0.0493869177320166));
#12765=CARTESIAN_POINT('',(0.00527949699135382,-0.0306837909308407,0.0493869177320166));
#12766=CARTESIAN_POINT('',(0.00605780697334094,-0.0316837909308407,0.0486835894438626));
#12767=CARTESIAN_POINT('',(0.00605780697334094,-0.0316837909308407,0.0486835894438626));
#12768=CARTESIAN_POINT('',(0.00605780697334094,-0.0316837909308407,0.0486835894438626));
#12769=CARTESIAN_POINT('',(0.00527949699135382,-0.0316837909308407,0.0486835894438626));
#12770=CARTESIAN_POINT('',(0.00527949699135382,-0.0316837909308407,0.0493869177320166));
#12771=CARTESIAN_POINT('',(0.00664191436830045,-0.0316837909308407,0.0488687942276302));
#12772=CARTESIAN_POINT('',(0.00664191436830045,-0.0306837909308407,0.0488687942276302));
#12773=CARTESIAN_POINT('',(0.0065124459769487,-0.0316837909308407,0.0487453243717851));
#12774=CARTESIAN_POINT('',(0.0065124459769487,-0.0306837909308407,0.0487453243717851));
#12775=CARTESIAN_POINT('',(0.0063177435119622,-0.0316837909308407,0.0486835894438626));
#12776=CARTESIAN_POINT('',(0.0063177435119622,-0.0306837909308407,0.0486835894438626));
#12777=CARTESIAN_POINT('',(0.00605780697334094,-0.0316837909308407,0.0486835894438626));
#12778=CARTESIAN_POINT('',(0.00605780697334094,-0.0306837909308407,0.0486835894438626));
#12779=CARTESIAN_POINT('',(0.00664191436830045,-0.0316837909308407,0.0488687942276302));
#12780=CARTESIAN_POINT('',(0.00664191436830045,-0.0316837909308407,0.0488687942276302));
#12781=CARTESIAN_POINT('',(0.00664191436830045,-0.0316837909308407,0.0488687942276302));
#12782=CARTESIAN_POINT('',(0.00644771178127283,-0.0316837909308407,0.0486835894438626));
#12783=CARTESIAN_POINT('',(0.00605780697334094,-0.0316837909308407,0.0486835894438626));
#12784=CARTESIAN_POINT('',(0.00683611695532807,-0.0316837909308407,0.0493869177320166));
#12785=CARTESIAN_POINT('',(0.00683611695532807,-0.0306837909308407,0.0493869177320166));
#12786=CARTESIAN_POINT('',(0.00683611695532807,-0.0316837909308407,0.0491649719182708));
#12787=CARTESIAN_POINT('',(0.00683611695532807,-0.0306837909308407,0.0491649719182708));
#12788=CARTESIAN_POINT('',(0.0067713827596522,-0.0316837909308407,0.0489922640834753));
#12789=CARTESIAN_POINT('',(0.0067713827596522,-0.0306837909308407,0.0489922640834753));
#12790=CARTESIAN_POINT('',(0.00664191436830045,-0.0316837909308407,0.0488687942276302));
#12791=CARTESIAN_POINT('',(0.00664191436830045,-0.0306837909308407,0.0488687942276302));
#12792=CARTESIAN_POINT('',(0.00683611695532807,-0.0316837909308407,0.0493869177320166));
#12793=CARTESIAN_POINT('',(0.00683611695532807,-0.0316837909308407,0.0493869177320166));
#12794=CARTESIAN_POINT('',(0.00683611695532807,-0.0316837909308407,0.0493869177320166));
#12795=CARTESIAN_POINT('',(0.00683611695532807,-0.0316837909308407,0.0490539990113979));
#12796=CARTESIAN_POINT('',(0.00664191436830045,-0.0316837909308407,0.0488687942276302));
#12797=CARTESIAN_POINT('',(0.00605780697334094,-0.0316837909308407,0.0500857471185407));
#12798=CARTESIAN_POINT('',(0.00605780697334094,-0.0306837909308407,0.0500857471185407));
#12799=CARTESIAN_POINT('',(0.00657668029466569,-0.0316837909308407,0.0500857471185407));
#12800=CARTESIAN_POINT('',(0.00657668029466569,-0.0306837909308407,0.0500857471185407));
#12801=CARTESIAN_POINT('',(0.00683611695532807,-0.0316837909308407,0.0498528039896993));
#12802=CARTESIAN_POINT('',(0.00683611695532807,-0.0306837909308407,0.0498528039896993));
#12803=CARTESIAN_POINT('',(0.00683611695532807,-0.0316837909308407,0.0493869177320166));
#12804=CARTESIAN_POINT('',(0.00683611695532807,-0.0306837909308407,0.0493869177320166));
#12805=CARTESIAN_POINT('',(0.00605780697334094,-0.0316837909308407,0.0500857471185407));
#12806=CARTESIAN_POINT('',(0.00683611695532807,-0.0316837909308407,0.0500857471185407));
#12807=CARTESIAN_POINT('',(0.00683611695532807,-0.0316837909308407,0.0493869177320166));
#12808=CARTESIAN_POINT('',(0.,-0.0316837909308407,0.032));
#12809=CARTESIAN_POINT('',(0.0123915106514192,-0.0316837909308407,0.0427930275763376));
#12810=CARTESIAN_POINT('',(0.0131060861936482,-0.0316837909308407,0.0427930275763376));
#12811=CARTESIAN_POINT('',(0.0131060861936482,-0.0316837909308407,0.0427930275763376));
#12812=CARTESIAN_POINT('',(0.0123915106514192,-0.0316837909308407,0.0427930275763376));
#12813=CARTESIAN_POINT('',(0.0116769351091902,-0.0316837909308407,0.0427930275763376));
#12814=CARTESIAN_POINT('',(0.0116769351091902,-0.0316837909308407,0.0427930275763376));
#12815=CARTESIAN_POINT('',(0.0131060861936482,-0.0316837909308407,0.0445011105618547));
#12816=CARTESIAN_POINT('',(0.0131060861936482,-0.0316837909308407,0.0462091935473717));
#12817=CARTESIAN_POINT('',(0.0131060861936482,-0.0316837909308407,0.0462091935473717));
#12818=CARTESIAN_POINT('',(0.0131060861936482,-0.0316837909308407,0.0445011105618547));
#12819=CARTESIAN_POINT('',(0.0126284528039317,-0.0316837909308407,0.0476338457301998));
#12820=CARTESIAN_POINT('',(0.0126284528039317,-0.0306837909308407,0.0476338457301998));
#12821=CARTESIAN_POINT('',(0.0129468750637427,-0.0316837909308407,0.0473029265214166));
#12822=CARTESIAN_POINT('',(0.0129468750637427,-0.0306837909308407,0.0473029265214166));
#12823=CARTESIAN_POINT('',(0.0131060861936482,-0.0316837909308407,0.0468280424604739));
#12824=CARTESIAN_POINT('',(0.0131060861936482,-0.0306837909308407,0.0468280424604739));
#12825=CARTESIAN_POINT('',(0.0131060861936482,-0.0316837909308407,0.0462091935473717));
#12826=CARTESIAN_POINT('',(0.0131060861936482,-0.0306837909308407,0.0462091935473717));
#12827=CARTESIAN_POINT('',(0.0126284528039317,-0.0316837909308407,0.0476338457301998));
#12828=CARTESIAN_POINT('',(0.0126284528039317,-0.0316837909308407,0.0476338457301998));
#12829=CARTESIAN_POINT('',(0.0126284528039317,-0.0316837909308407,0.0476338457301998));
#12830=CARTESIAN_POINT('',(0.0131060861936482,-0.0316837909308407,0.047137466917025));
#12831=CARTESIAN_POINT('',(0.0131060861936482,-0.0316837909308407,0.0462091935473717));
#12832=CARTESIAN_POINT('',(0.0112270449461918,-0.0316837909308407,0.0481302245433746));
#12833=CARTESIAN_POINT('',(0.0112270449461918,-0.0306837909308407,0.0481302245433746));
#12834=CARTESIAN_POINT('',(0.0118428945915407,-0.0316837909308407,0.0481302245433746));
#12835=CARTESIAN_POINT('',(0.0118428945915407,-0.0306837909308407,0.0481302245433746));
#12836=CARTESIAN_POINT('',(0.0123100305441206,-0.0316837909308407,0.047964764938983));
#12837=CARTESIAN_POINT('',(0.0123100305441206,-0.0306837909308407,0.047964764938983));
#12838=CARTESIAN_POINT('',(0.0126284528039317,-0.0316837909308407,0.0476338457301998));
#12839=CARTESIAN_POINT('',(0.0126284528039317,-0.0306837909308407,0.0476338457301998));
#12840=CARTESIAN_POINT('',(0.0112270449461918,-0.0316837909308407,0.0481302245433746));
#12841=CARTESIAN_POINT('',(0.0112270449461918,-0.0316837909308407,0.0481302245433746));
#12842=CARTESIAN_POINT('',(0.0112270449461918,-0.0316837909308407,0.0481302245433746));
#12843=CARTESIAN_POINT('',(0.0121508194142151,-0.0316837909308407,0.0481302245433746));
#12844=CARTESIAN_POINT('',(0.0126284528039317,-0.0316837909308407,0.0476338457301998));
#12845=CARTESIAN_POINT('',(0.00970791582913413,-0.0316837909308407,0.0473624119985241));
#12846=CARTESIAN_POINT('',(0.00970791582913413,-0.0306837909308407,0.0473624119985241));
#12847=CARTESIAN_POINT('',(0.0100268379669041,-0.0316837909308407,0.0478742870284244));
#12848=CARTESIAN_POINT('',(0.0100268379669041,-0.0306837909308407,0.0478742870284244));
#12849=CARTESIAN_POINT('',(0.0105332143392566,-0.0316837909308407,0.0481302245433746));
#12850=CARTESIAN_POINT('',(0.0105332143392566,-0.0306837909308407,0.0481302245433746));
#12851=CARTESIAN_POINT('',(0.0112270449461918,-0.0316837909308407,0.0481302245433746));
#12852=CARTESIAN_POINT('',(0.0112270449461918,-0.0306837909308407,0.0481302245433746));
#12853=CARTESIAN_POINT('',(0.00970791582913413,-0.0316837909308407,0.0473624119985241));
#12854=CARTESIAN_POINT('',(0.00970791582913413,-0.0316837909308407,0.0473624119985241));
#12855=CARTESIAN_POINT('',(0.00970791582913413,-0.0316837909308407,0.0473624119985241));
#12856=CARTESIAN_POINT('',(0.010186299035789,-0.0316837909308407,0.0481302245433746));
#12857=CARTESIAN_POINT('',(0.0112270449461918,-0.0316837909308407,0.0481302245433746));
#12858=CARTESIAN_POINT('',(0.0096704249822176,-0.0316837909308407,0.0473624119985241));
#12859=CARTESIAN_POINT('',(0.00963293413530107,-0.0316837909308407,0.0473624119985241));
#12860=CARTESIAN_POINT('',(0.00963293413530107,-0.0316837909308407,0.0473624119985241));
#12861=CARTESIAN_POINT('',(0.0096704249822176,-0.0316837909308407,0.0473624119985241));
#12862=CARTESIAN_POINT('',(0.00964943010794434,-0.0316837909308407,0.047573110558195));
#12863=CARTESIAN_POINT('',(0.00966592608058761,-0.0316837909308407,0.0477838091178659));
#12864=CARTESIAN_POINT('',(0.0096656694742616,-0.0316837909308407,0.0477838240709245));
#12865=CARTESIAN_POINT('',(0.00964943010794434,-0.0316837909308407,0.047573110558195));
#12866=CARTESIAN_POINT('',(-0.015569412713223,-0.0316837909308407,0.0492543320970575));
#12867=CARTESIAN_POINT('',(0.00969891802587416,-0.0316837909308407,0.0485996099467696));
#12868=CARTESIAN_POINT('',(0.00969932905408828,-0.0316837906808407,0.0485995992967081));
#12869=CARTESIAN_POINT('',(-0.015569412713223,-0.0316837909308407,0.0492543320970575));
#12870=CARTESIAN_POINT('',(0.00969891802587416,-0.0316837909308407,0.0493426785326551));
#12871=CARTESIAN_POINT('',(0.00969891802587416,-0.0316837909308407,0.0500857471185407));
#12872=CARTESIAN_POINT('',(0.00969891802587416,-0.0316837909308407,0.0500857471185407));
#12873=CARTESIAN_POINT('',(0.00969891802587416,-0.0316837909308407,0.0493426785326551));
#12874=CARTESIAN_POINT('',(0.00898434248364513,-0.0316837909308407,0.0500857471185407));
#12875=CARTESIAN_POINT('',(0.0082697669414161,-0.0316837909308407,0.0500857471185407));
#12876=CARTESIAN_POINT('',(0.0082697669414161,-0.0316837909308407,0.0500857471185407));
#12877=CARTESIAN_POINT('',(0.00898434248364513,-0.0316837909308407,0.0500857471185407));
#12878=CARTESIAN_POINT('',(0.0082697669414161,-0.0316837909308407,0.0464393873474392));
#12879=CARTESIAN_POINT('',(0.0082697669414161,-0.0316837909308407,0.0427930275763376));
#12880=CARTESIAN_POINT('',(0.0082697669414161,-0.0316837909308407,0.0427930275763376));
#12881=CARTESIAN_POINT('',(0.0082697669414161,-0.0316837909308407,0.0464393873474392));
#12882=CARTESIAN_POINT('',(0.00898434248364513,-0.0316837909308407,0.0427930275763376));
#12883=CARTESIAN_POINT('',(0.00969891802587416,-0.0316837909308407,0.0427930275763376));
#12884=CARTESIAN_POINT('',(0.00969891802587416,-0.0316837909308407,0.0427930275763376));
#12885=CARTESIAN_POINT('',(0.00898434248364513,-0.0316837909308407,0.0427930275763376));
#12886=CARTESIAN_POINT('',(0.00969891802587416,-0.0316837909308407,0.0440257266229531));
#12887=CARTESIAN_POINT('',(0.00969891802587416,-0.0316837909308407,0.0452584256695686));
#12888=CARTESIAN_POINT('',(0.00969891802587416,-0.0316837909308407,0.0452584256695686));
#12889=CARTESIAN_POINT('',(0.00969891802587416,-0.0316837909308407,0.0440257266229531));
#12890=CARTESIAN_POINT('',(0.00996585285591984,-0.0316837909308407,0.046579603114907));
#12891=CARTESIAN_POINT('',(0.00996585285591984,-0.0306837909308407,0.046579603114907));
#12892=CARTESIAN_POINT('',(0.00978789630255605,-0.0316837909308407,0.0463076695052725));
#12893=CARTESIAN_POINT('',(0.00978789630255605,-0.0306837909308407,0.0463076695052725));
#12894=CARTESIAN_POINT('',(0.00969891802587416,-0.0316837909308407,0.045867277023493));
#12895=CARTESIAN_POINT('',(0.00969891802587416,-0.0306837909308407,0.045867277023493));
#12896=CARTESIAN_POINT('',(0.00969891802587416,-0.0316837909308407,0.0452584256695686));
#12897=CARTESIAN_POINT('',(0.00969891802587416,-0.0306837909308407,0.0452584256695686));
#12898=CARTESIAN_POINT('',(0.00996585285591984,-0.0316837909308407,0.046579603114907));
#12899=CARTESIAN_POINT('',(0.00996585285591984,-0.0316837909308407,0.046579603114907));
#12900=CARTESIAN_POINT('',(0.00996585285591984,-0.0316837909308407,0.046579603114907));
#12901=CARTESIAN_POINT('',(0.00969891802587416,-0.0316837909308407,0.0461717027004552));
#12902=CARTESIAN_POINT('',(0.00969891802587416,-0.0316837909308407,0.0452584256695686));
#12903=CARTESIAN_POINT('',(0.01083264123663,-0.0316837909308407,0.0469875035293588));
#12904=CARTESIAN_POINT('',(0.01083264123663,-0.0306837909308407,0.0469875035293588));
#12905=CARTESIAN_POINT('',(0.0104327388695203,-0.0316837909308407,0.0469875035293588));
#12906=CARTESIAN_POINT('',(0.0104327388695203,-0.0306837909308407,0.0469875035293588));
#12907=CARTESIAN_POINT('',(0.0101438094092836,-0.0316837909308407,0.0468515367245415));
#12908=CARTESIAN_POINT('',(0.0101438094092836,-0.0306837909308407,0.0468515367245415));
#12909=CARTESIAN_POINT('',(0.00996585285591984,-0.0316837909308407,0.046579603114907));
#12910=CARTESIAN_POINT('',(0.00996585285591984,-0.0306837909308407,0.046579603114907));
#12911=CARTESIAN_POINT('',(0.01083264123663,-0.0316837909308407,0.0469875035293588));
#12912=CARTESIAN_POINT('',(0.01083264123663,-0.0316837909308407,0.0469875035293588));
#12913=CARTESIAN_POINT('',(0.01083264123663,-0.0316837909308407,0.0469875035293588));
#12914=CARTESIAN_POINT('',(0.0102327876859655,-0.0316837909308407,0.0469875035293588));
#12915=CARTESIAN_POINT('',(0.00996585285591984,-0.0316837909308407,0.046579603114907));
#12916=CARTESIAN_POINT('',(0.0116769351091902,-0.0316837909308407,0.045853780318603));
#12917=CARTESIAN_POINT('',(0.0116769351091902,-0.0306837909308407,0.045853780318603));
#12918=CARTESIAN_POINT('',(0.0116769351091902,-0.0316837909308407,0.0466095957924402));
#12919=CARTESIAN_POINT('',(0.0116769351091902,-0.0306837909308407,0.0466095957924402));
#12920=CARTESIAN_POINT('',(0.0113955038183368,-0.0316837909308407,0.0469875035293588));
#12921=CARTESIAN_POINT('',(0.0113955038183368,-0.0306837909308407,0.0469875035293588));
#12922=CARTESIAN_POINT('',(0.01083264123663,-0.0316837909308407,0.0469875035293588));
#12923=CARTESIAN_POINT('',(0.01083264123663,-0.0306837909308407,0.0469875035293588));
#12924=CARTESIAN_POINT('',(0.0116769351091902,-0.0316837909308407,0.045853780318603));
#12925=CARTESIAN_POINT('',(0.0116769351091902,-0.0316837909308407,0.045853780318603));
#12926=CARTESIAN_POINT('',(0.0116769351091902,-0.0316837909308407,0.045853780318603));
#12927=CARTESIAN_POINT('',(0.0116769351091902,-0.0316837909308407,0.0469875035293588));
#12928=CARTESIAN_POINT('',(0.01083264123663,-0.0316837909308407,0.0469875035293588));
#12929=CARTESIAN_POINT('',(0.0116769351091902,-0.0316837909308407,0.0443234039474703));
#12930=CARTESIAN_POINT('',(0.0116769351091902,-0.0316837909308407,0.0443234039474703));
#12931=CARTESIAN_POINT('',(0.,-0.0316837909308407,0.032));
#12932=CARTESIAN_POINT('',(-0.0400519835542762,-0.0316837909308407,0.0611521115354315));
#12933=CARTESIAN_POINT('',(-0.0400519835542762,-0.0306837909308407,0.0611521115354315));
#12934=CARTESIAN_POINT('',(-0.0400519835542762,-0.0316837909308407,0.0617849034019604));
#12935=CARTESIAN_POINT('',(-0.0400519835542762,-0.0306837909308407,0.0617849034019604));
#12936=CARTESIAN_POINT('',(-0.0396996026758121,-0.0316837909308407,0.0621012993352249));
#12937=CARTESIAN_POINT('',(-0.0396996026758121,-0.0306837909308407,0.0621012993352249));
#12938=CARTESIAN_POINT('',(-0.038994840918884,-0.0316837909308407,0.0621012993352249));
#12939=CARTESIAN_POINT('',(-0.038994840918884,-0.0306837909308407,0.0621012993352249));
#12940=CARTESIAN_POINT('',(-0.0400519835542762,-0.0316837909308407,0.0611521115354315));
#12941=CARTESIAN_POINT('',(-0.0400519835542762,-0.0316837909308407,0.0611521115354315));
#12942=CARTESIAN_POINT('',(-0.0400519835542762,-0.0316837909308407,0.0611521115354315));
#12943=CARTESIAN_POINT('',(-0.0400519835542762,-0.0316837909308407,0.0621012993352249));
#12944=CARTESIAN_POINT('',(-0.038994840918884,-0.0316837909308407,0.0621012993352249));
#12945=CARTESIAN_POINT('',(-0.038994840918884,-0.0316837909308407,0.0621012993352249));
#12946=CARTESIAN_POINT('',(-0.038994840918884,-0.0316837909308407,0.0621012993352249));
#12947=CARTESIAN_POINT('',(-0.038994840918884,-0.0316837909308407,0.0601968130845665));
#12948=CARTESIAN_POINT('',(-0.038994840918884,-0.0306837909308407,0.0601968130845665));
#12949=CARTESIAN_POINT('',(-0.0396996026758121,-0.0316837909308407,0.0601968130845665));
#12950=CARTESIAN_POINT('',(-0.0396996026758121,-0.0306837909308407,0.0601968130845665));
#12951=CARTESIAN_POINT('',(-0.0400519835542762,-0.0316837909308407,0.0605152459015215));
#12952=CARTESIAN_POINT('',(-0.0400519835542762,-0.0306837909308407,0.0605152459015215));
#12953=CARTESIAN_POINT('',(-0.0400519835542762,-0.0316837909308407,0.0611521115354315));
#12954=CARTESIAN_POINT('',(-0.0400519835542762,-0.0306837909308407,0.0611521115354315));
#12955=CARTESIAN_POINT('',(-0.038994840918884,-0.0316837909308407,0.0601968130845665));
#12956=CARTESIAN_POINT('',(-0.038994840918884,-0.0316837909308407,0.0601968130845665));
#12957=CARTESIAN_POINT('',(-0.038994840918884,-0.0316837909308407,0.0601968130845665));
#12958=CARTESIAN_POINT('',(-0.0400519835542762,-0.0316837909308407,0.0601968130845665));
#12959=CARTESIAN_POINT('',(-0.0400519835542762,-0.0316837909308407,0.0611521115354315));
#12960=CARTESIAN_POINT('',(-0.0382014747214172,-0.0316837909308407,0.0604483682203486));
#12961=CARTESIAN_POINT('',(-0.0382014747214172,-0.0306837909308407,0.0604483682203486));
#12962=CARTESIAN_POINT('',(-0.0383773256800341,-0.0316837909308407,0.0602806647964939));
#12963=CARTESIAN_POINT('',(-0.0383773256800341,-0.0306837909308407,0.0602806647964939));
#12964=CARTESIAN_POINT('',(-0.0386417810791897,-0.0316837909308407,0.0601968130845665));
#12965=CARTESIAN_POINT('',(-0.0386417810791897,-0.0306837909308407,0.0601968130845665));
#12966=CARTESIAN_POINT('',(-0.038994840918884,-0.0316837909308407,0.0601968130845665));
#12967=CARTESIAN_POINT('',(-0.038994840918884,-0.0306837909308407,0.0601968130845665));
#12968=CARTESIAN_POINT('',(-0.0382014747214172,-0.0316837909308407,0.0604483682203486));
#12969=CARTESIAN_POINT('',(-0.0382014747214172,-0.0316837909308407,0.0604483682203486));
#12970=CARTESIAN_POINT('',(-0.0382014747214172,-0.0316837909308407,0.0604483682203486));
#12971=CARTESIAN_POINT('',(-0.0384652511593426,-0.0316837909308407,0.0601968130845665));
#12972=CARTESIAN_POINT('',(-0.038994840918884,-0.0316837909308407,0.0601968130845665));
#12973=CARTESIAN_POINT('',(-0.0379376982834918,-0.0316837909308407,0.0611521115354315));
#12974=CARTESIAN_POINT('',(-0.0379376982834918,-0.0306837909308407,0.0611521115354315));
#12975=CARTESIAN_POINT('',(-0.0379376982834918,-0.0316837909308407,0.060850652749231));
#12976=CARTESIAN_POINT('',(-0.0379376982834918,-0.0306837909308407,0.060850652749231));
#12977=CARTESIAN_POINT('',(-0.0380256237628003,-0.0316837909308407,0.0606160716442034));
#12978=CARTESIAN_POINT('',(-0.0380256237628003,-0.0306837909308407,0.0606160716442034));
#12979=CARTESIAN_POINT('',(-0.0382014747214172,-0.0316837909308407,0.0604483682203486));
#12980=CARTESIAN_POINT('',(-0.0382014747214172,-0.0306837909308407,0.0604483682203486));
#12981=CARTESIAN_POINT('',(-0.0379376982834918,-0.0316837909308407,0.0611521115354315));
#12982=CARTESIAN_POINT('',(-0.0379376982834918,-0.0316837909308407,0.0611521115354315));
#12983=CARTESIAN_POINT('',(-0.0379376982834918,-0.0316837909308407,0.0611521115354315));
#12984=CARTESIAN_POINT('',(-0.0379376982834918,-0.0316837909308407,0.0606999233561308));
#12985=CARTESIAN_POINT('',(-0.0382014747214172,-0.0316837909308407,0.0604483682203486));
#12986=CARTESIAN_POINT('',(-0.038994840918884,-0.0316837909308407,0.0621012993352249));
#12987=CARTESIAN_POINT('',(-0.038994840918884,-0.0306837909308407,0.0621012993352249));
#12988=CARTESIAN_POINT('',(-0.0382900791619559,-0.0316837909308407,0.0621012993352249));
#12989=CARTESIAN_POINT('',(-0.0382900791619559,-0.0306837909308407,0.0621012993352249));
#12990=CARTESIAN_POINT('',(-0.0379376982834918,-0.0316837909308407,0.0617849034019604));
#12991=CARTESIAN_POINT('',(-0.0379376982834918,-0.0306837909308407,0.0617849034019604));
#12992=CARTESIAN_POINT('',(-0.0379376982834918,-0.0316837909308407,0.0611521115354315));
#12993=CARTESIAN_POINT('',(-0.0379376982834918,-0.0306837909308407,0.0611521115354315));
#12994=CARTESIAN_POINT('',(-0.038994840918884,-0.0316837909308407,0.0621012993352249));
#12995=CARTESIAN_POINT('',(-0.0379376982834918,-0.0316837909308407,0.0621012993352249));
#12996=CARTESIAN_POINT('',(-0.0379376982834918,-0.0316837909308407,0.0611521115354315));
#12997=CARTESIAN_POINT('',(0.,-0.0316837909308407,0.032));
#12998=CARTESIAN_POINT('',(-0.0389978962444198,-0.0316837909308407,0.0521959339481106));
#12999=CARTESIAN_POINT('',(-0.0380273211658757,-0.0316837909308407,0.0521959339481106));
#13000=CARTESIAN_POINT('',(-0.0380273211658757,-0.0316837909308407,0.0521959339481106));
#13001=CARTESIAN_POINT('',(-0.0389978962444198,-0.0316837909308407,0.0521959339481106));
#13002=CARTESIAN_POINT('',(-0.0399684713229639,-0.0316837909308407,0.0521959339481106));
#13003=CARTESIAN_POINT('',(-0.0399684713229639,-0.0316837909308407,0.0521959339481106));
#13004=CARTESIAN_POINT('',(-0.0380273211658757,-0.0316837909308407,0.0557543697554905));
#13005=CARTESIAN_POINT('',(-0.0380273211658757,-0.0316837909308407,0.0593128055628705));
#13006=CARTESIAN_POINT('',(-0.0380273211658757,-0.0316837909308407,0.0593128055628705));
#13007=CARTESIAN_POINT('',(-0.0380273211658757,-0.0316837909308407,0.0557543697554905));
#13008=CARTESIAN_POINT('',(-0.0389978962444198,-0.0316837909308407,0.0593128055628705));
#13009=CARTESIAN_POINT('',(-0.0399684713229639,-0.0316837909308407,0.0593128055628705));
#13010=CARTESIAN_POINT('',(-0.0399684713229639,-0.0316837909308407,0.0593128055628705));
#13011=CARTESIAN_POINT('',(-0.0389978962444198,-0.0316837909308407,0.0593128055628705));
#13012=CARTESIAN_POINT('',(-0.0399684713229639,-0.0316837909308407,0.0557543697554905));
#13013=CARTESIAN_POINT('',(-0.0399684713229639,-0.0316837909308407,0.0557543697554905));
#13014=CARTESIAN_POINT('',(0.,-0.0316837909308407,0.032));
#13015=CARTESIAN_POINT('',(-0.0320185142787716,-0.0316837909308407,0.0594452030027558));
#13016=CARTESIAN_POINT('',(-0.0320185142787716,-0.0306837909308407,0.0594452030027558));
#13017=CARTESIAN_POINT('',(-0.0317550773214613,-0.0316837909308407,0.0594452030027558));
#13018=CARTESIAN_POINT('',(-0.0317550773214613,-0.0306837909308407,0.0594452030027558));
#13019=CARTESIAN_POINT('',(-0.0315364518053429,-0.0316837909308407,0.0594261920883107));
#13020=CARTESIAN_POINT('',(-0.0315364518053429,-0.0306837909308407,0.0594261920883107));
#13021=CARTESIAN_POINT('',(-0.0313626377304166,-0.0316837909308407,0.0593881702594206));
#13022=CARTESIAN_POINT('',(-0.0313626377304166,-0.0306837909308407,0.0593881702594206));
#13023=CARTESIAN_POINT('',(-0.0320185142787716,-0.0316837909308407,0.0594452030027558));
#13024=CARTESIAN_POINT('',(-0.0320185142787716,-0.0316837909308407,0.0594452030027558));
#13025=CARTESIAN_POINT('',(-0.0320185142787716,-0.0316837909308407,0.0594452030027558));
#13026=CARTESIAN_POINT('',(-0.0316233588428061,-0.0316837909308407,0.0594452030027558));
#13027=CARTESIAN_POINT('',(-0.0313626377304166,-0.0316837909308407,0.0593881702594206));
#13028=CARTESIAN_POINT('',(-0.0313626377304166,-0.0316837909308407,0.0593881702594206));
#13029=CARTESIAN_POINT('',(-0.0313626377304166,-0.0316837909308407,0.0593881702594206));
#13030=CARTESIAN_POINT('',(-0.0320272608446768,-0.0316837909308407,0.0572418510824646));
#13031=CARTESIAN_POINT('',(-0.0332436998186337,-0.0316837909308407,0.0590795823803032));
#13032=CARTESIAN_POINT('',(-0.0332435628922141,-0.0316837909308407,0.0590793788338493));
#13033=CARTESIAN_POINT('',(-0.0320272608446768,-0.0316837909308407,0.0572418510824646));
#13034=CARTESIAN_POINT('',(-0.0317882890434293,-0.0316837909308407,0.0568325615617681));
#13035=CARTESIAN_POINT('',(-0.0341383547985625,-0.0316837909308407,0.0581151179528307));
#13036=CARTESIAN_POINT('',(-0.0341383547985625,-0.0316837909308407,0.0581151179528307));
#13037=CARTESIAN_POINT('',(-0.0317882890434293,-0.0316837909308407,0.0568325615617681));
#13038=CARTESIAN_POINT('',(-0.0341857585255102,-0.0316837909308407,0.0581151179528307));
#13039=CARTESIAN_POINT('',(-0.0342326068503927,-0.0316837909308407,0.0581151179528307));
#13040=CARTESIAN_POINT('',(-0.0342326068503927,-0.0316837909308407,0.0581151179528307));
#13041=CARTESIAN_POINT('',(-0.0341857585255102,-0.0316837909308407,0.0581151179528307));
#13042=CARTESIAN_POINT('',(-0.034376207150576,-0.0316837909308407,0.0587139617578506));
#13043=CARTESIAN_POINT('',(-0.0345198074507593,-0.0316837909308407,0.0593128055628705));
#13044=CARTESIAN_POINT('',(-0.0345198074507593,-0.0316837909308407,0.0593128055628705));
#13045=CARTESIAN_POINT('',(-0.034376207150576,-0.0316837909308407,0.0587139617578506));
#13046=CARTESIAN_POINT('',(-0.0352551224630457,-0.0316837909308407,0.0593128055628705));
#13047=CARTESIAN_POINT('',(-0.0359904374753319,-0.0316837909308407,0.0593128055628705));
#13048=CARTESIAN_POINT('',(-0.0359904374753319,-0.0316837909308407,0.0593128055628705));
#13049=CARTESIAN_POINT('',(-0.0352551224630457,-0.0316837909308407,0.0593128055628705));
#13050=CARTESIAN_POINT('',(-0.0359904374753319,-0.0316837909308407,0.0557543697554905));
#13051=CARTESIAN_POINT('',(-0.0359904374753319,-0.0316837909308407,0.0521959339481106));
#13052=CARTESIAN_POINT('',(-0.0359904374753319,-0.0316837909308407,0.0521959339481106));
#13053=CARTESIAN_POINT('',(-0.0359904374753319,-0.0316837909308407,0.0557543697554905));
#13054=CARTESIAN_POINT('',(-0.0350198623967879,-0.0316837909308407,0.0521959339481106));
#13055=CARTESIAN_POINT('',(-0.0340492873182437,-0.0316837909308407,0.0521959339481106));
#13056=CARTESIAN_POINT('',(-0.0340492873182437,-0.0316837909308407,0.0521959339481106));
#13057=CARTESIAN_POINT('',(-0.0350198623967879,-0.0316837909308407,0.0521959339481106));
#13058=CARTESIAN_POINT('',(-0.0340492873182437,-0.0316837909308407,0.054006723549004));
#13059=CARTESIAN_POINT('',(-0.0340492873182437,-0.0316837909308407,0.0558175131498974));
#13060=CARTESIAN_POINT('',(-0.0340492873182437,-0.0316837909308407,0.0558175131498974));
#13061=CARTESIAN_POINT('',(-0.0340492873182437,-0.0316837909308407,0.054006723549004));
#13062=CARTESIAN_POINT('',(-0.0335298819771551,-0.0316837909308407,0.0571547272927394));
#13063=CARTESIAN_POINT('',(-0.0335298819771551,-0.0306837909308407,0.0571547272927394));
#13064=CARTESIAN_POINT('',(-0.0338761522045475,-0.0316837909308407,0.0568362944757844));
#13065=CARTESIAN_POINT('',(-0.0338761522045475,-0.0306837909308407,0.0568362944757844));
#13066=CARTESIAN_POINT('',(-0.0340492873182437,-0.0316837909308407,0.0563905564281704));
#13067=CARTESIAN_POINT('',(-0.0340492873182437,-0.0306837909308407,0.0563905564281704));
#13068=CARTESIAN_POINT('',(-0.0340492873182437,-0.0316837909308407,0.0558175131498974));
#13069=CARTESIAN_POINT('',(-0.0340492873182437,-0.0306837909308407,0.0558175131498974));
#13070=CARTESIAN_POINT('',(-0.0335298819771551,-0.0316837909308407,0.0571547272927394));
#13071=CARTESIAN_POINT('',(-0.0335298819771551,-0.0316837909308407,0.0571547272927394));
#13072=CARTESIAN_POINT('',(-0.0335298819771551,-0.0316837909308407,0.0571547272927394));
#13073=CARTESIAN_POINT('',(-0.0340492873182437,-0.0316837909308407,0.0566770780673069));
#13074=CARTESIAN_POINT('',(-0.0340492873182437,-0.0316837909308407,0.0558175131498974));
#13075=CARTESIAN_POINT('',(-0.0320816576731785,-0.0316837909308407,0.0576323765181719));
#13076=CARTESIAN_POINT('',(-0.0320816576731785,-0.0306837909308407,0.0576323765181719));
#13077=CARTESIAN_POINT('',(-0.0327008703151038,-0.0316837909308407,0.0576323765181719));
#13078=CARTESIAN_POINT('',(-0.0327008703151038,-0.0306837909308407,0.0576323765181719));
#13079=CARTESIAN_POINT('',(-0.0331836117497627,-0.0316837909308407,0.0574731601096944));
#13080=CARTESIAN_POINT('',(-0.0331836117497627,-0.0306837909308407,0.0574731601096944));
#13081=CARTESIAN_POINT('',(-0.0335298819771551,-0.0316837909308407,0.0571547272927394));
#13082=CARTESIAN_POINT('',(-0.0335298819771551,-0.0306837909308407,0.0571547272927394));
#13083=CARTESIAN_POINT('',(-0.0320816576731785,-0.0316837909308407,0.0576323765181719));
#13084=CARTESIAN_POINT('',(-0.0320816576731785,-0.0316837909308407,0.0576323765181719));
#13085=CARTESIAN_POINT('',(-0.0320816576731785,-0.0316837909308407,0.0576323765181719));
#13086=CARTESIAN_POINT('',(-0.0330104766360664,-0.0316837909308407,0.0576323765181719));
#13087=CARTESIAN_POINT('',(-0.0335298819771551,-0.0316837909308407,0.0571547272927394));
#13088=CARTESIAN_POINT('',(-0.0315092933561357,-0.0316837909308407,0.057569233123765));
#13089=CARTESIAN_POINT('',(-0.0315092933561357,-0.0306837909308407,0.057569233123765));
#13090=CARTESIAN_POINT('',(-0.0316668123615377,-0.0316837909308407,0.0576113287200363));
#13091=CARTESIAN_POINT('',(-0.0316668123615377,-0.0306837909308407,0.0576113287200363));
#13092=CARTESIAN_POINT('',(-0.0318576004672187,-0.0316837909308407,0.0576323765181719));
#13093=CARTESIAN_POINT('',(-0.0318576004672187,-0.0306837909308407,0.0576323765181719));
#13094=CARTESIAN_POINT('',(-0.0320816576731785,-0.0316837909308407,0.0576323765181719));
#13095=CARTESIAN_POINT('',(-0.0320816576731785,-0.0306837909308407,0.0576323765181719));
#13096=CARTESIAN_POINT('',(-0.0315092933561357,-0.0316837909308407,0.057569233123765));
#13097=CARTESIAN_POINT('',(-0.0315092933561357,-0.0316837909308407,0.057569233123765));
#13098=CARTESIAN_POINT('',(-0.0315092933561357,-0.0316837909308407,0.057569233123765));
#13099=CARTESIAN_POINT('',(-0.0317455718642388,-0.0316837909308407,0.0576323765181719));
#13100=CARTESIAN_POINT('',(-0.0320816576731785,-0.0316837909308407,0.0576323765181719));
#13101=CARTESIAN_POINT('',(-0.0314359655432761,-0.0316837909308407,0.0584787016915928));
#13102=CARTESIAN_POINT('',(-0.0314359655432761,-0.0316837909308407,0.0584787016915928));
#13103=CARTESIAN_POINT('',(0.,-0.0316837909308407,0.032));
#13104=CARTESIAN_POINT('',(-0.0268509403558621,-0.0316837909308407,0.0520676102756063));
#13105=CARTESIAN_POINT('',(-0.0268509403558621,-0.0306837909308407,0.0520676102756063));
#13106=CARTESIAN_POINT('',(-0.0279956689899477,-0.0316837909308407,0.0520676102756063));
#13107=CARTESIAN_POINT('',(-0.0279956689899477,-0.0306837909308407,0.0520676102756063));
#13108=CARTESIAN_POINT('',(-0.0288905398913266,-0.0316837909308407,0.0523840062088708));
#13109=CARTESIAN_POINT('',(-0.0288905398913266,-0.0306837909308407,0.0523840062088708));
#13110=CARTESIAN_POINT('',(-0.0295355530599988,-0.0316837909308407,0.0530167980753997));
#13111=CARTESIAN_POINT('',(-0.0295355530599988,-0.0306837909308407,0.0530167980753997));
#13112=CARTESIAN_POINT('',(-0.0268509403558621,-0.0316837909308407,0.0520676102756063));
#13113=CARTESIAN_POINT('',(-0.0268509403558621,-0.0316837909308407,0.0520676102756063));
#13114=CARTESIAN_POINT('',(-0.0268509403558621,-0.0316837909308407,0.0520676102756063));
#13115=CARTESIAN_POINT('',(-0.0285680333069905,-0.0316837909308407,0.0520676102756063));
#13116=CARTESIAN_POINT('',(-0.0295355530599988,-0.0316837909308407,0.0530167980753997));
#13117=CARTESIAN_POINT('',(-0.0295355530599988,-0.0316837909308407,0.0530167980753997));
#13118=CARTESIAN_POINT('',(-0.0295355530599988,-0.0316837909308407,0.0530167980753997));
#13119=CARTESIAN_POINT('',(-0.0254373430746248,-0.0316837909308407,0.0521918601807295));
#13120=CARTESIAN_POINT('',(-0.0254373430746248,-0.0306837909308407,0.0521918601807295));
#13121=CARTESIAN_POINT('',(-0.0258229930533677,-0.0316837909308407,0.0521090269106474));
#13122=CARTESIAN_POINT('',(-0.0258229930533677,-0.0306837909308407,0.0521090269106474));
#13123=CARTESIAN_POINT('',(-0.0262941921471135,-0.0316837909308407,0.0520676102756063));
#13124=CARTESIAN_POINT('',(-0.0262941921471135,-0.0306837909308407,0.0520676102756063));
#13125=CARTESIAN_POINT('',(-0.0268509403558621,-0.0316837909308407,0.0520676102756063));
#13126=CARTESIAN_POINT('',(-0.0268509403558621,-0.0306837909308407,0.0520676102756063));
#13127=CARTESIAN_POINT('',(-0.0254373430746248,-0.0316837909308407,0.0521918601807295));
#13128=CARTESIAN_POINT('',(-0.0254373430746248,-0.0316837909308407,0.0521918601807295));
#13129=CARTESIAN_POINT('',(-0.0254373430746248,-0.0316837909308407,0.0521918601807295));
#13130=CARTESIAN_POINT('',(-0.0260158180427392,-0.0316837909308407,0.0520676102756063));
#13131=CARTESIAN_POINT('',(-0.0268509403558621,-0.0316837909308407,0.0520676102756063));
#13132=CARTESIAN_POINT('',(-0.0263810082096225,-0.0316837909308409,0.0566576961872062));
#13133=CARTESIAN_POINT('',(-0.0243496471838744,-0.0316837909308407,0.0525704760008958));
#13134=CARTESIAN_POINT('',(-0.0243496471838744,-0.0316837909308407,0.0525704760008958));
#13135=CARTESIAN_POINT('',(-0.0263810082096225,-0.0316837909308407,0.0566576961872062));
#13136=CARTESIAN_POINT('',(-0.0243496471838744,-0.0316837909308407,0.0533223306289813));
#13137=CARTESIAN_POINT('',(-0.0243496471838744,-0.0316837909308407,0.0540749287066376));
#13138=CARTESIAN_POINT('',(-0.0243496471838744,-0.0316837909308407,0.0540739407107919));
#13139=CARTESIAN_POINT('',(-0.0243496471838744,-0.0316837909308407,0.0533223306289813));
#13140=CARTESIAN_POINT('',(-0.0269813756639066,-0.031683790930841,0.0595337220130123));
#13141=CARTESIAN_POINT('',(-0.0255452979102236,-0.0316837909308407,0.053647213577623));
#13142=CARTESIAN_POINT('',(-0.0255451895501768,-0.0316837909308407,0.0536467677043383));
#13143=CARTESIAN_POINT('',(-0.0269813756639066,-0.0316837909308407,0.0595337220130123));
#13144=CARTESIAN_POINT('',(-0.0267280070673916,-0.0316837909308409,0.0588623859556861));
#13145=CARTESIAN_POINT('',(-0.0267613174734782,-0.0316837909308407,0.0535137976958924));
#13146=CARTESIAN_POINT('',(-0.0267613174734782,-0.0316837909308407,0.0535137976958924));
#13147=CARTESIAN_POINT('',(-0.0267280070673916,-0.0316837909308407,0.0588623859556861));
#13148=CARTESIAN_POINT('',(-0.0280465910822113,-0.0316837909308407,0.0539782071773364));
#13149=CARTESIAN_POINT('',(-0.0280465910822113,-0.0306837909308407,0.0539782071773364));
#13150=CARTESIAN_POINT('',(-0.0277410585286297,-0.0316837909308407,0.0536686008563737));
#13151=CARTESIAN_POINT('',(-0.0277410585286297,-0.0306837909308407,0.0536686008563737));
#13152=CARTESIAN_POINT('',(-0.0273126339923854,-0.0316837909308407,0.0535137976958924));
#13153=CARTESIAN_POINT('',(-0.0273126339923854,-0.0306837909308407,0.0535137976958924));
#13154=CARTESIAN_POINT('',(-0.0267613174734782,-0.0316837909308407,0.0535137976958924));
#13155=CARTESIAN_POINT('',(-0.0267613174734782,-0.0306837909308407,0.0535137976958924));
#13156=CARTESIAN_POINT('',(-0.0280465910822113,-0.0316837909308407,0.0539782071773364));
#13157=CARTESIAN_POINT('',(-0.0280465910822113,-0.0316837909308407,0.0539782071773364));
#13158=CARTESIAN_POINT('',(-0.0280465910822113,-0.0316837909308407,0.0539782071773364));
#13159=CARTESIAN_POINT('',(-0.0275882922518389,-0.0316837909308407,0.0535137976958924));
#13160=CARTESIAN_POINT('',(-0.0267613174734782,-0.0316837909308407,0.0535137976958924));
#13161=CARTESIAN_POINT('',(-0.0285374800516324,-0.0316837909308407,0.0552695914371411));
#13162=CARTESIAN_POINT('',(-0.0285374800516324,-0.0306837909308407,0.0552695914371411));
#13163=CARTESIAN_POINT('',(-0.0285157532922665,-0.0316837909308407,0.054718274918234));
#13164=CARTESIAN_POINT('',(-0.0285157532922665,-0.0306837909308407,0.054718274918234));
#13165=CARTESIAN_POINT('',(-0.0283521236357929,-0.0316837909308407,0.0542878134982991));
#13166=CARTESIAN_POINT('',(-0.0283521236357929,-0.0306837909308407,0.0542878134982991));
#13167=CARTESIAN_POINT('',(-0.0280465910822113,-0.0316837909308407,0.0539782071773364));
#13168=CARTESIAN_POINT('',(-0.0280465910822113,-0.0306837909308407,0.0539782071773364));
#13169=CARTESIAN_POINT('',(-0.0285374800516324,-0.0316837909308407,0.0552695914371411));
#13170=CARTESIAN_POINT('',(-0.0285374800516324,-0.0316837909308407,0.0552695914371411));
#13171=CARTESIAN_POINT('',(-0.0285374800516324,-0.0316837909308407,0.0552695914371411));
#13172=CARTESIAN_POINT('',(-0.0285048899125836,-0.0316837909308407,0.0544426166587804));
#13173=CARTESIAN_POINT('',(-0.0280465910822113,-0.0316837909308407,0.0539782071773364));
#13174=CARTESIAN_POINT('',(-0.0262429305742348,-0.0316837909308407,0.0552695914371411));
#13175=CARTESIAN_POINT('',(-0.0239483810968373,-0.0316837909308407,0.0552695914371411));
#13176=CARTESIAN_POINT('',(-0.0239483810968373,-0.0316837909308407,0.0552695914371411));
#13177=CARTESIAN_POINT('',(-0.0262429305742348,-0.0316837909308407,0.0552695914371411));
#13178=CARTESIAN_POINT('',(-0.0239483810968373,-0.0316837909308407,0.055741130011502));
#13179=CARTESIAN_POINT('',(-0.0239483810968373,-0.0316837909308407,0.0562126685858629));
#13180=CARTESIAN_POINT('',(-0.0239483810968373,-0.0316837909308407,0.0562126685858629));
#13181=CARTESIAN_POINT('',(-0.0239483810968373,-0.0316837909308407,0.055741130011502));
#13182=CARTESIAN_POINT('',(-0.0247885956191866,-0.0316837909308407,0.0585866565271916));
#13183=CARTESIAN_POINT('',(-0.0247885956191866,-0.0306837909308407,0.0585866565271916));
#13184=CARTESIAN_POINT('',(-0.024228452604287,-0.0316837909308407,0.0580142922101488));
#13185=CARTESIAN_POINT('',(-0.024228452604287,-0.0306837909308407,0.0580142922101488));
#13186=CARTESIAN_POINT('',(-0.0239483810968373,-0.0316837909308407,0.0572229628963726));
#13187=CARTESIAN_POINT('',(-0.0239483810968373,-0.0306837909308407,0.0572229628963726));
#13188=CARTESIAN_POINT('',(-0.0239483810968373,-0.0316837909308407,0.0562126685858629));
#13189=CARTESIAN_POINT('',(-0.0239483810968373,-0.0306837909308407,0.0562126685858629));
#13190=CARTESIAN_POINT('',(-0.0247885956191866,-0.0316837909308407,0.0585866565271916));
#13191=CARTESIAN_POINT('',(-0.0247885956191866,-0.0316837909308407,0.0585866565271916));
#13192=CARTESIAN_POINT('',(-0.0247885956191866,-0.0316837909308407,0.0585866565271916));
#13193=CARTESIAN_POINT('',(-0.0239483810968373,-0.0316837909308407,0.0577281100516274));
#13194=CARTESIAN_POINT('',(-0.0239483810968373,-0.0316837909308407,0.0562126685858629));
#13195=CARTESIAN_POINT('',(-0.0271361040725383,-0.0316837909308407,0.0594452030027558));
#13196=CARTESIAN_POINT('',(-0.0271361040725383,-0.0306837909308407,0.0594452030027558));
#13197=CARTESIAN_POINT('',(-0.02613124145187,-0.0316837909308407,0.0594452030027558));
#13198=CARTESIAN_POINT('',(-0.02613124145187,-0.0306837909308407,0.0594452030027558));
#13199=CARTESIAN_POINT('',(-0.0253487386340861,-0.0316837909308407,0.0591590208442344));
#13200=CARTESIAN_POINT('',(-0.0253487386340861,-0.0306837909308407,0.0591590208442344));
#13201=CARTESIAN_POINT('',(-0.0247885956191866,-0.0316837909308407,0.0585866565271916));
#13202=CARTESIAN_POINT('',(-0.0247885956191866,-0.0306837909308407,0.0585866565271916));
#13203=CARTESIAN_POINT('',(-0.0271361040725383,-0.0316837909308407,0.0594452030027558));
#13204=CARTESIAN_POINT('',(-0.0271361040725383,-0.0316837909308407,0.0594452030027558));
#13205=CARTESIAN_POINT('',(-0.0271361040725383,-0.0316837909308407,0.0594452030027558));
#13206=CARTESIAN_POINT('',(-0.0256288101415359,-0.0316837909308407,0.0594452030027558));
#13207=CARTESIAN_POINT('',(-0.0247885956191866,-0.0316837909308407,0.0585866565271916));
#13208=CARTESIAN_POINT('',(-0.0296088808728584,-0.0316837909308407,0.0584685172731401));
#13209=CARTESIAN_POINT('',(-0.0296088808728584,-0.0306837909308407,0.0584685172731401));
#13210=CARTESIAN_POINT('',(-0.0290127529127592,-0.0316837909308407,0.0591196410928839));
#13211=CARTESIAN_POINT('',(-0.0290127529127592,-0.0306837909308407,0.0591196410928839));
#13212=CARTESIAN_POINT('',(-0.0281884939793192,-0.0316837909308407,0.0594452030027558));
#13213=CARTESIAN_POINT('',(-0.0281884939793192,-0.0306837909308407,0.0594452030027558));
#13214=CARTESIAN_POINT('',(-0.0271361040725383,-0.0316837909308407,0.0594452030027558));
#13215=CARTESIAN_POINT('',(-0.0271361040725383,-0.0306837909308407,0.0594452030027558));
#13216=CARTESIAN_POINT('',(-0.0296088808728584,-0.0316837909308407,0.0584685172731401));
#13217=CARTESIAN_POINT('',(-0.0296088808728584,-0.0316837909308407,0.0584685172731401));
#13218=CARTESIAN_POINT('',(-0.0296088808728584,-0.0316837909308407,0.0584685172731401));
#13219=CARTESIAN_POINT('',(-0.0287146889327097,-0.0316837909308407,0.0594452030027558));
#13220=CARTESIAN_POINT('',(-0.0271361040725383,-0.0316837909308407,0.0594452030027558));
#13221=CARTESIAN_POINT('',(-0.030503072813007,-0.0316837909308407,0.0557034476632269));
#13222=CARTESIAN_POINT('',(-0.030503072813007,-0.0306837909308407,0.0557034476632269));
#13223=CARTESIAN_POINT('',(-0.0305030728130071,-0.0316837909308407,0.0568957035834252));
#13224=CARTESIAN_POINT('',(-0.0305030728130071,-0.0306837909308407,0.0568957035834252));
#13225=CARTESIAN_POINT('',(-0.0302050088329575,-0.0316837909308407,0.0578173934533962));
#13226=CARTESIAN_POINT('',(-0.0302050088329575,-0.0306837909308407,0.0578173934533962));
#13227=CARTESIAN_POINT('',(-0.0296088808728584,-0.0316837909308407,0.0584685172731401));
#13228=CARTESIAN_POINT('',(-0.0296088808728584,-0.0306837909308407,0.0584685172731401));
#13229=CARTESIAN_POINT('',(-0.030503072813007,-0.0316837909308407,0.0557034476632269));
#13230=CARTESIAN_POINT('',(-0.030503072813007,-0.0316837909308407,0.0557034476632269));
#13231=CARTESIAN_POINT('',(-0.030503072813007,-0.0316837909308407,0.0557034476632269));
#13232=CARTESIAN_POINT('',(-0.030503072813007,-0.0316837909308407,0.0574918315435243));
#13233=CARTESIAN_POINT('',(-0.0296088808728584,-0.0316837909308407,0.0584685172731401));
#13234=CARTESIAN_POINT('',(-0.027123882770395,-0.0316837909308407,0.0580641958605671));
#13235=CARTESIAN_POINT('',(-0.027123882770395,-0.0306837909308407,0.0580641958605671));
#13236=CARTESIAN_POINT('',(-0.0275353332758848,-0.0316837909308407,0.0580641958605671));
#13237=CARTESIAN_POINT('',(-0.0275353332758848,-0.0306837909308407,0.0580641958605671));
#13238=CARTESIAN_POINT('',(-0.0278578398602209,-0.0316837909308407,0.0579338353043723));
#13239=CARTESIAN_POINT('',(-0.0278578398602209,-0.0306837909308407,0.0579338353043723));
#13240=CARTESIAN_POINT('',(-0.0280914025234033,-0.0316837909308407,0.0576731141919827));
#13241=CARTESIAN_POINT('',(-0.0280914025234033,-0.0306837909308407,0.0576731141919827));
#13242=CARTESIAN_POINT('',(-0.027123882770395,-0.0306837909308407,0.0580641958605671));
#13243=CARTESIAN_POINT('',(-0.0277410585286298,-0.0306837909308407,0.0580641958605671));
#13244=CARTESIAN_POINT('',(-0.0280914025234033,-0.0306837909308407,0.0576731141919827));
#13245=CARTESIAN_POINT('',(-0.027123882770395,-0.0306837909308407,0.0580641958605671));
#13246=CARTESIAN_POINT('',(-0.0280914025234033,-0.0306837909308407,0.0576731141919827));
#13247=CARTESIAN_POINT('',(-0.027123882770395,-0.0316837909308407,0.0580641958605671));
#13248=CARTESIAN_POINT('',(-0.027123882770395,-0.0316837909308407,0.0580641958605671));
#13249=CARTESIAN_POINT('',(-0.027123882770395,-0.0316837909308407,0.0580641958605671));
#13250=CARTESIAN_POINT('',(-0.0277410585286298,-0.0316837909308407,0.0580641958605671));
#13251=CARTESIAN_POINT('',(-0.0280914025234033,-0.0316837909308407,0.0576731141919827));
#13252=CARTESIAN_POINT('',(-0.0280914025234033,-0.0316837909308407,0.0576731141919827));
#13253=CARTESIAN_POINT('',(-0.0280914025234033,-0.0316837909308407,0.0576731141919827));
#13254=CARTESIAN_POINT('',(-0.0261441417152435,-0.0316837909308407,0.0576731141919827));
#13255=CARTESIAN_POINT('',(-0.0261441417152435,-0.0306837909308407,0.0576731141919827));
#13256=CARTESIAN_POINT('',(-0.0263858519131879,-0.0316837909308407,0.0579338353043723));
#13257=CARTESIAN_POINT('',(-0.0263858519131879,-0.0306837909308407,0.0579338353043723));
#13258=CARTESIAN_POINT('',(-0.0267124322649051,-0.0316837909308407,0.0580641958605671));
#13259=CARTESIAN_POINT('',(-0.0267124322649051,-0.0306837909308407,0.0580641958605671));
#13260=CARTESIAN_POINT('',(-0.027123882770395,-0.0316837909308407,0.0580641958605671));
#13261=CARTESIAN_POINT('',(-0.027123882770395,-0.0306837909308407,0.0580641958605671));
#13262=CARTESIAN_POINT('',(-0.0261441417152435,-0.0306837909308407,0.0576731141919827));
#13263=CARTESIAN_POINT('',(-0.0265067070121602,-0.0306837909308407,0.0580641958605671));
#13264=CARTESIAN_POINT('',(-0.027123882770395,-0.0306837909308407,0.0580641958605671));
#13265=CARTESIAN_POINT('',(-0.0261441417152435,-0.0306837909308407,0.0576731141919827));
#13266=CARTESIAN_POINT('',(-0.0261441417152435,-0.0316837909308407,0.0576731141919827));
#13267=CARTESIAN_POINT('',(-0.0261441417152435,-0.0316837909308407,0.0576731141919827));
#13268=CARTESIAN_POINT('',(-0.0261441417152435,-0.0316837909308407,0.0576731141919827));
#13269=CARTESIAN_POINT('',(-0.0265067070121602,-0.0316837909308407,0.0580641958605671));
#13270=CARTESIAN_POINT('',(-0.027123882770395,-0.0316837909308407,0.0580641958605671));
#13271=CARTESIAN_POINT('',(-0.0257673182324928,-0.0316837909308407,0.0565630125806364));
#13272=CARTESIAN_POINT('',(-0.0257673182324928,-0.0306837909308407,0.0565630125806364));
#13273=CARTESIAN_POINT('',(-0.0257768236897154,-0.0316837909308407,0.0570423592091443));
#13274=CARTESIAN_POINT('',(-0.0257768236897154,-0.0306837909308407,0.0570423592091443));
#13275=CARTESIAN_POINT('',(-0.0259024315172989,-0.0316837909308407,0.0574123930795931));
#13276=CARTESIAN_POINT('',(-0.0259024315172989,-0.0306837909308407,0.0574123930795931));
#13277=CARTESIAN_POINT('',(-0.0261441417152435,-0.0316837909308407,0.0576731141919827));
#13278=CARTESIAN_POINT('',(-0.0261441417152435,-0.0306837909308407,0.0576731141919827));
#13279=CARTESIAN_POINT('',(-0.0257673182324928,-0.0306837909308407,0.0565630125806364));
#13280=CARTESIAN_POINT('',(-0.0257815764183266,-0.0306837909308407,0.0572820325233983));
#13281=CARTESIAN_POINT('',(-0.0261441417152435,-0.0306837909308407,0.0576731141919827));
#13282=CARTESIAN_POINT('',(-0.0257673182324928,-0.0306837909308407,0.0565630125806364));
#13283=CARTESIAN_POINT('',(-0.0257673182324928,-0.0316837909308407,0.0565630125806364));
#13284=CARTESIAN_POINT('',(-0.0257673182324928,-0.0316837909308407,0.0565630125806364));
#13285=CARTESIAN_POINT('',(-0.0257673182324928,-0.0316837909308407,0.0565630125806364));
#13286=CARTESIAN_POINT('',(-0.0257815764183266,-0.0316837909308407,0.0572820325233983));
#13287=CARTESIAN_POINT('',(-0.0261441417152435,-0.0316837909308407,0.0576731141919827));
#13288=CARTESIAN_POINT('',(-0.0271299934214666,-0.0316837909308407,0.0565630125806364));
#13289=CARTESIAN_POINT('',(-0.0271299934214666,-0.0306837909308407,0.0565630125806364));
#13290=CARTESIAN_POINT('',(-0.0284926686104404,-0.0306837909308407,0.0565630125806364));
#13291=CARTESIAN_POINT('',(-0.0284926686104404,-0.0316837909308407,0.0565630125806364));
#13292=CARTESIAN_POINT('',(-0.0284926686104404,-0.0316837909308407,0.0565630125806364));
#13293=CARTESIAN_POINT('',(-0.0271299934214666,-0.0316837909308407,0.0565630125806364));
#13294=CARTESIAN_POINT('',(-0.0280914025234033,-0.0316837909308407,0.0576731141919827));
#13295=CARTESIAN_POINT('',(-0.0280914025234033,-0.0306837909308407,0.0576731141919827));
#13296=CARTESIAN_POINT('',(-0.0283249651865856,-0.0316837909308407,0.0574123930795931));
#13297=CARTESIAN_POINT('',(-0.0283249651865856,-0.0306837909308407,0.0574123930795931));
#13298=CARTESIAN_POINT('',(-0.0284587205489313,-0.0316837909308407,0.0570423592091443));
#13299=CARTESIAN_POINT('',(-0.0284587205489313,-0.0306837909308407,0.0570423592091443));
#13300=CARTESIAN_POINT('',(-0.0284926686104404,-0.0316837909308407,0.0565630125806364));
#13301=CARTESIAN_POINT('',(-0.0284926686104404,-0.0306837909308407,0.0565630125806364));
#13302=CARTESIAN_POINT('',(-0.0280914025234033,-0.0306837909308407,0.0576731141919827));
#13303=CARTESIAN_POINT('',(-0.0284417465181768,-0.0306837909308407,0.0572820325233983));
#13304=CARTESIAN_POINT('',(-0.0284926686104404,-0.0306837909308407,0.0565630125806364));
#13305=CARTESIAN_POINT('',(-0.0280914025234033,-0.0316837909308407,0.0576731141919827));
#13306=CARTESIAN_POINT('',(-0.0284417465181768,-0.0316837909308407,0.0572820325233983));
#13307=CARTESIAN_POINT('',(-0.0284926686104404,-0.0316837909308407,0.0565630125806364));
#13308=CARTESIAN_POINT('',(-0.0295355530599988,-0.0316837909308407,0.0530167980753997));
#13309=CARTESIAN_POINT('',(-0.0295355530599988,-0.0306837909308407,0.0530167980753997));
#13310=CARTESIAN_POINT('',(-0.030180566228671,-0.0316837909308407,0.0536495899419286));
#13311=CARTESIAN_POINT('',(-0.030180566228671,-0.0306837909308407,0.0536495899419286));
#13312=CARTESIAN_POINT('',(-0.0305030728130071,-0.0316837909308407,0.0545451398045377));
#13313=CARTESIAN_POINT('',(-0.0305030728130071,-0.0306837909308407,0.0545451398045377));
#13314=CARTESIAN_POINT('',(-0.030503072813007,-0.0316837909308407,0.0557034476632269));
#13315=CARTESIAN_POINT('',(-0.030503072813007,-0.0306837909308407,0.0557034476632269));
#13316=CARTESIAN_POINT('',(-0.0295355530599988,-0.0316837909308407,0.0530167980753997));
#13317=CARTESIAN_POINT('',(-0.030503072813007,-0.0316837909308407,0.0539659858751931));
#13318=CARTESIAN_POINT('',(-0.030503072813007,-0.0316837909308407,0.0557034476632269));
#13319=CARTESIAN_POINT('',(0.,-0.0316837909308407,0.032));
#13320=CARTESIAN_POINT('',(0.,-0.0306837909308407,0.023));
#13321=CARTESIAN_POINT('',(-0.0142762388922902,-0.0316837909308407,0.0521959339481106));
#13322=CARTESIAN_POINT('',(-0.0131528975369554,-0.0316837909308407,0.0521959339481106));
#13323=CARTESIAN_POINT('',(-0.0131528975369554,-0.0316837909308407,0.0521959339481106));
#13324=CARTESIAN_POINT('',(-0.0142762388922902,-0.0316837909308407,0.0521959339481106));
#13325=CARTESIAN_POINT('',(-0.0153995802476251,-0.0316837909308407,0.0521959339481106));
#13326=CARTESIAN_POINT('',(-0.0153995802476251,-0.0316837909308407,0.0521959339481106));
#13327=CARTESIAN_POINT('',(-0.0119684496709042,-0.0316837909308407,0.0568491947391578));
#13328=CARTESIAN_POINT('',(-0.010784001804853,-0.0316837909308407,0.061502455530205));
#13329=CARTESIAN_POINT('',(-0.010784001804853,-0.0316837909308407,0.061502455530205));
#13330=CARTESIAN_POINT('',(-0.0119684496709042,-0.0316837909308407,0.0568491947391578));
#13331=CARTESIAN_POINT('',(-0.0117555953252423,-0.0316837909308407,0.061502455530205));
#13332=CARTESIAN_POINT('',(-0.0127271888456317,-0.0316837909308407,0.061502455530205));
#13333=CARTESIAN_POINT('',(-0.0127271888456317,-0.0316837909308407,0.061502455530205));
#13334=CARTESIAN_POINT('',(-0.0117555953252423,-0.0316837909308407,0.061502455530205));
#13335=CARTESIAN_POINT('',(-0.0133189035577347,-0.0316837909308407,0.0589624615680969));
#13336=CARTESIAN_POINT('',(-0.0139106182698376,-0.0316837909308407,0.0564224676059889));
#13337=CARTESIAN_POINT('',(-0.0139109577028737,-0.0316837909308407,0.0564225487384159));
#13338=CARTESIAN_POINT('',(-0.0133189035577347,-0.0316837909308407,0.0589624615680969));
#13339=CARTESIAN_POINT('',(0.00856191660342418,-0.0316837909308455,0.051051006667981));
#13340=CARTESIAN_POINT('',(-0.0141645963332329,-0.0316837909308407,0.0552229703959241));
#13341=CARTESIAN_POINT('',(-0.0141645963332329,-0.0316837909308407,0.0552229703959241));
#13342=CARTESIAN_POINT('',(0.00856191660342418,-0.0316837909308407,0.051051006667981));
#13343=CARTESIAN_POINT('',(0.0070565341775821,-0.0316837909308448,0.0510744530557884));
#13344=CARTESIAN_POINT('',(-0.0143690347897389,-0.0311837909308407,0.0539884830324739));
#13345=CARTESIAN_POINT('',(-0.0143690347897389,-0.0316837909308407,0.053988483032474));
#13346=CARTESIAN_POINT('',(0.0070565341775821,-0.0316837909308407,0.0510744530557884));
#13347=CARTESIAN_POINT('',(-0.0402254591081507,-0.0316837909308467,0.0503583976549671));
#13348=CARTESIAN_POINT('',(-0.0145715870274191,-0.0316837909308407,0.0552196877867228));
#13349=CARTESIAN_POINT('',(-0.0145715870274191,-0.0316837909308407,0.0552196877867228));
#13350=CARTESIAN_POINT('',(-0.0402254591081507,-0.0316837909308407,0.0503583976549671));
#13351=CARTESIAN_POINT('',(-0.0147946257915336,-0.0316837909308407,0.056288033282413));
#13352=CARTESIAN_POINT('',(-0.0147946257915336,-0.0306837909308407,0.056288033282413));
#13353=CARTESIAN_POINT('',(-0.0147348772032777,-0.0316837909308407,0.056055828541691));
#13354=CARTESIAN_POINT('',(-0.0147348772032777,-0.0306837909308407,0.056055828541691));
#13355=CARTESIAN_POINT('',(-0.0146605309485728,-0.0316837909308407,0.0556997133764609));
#13356=CARTESIAN_POINT('',(-0.0146605309485728,-0.0306837909308407,0.0556997133764609));
#13357=CARTESIAN_POINT('',(-0.0145715870274191,-0.0316837909308407,0.0552196877867228));
#13358=CARTESIAN_POINT('',(-0.0145715870274191,-0.0306837909308407,0.0552196877867228));
#13359=CARTESIAN_POINT('',(-0.0147946257915336,-0.0316837909308407,0.056288033282413));
#13360=CARTESIAN_POINT('',(-0.0147946257915336,-0.0316837909308407,0.056288033282413));
#13361=CARTESIAN_POINT('',(-0.0147946257915336,-0.0316837909308407,0.056288033282413));
#13362=CARTESIAN_POINT('',(-0.0147050029091497,-0.0316837909308407,0.05593972617133));
#13363=CARTESIAN_POINT('',(-0.0145715870274191,-0.0316837909308407,0.0552196877867228));
#13364=CARTESIAN_POINT('',(-0.0154729080604847,-0.0316837909308407,0.058895244406309));
#13365=CARTESIAN_POINT('',(-0.0161511903294358,-0.0316837909308407,0.061502455530205));
#13366=CARTESIAN_POINT('',(-0.0161511903294358,-0.0316837909308407,0.061502455530205));
#13367=CARTESIAN_POINT('',(-0.0154729080604847,-0.0316837909308407,0.058895244406309));
#13368=CARTESIAN_POINT('',(-0.0170830646178596,-0.0316837909308407,0.061502455530205));
#13369=CARTESIAN_POINT('',(-0.0180149389062833,-0.0316837909308407,0.061502455530205));
#13370=CARTESIAN_POINT('',(-0.0180149389062833,-0.0316837909308407,0.061502455530205));
#13371=CARTESIAN_POINT('',(-0.0170830646178596,-0.0316837909308407,0.061502455530205));
#13372=CARTESIAN_POINT('',(-0.0186932211752344,-0.0316837909308407,0.058895244406309));
#13373=CARTESIAN_POINT('',(-0.0193715034441855,-0.0316837909308407,0.056288033282413));
#13374=CARTESIAN_POINT('',(-0.0193715034441855,-0.0316837909308407,0.056288033282413));
#13375=CARTESIAN_POINT('',(-0.0186932211752344,-0.0316837909308407,0.058895244406309));
#13376=CARTESIAN_POINT('',(-0.0196291692310392,-0.0316837909308407,0.0551076591837429));
#13377=CARTESIAN_POINT('',(-0.0196291692310392,-0.0306837909308407,0.0551076591837429));
#13378=CARTESIAN_POINT('',(-0.0195375094649648,-0.0316837909308407,0.0556148432226883));
#13379=CARTESIAN_POINT('',(-0.0195375094649648,-0.0306837909308407,0.0556148432226883));
#13380=CARTESIAN_POINT('',(-0.0194516208693469,-0.0316837909308407,0.0560083012555783));
#13381=CARTESIAN_POINT('',(-0.0194516208693469,-0.0306837909308407,0.0560083012555783));
#13382=CARTESIAN_POINT('',(-0.0193715034441855,-0.0316837909308407,0.056288033282413));
#13383=CARTESIAN_POINT('',(-0.0193715034441855,-0.0306837909308407,0.056288033282413));
#13384=CARTESIAN_POINT('',(-0.0196291692310392,-0.0316837909308407,0.0551076591837429));
#13385=CARTESIAN_POINT('',(-0.0196291692310392,-0.0316837909308407,0.0551076591837429));
#13386=CARTESIAN_POINT('',(-0.0196291692310392,-0.0316837909308407,0.0551076591837429));
#13387=CARTESIAN_POINT('',(-0.0194916795819275,-0.0316837909308407,0.055868435242161));
#13388=CARTESIAN_POINT('',(-0.0193715034441855,-0.0316837909308407,0.056288033282413));
#13389=CARTESIAN_POINT('',(-0.0198053596702712,-0.0316837909308407,0.053984317828408));
#13390=CARTESIAN_POINT('',(-0.0198053596702712,-0.0306837909308407,0.053984317828408));
#13391=CARTESIAN_POINT('',(-0.0197795591435244,-0.0316837909308407,0.0542260280263525));
#13392=CARTESIAN_POINT('',(-0.0197795591435244,-0.0306837909308407,0.0542260280263525));
#13393=CARTESIAN_POINT('',(-0.0197208289971137,-0.0316837909308407,0.0546004751447975));
#13394=CARTESIAN_POINT('',(-0.0197208289971137,-0.0306837909308407,0.0546004751447975));
#13395=CARTESIAN_POINT('',(-0.0196291692310392,-0.0316837909308407,0.0551076591837429));
#13396=CARTESIAN_POINT('',(-0.0196291692310392,-0.0306837909308407,0.0551076591837429));
#13397=CARTESIAN_POINT('',(-0.0198053596702712,-0.0316837909308407,0.053984317828408));
#13398=CARTESIAN_POINT('',(-0.0198053596702712,-0.0316837909308407,0.053984317828408));
#13399=CARTESIAN_POINT('',(-0.0198053596702712,-0.0316837909308407,0.053984317828408));
#13400=CARTESIAN_POINT('',(-0.0197666588801509,-0.0316837909308407,0.0543468831253248));
#13401=CARTESIAN_POINT('',(-0.0196291692310392,-0.0316837909308407,0.0551076591837429));
#13402=CARTESIAN_POINT('',(-0.0202555109658815,-0.0316837909308407,0.0564224676059889));
#13403=CARTESIAN_POINT('',(-0.0202555109658815,-0.0306837909308407,0.0564224676059889));
#13404=CARTESIAN_POINT('',(-0.020047748829446,-0.0316837909308407,0.0554841431858784));
#13405=CARTESIAN_POINT('',(-0.020047748829446,-0.0306837909308407,0.0554841431858784));
#13406=CARTESIAN_POINT('',(-0.0198976983975759,-0.0316837909308407,0.0546714265933514));
#13407=CARTESIAN_POINT('',(-0.0198976983975759,-0.0306837909308407,0.0546714265933514));
#13408=CARTESIAN_POINT('',(-0.0198053596702712,-0.0316837909308407,0.053984317828408));
#13409=CARTESIAN_POINT('',(-0.0198053596702712,-0.0306837909308407,0.053984317828408));
#13410=CARTESIAN_POINT('',(-0.0202555109658815,-0.0316837909308407,0.0564224676059889));
#13411=CARTESIAN_POINT('',(-0.0202555109658815,-0.0316837909308407,0.0564224676059889));
#13412=CARTESIAN_POINT('',(-0.0202555109658815,-0.0316837909308407,0.0564224676059889));
#13413=CARTESIAN_POINT('',(-0.0199438677612283,-0.0316837909308407,0.0550149809758231));
#13414=CARTESIAN_POINT('',(-0.0198053596702712,-0.0316837909308407,0.053984317828408));
#13415=CARTESIAN_POINT('',(-0.0208512994453655,-0.0316837909308407,0.0589624615680969));
#13416=CARTESIAN_POINT('',(-0.0214470879248496,-0.0316837909308407,0.061502455530205));
#13417=CARTESIAN_POINT('',(-0.0214470879248496,-0.0316837909308407,0.061502455530205));
#13418=CARTESIAN_POINT('',(-0.0208512994453655,-0.0316837909308407,0.0589624615680969));
#13419=CARTESIAN_POINT('',(-0.0224176630033937,-0.0316837909308407,0.061502455530205));
#13420=CARTESIAN_POINT('',(-0.0233882380819378,-0.0316837909308407,0.061502455530205));
#13421=CARTESIAN_POINT('',(-0.0233882380819378,-0.0316837909308407,0.061502455530205));
#13422=CARTESIAN_POINT('',(-0.0224176630033937,-0.0316837909308407,0.061502455530205));
#13423=CARTESIAN_POINT('',(-0.0222007348903507,-0.0316837909308407,0.0568491947391578));
#13424=CARTESIAN_POINT('',(-0.0210132316987637,-0.0316837909308407,0.0521959339481106));
#13425=CARTESIAN_POINT('',(-0.0210132316987637,-0.0316837909308407,0.0521959339481106));
#13426=CARTESIAN_POINT('',(-0.0222007348903507,-0.0316837909308407,0.0568491947391578));
#13427=CARTESIAN_POINT('',(-0.0198929456689646,-0.0316837909308407,0.0521959339481106));
#13428=CARTESIAN_POINT('',(-0.0187726596391656,-0.0316837909308407,0.0521959339481106));
#13429=CARTESIAN_POINT('',(-0.0187726596391656,-0.0316837909308407,0.0521959339481106));
#13430=CARTESIAN_POINT('',(-0.0198929456689646,-0.0316837909308407,0.0521959339481106));
#13431=CARTESIAN_POINT('',(-0.0181463179043234,-0.0316837909308407,0.0546340837256915));
#13432=CARTESIAN_POINT('',(-0.0175199761694811,-0.0316837909308407,0.0570722335032723));
#13433=CARTESIAN_POINT('',(-0.0175194999457628,-0.0316837909308407,0.0570721194267131));
#13434=CARTESIAN_POINT('',(-0.0181463179043234,-0.0316837909308407,0.0546340837256915));
#13435=CARTESIAN_POINT('',(-0.0418937762364371,-0.0316837909308474,0.0629108323364121));
#13436=CARTESIAN_POINT('',(-0.0172836976613781,-0.0316837909308407,0.0581568740684869));
#13437=CARTESIAN_POINT('',(-0.0172836976613781,-0.0316837909308407,0.0581568740684869));
#13438=CARTESIAN_POINT('',(-0.0418937762364371,-0.0316837909308407,0.0629108323364121));
#13439=CARTESIAN_POINT('',(-0.017092230594467,-0.0316837909308407,0.0592618834706069));
#13440=CARTESIAN_POINT('',(-0.017092230594467,-0.0306837909308407,0.0592618834706069));
#13441=CARTESIAN_POINT('',(-0.0171180311212139,-0.0316837909308407,0.0590323945748056));
#13442=CARTESIAN_POINT('',(-0.0171180311212139,-0.0306837909308407,0.0590323945748056));
#13443=CARTESIAN_POINT('',(-0.0171818534768509,-0.0316837909308407,0.0586640581074323));
#13444=CARTESIAN_POINT('',(-0.0171818534768509,-0.0306837909308407,0.0586640581074323));
#13445=CARTESIAN_POINT('',(-0.0172836976613781,-0.0316837909308407,0.0581568740684869));
#13446=CARTESIAN_POINT('',(-0.0172836976613781,-0.0306837909308407,0.0581568740684869));
#13447=CARTESIAN_POINT('',(-0.017092230594467,-0.0316837909308407,0.0592618834706069));
#13448=CARTESIAN_POINT('',(-0.017092230594467,-0.0316837909308407,0.0592618834706069));
#13449=CARTESIAN_POINT('',(-0.017092230594467,-0.0316837909308407,0.0592618834706069));
#13450=CARTESIAN_POINT('',(-0.0171309313845873,-0.0316837909308407,0.058917650126905));
#13451=CARTESIAN_POINT('',(-0.0172836976613781,-0.0316837909308407,0.0581568740684869));
#13452=CARTESIAN_POINT('',(-0.0168987266438653,-0.0316837909308407,0.0581629847195585));
#13453=CARTESIAN_POINT('',(-0.0168987266438653,-0.0306837909308407,0.0581629847195585));
#13454=CARTESIAN_POINT('',(-0.0170114342080754,-0.0316837909308407,0.058708190587394));
#13455=CARTESIAN_POINT('',(-0.0170114342080754,-0.0306837909308407,0.058708190587394));
#13456=CARTESIAN_POINT('',(-0.0170759355249426,-0.0316837909308407,0.0590744901710768));
#13457=CARTESIAN_POINT('',(-0.0170759355249426,-0.0306837909308407,0.0590744901710768));
#13458=CARTESIAN_POINT('',(-0.017092230594467,-0.0316837909308407,0.0592618834706069));
#13459=CARTESIAN_POINT('',(-0.017092230594467,-0.0306837909308407,0.0592618834706069));
#13460=CARTESIAN_POINT('',(-0.0168987266438653,-0.0316837909308407,0.0581629847195585));
#13461=CARTESIAN_POINT('',(-0.0168987266438653,-0.0316837909308407,0.0581629847195585));
#13462=CARTESIAN_POINT('',(-0.0168987266438653,-0.0316837909308407,0.0581629847195585));
#13463=CARTESIAN_POINT('',(-0.0170677879901804,-0.0316837909308407,0.0589807935213118));
#13464=CARTESIAN_POINT('',(-0.017092230594467,-0.0316837909308407,0.0592618834706069));
#13465=CARTESIAN_POINT('',(-0.0166604112520717,-0.0316837909308407,0.0570844548054156));
#13466=CARTESIAN_POINT('',(-0.0166604112520717,-0.0306837909308407,0.0570844548054156));
#13467=CARTESIAN_POINT('',(-0.016706580615724,-0.0316837909308407,0.057258268880342));
#13468=CARTESIAN_POINT('',(-0.016706580615724,-0.0306837909308407,0.057258268880342));
#13469=CARTESIAN_POINT('',(-0.0167860190796553,-0.0316837909308407,0.057617778851723));
#13470=CARTESIAN_POINT('',(-0.0167860190796553,-0.0306837909308407,0.057617778851723));
#13471=CARTESIAN_POINT('',(-0.0168987266438653,-0.0316837909308407,0.0581629847195585));
#13472=CARTESIAN_POINT('',(-0.0168987266438653,-0.0306837909308407,0.0581629847195585));
#13473=CARTESIAN_POINT('',(-0.0166604112520717,-0.0316837909308407,0.0570844548054156));
#13474=CARTESIAN_POINT('',(-0.0166604112520717,-0.0316837909308407,0.0570844548054156));
#13475=CARTESIAN_POINT('',(-0.0166604112520717,-0.0316837909308407,0.0570844548054156));
#13476=CARTESIAN_POINT('',(-0.0167296652975502,-0.0316837909308407,0.0573451759178052));
#13477=CARTESIAN_POINT('',(-0.0168987266438653,-0.0316837909308407,0.0581629847195585));
#13478=CARTESIAN_POINT('',(-0.0160299957498484,-0.0316837909308407,0.0546401943767631));
#13479=CARTESIAN_POINT('',(-0.0160299957498484,-0.0316837909308407,0.0546401943767631));
#13480=CARTESIAN_POINT('',(0.,-0.0316837909308407,0.032));
#13481=CARTESIAN_POINT('',(-0.00619388440821262,-0.0316837909308407,0.0554804088991124));
#13482=CARTESIAN_POINT('',(-0.00619388440821262,-0.0306837909308407,0.0554804088991124));
#13483=CARTESIAN_POINT('',(-0.00581807936730729,-0.0306837909308407,0.0554936486431009));
#13484=CARTESIAN_POINT('',(-0.00656968944911794,-0.0306837909308407,0.0554671691551239));
#13485=CARTESIAN_POINT('',(-0.00581807936730729,-0.0316837909308407,0.0554936486431009));
#13486=CARTESIAN_POINT('',(-0.00581807936730729,-0.0316837909308407,0.0554936486431009));
#13487=CARTESIAN_POINT('',(-0.00619388440821262,-0.0316837909308407,0.0554804088991124));
#13488=CARTESIAN_POINT('',(-0.00656968944911794,-0.0316837909308407,0.0554671691551239));
#13489=CARTESIAN_POINT('',(-0.00656968944911794,-0.0316837909308407,0.0554671691551239));
#13490=CARTESIAN_POINT('',(-0.00581807936730729,-0.0316837909308407,0.0552003373916626));
#13491=CARTESIAN_POINT('',(-0.00581807936730729,-0.0306837909308407,0.0552003373916626));
#13492=CARTESIAN_POINT('',(-0.00581807936730729,-0.0306837909308407,0.0549070261402243));
#13493=CARTESIAN_POINT('',(-0.00581807936730729,-0.0316837909308407,0.0549070261402243));
#13494=CARTESIAN_POINT('',(-0.00581807936730729,-0.0316837909308407,0.0549070261402243));
#13495=CARTESIAN_POINT('',(-0.00581807936730729,-0.0316837909308407,0.0552003373916626));
#13496=CARTESIAN_POINT('',(-0.00622240077988023,-0.0316837909308407,0.0538763629928092));
#13497=CARTESIAN_POINT('',(-0.00622240077988023,-0.0306837909308407,0.0538763629928092));
#13498=CARTESIAN_POINT('',(-0.00595285317149827,-0.0316837909308407,0.0541357261827384));
#13499=CARTESIAN_POINT('',(-0.00595285317149827,-0.0306837909308407,0.0541357261827384));
#13500=CARTESIAN_POINT('',(-0.00581807936730729,-0.0316837909308407,0.0544792805652101));
#13501=CARTESIAN_POINT('',(-0.00581807936730729,-0.0306837909308407,0.0544792805652101));
#13502=CARTESIAN_POINT('',(-0.00581807936730729,-0.0316837909308407,0.0549070261402243));
#13503=CARTESIAN_POINT('',(-0.00581807936730729,-0.0306837909308407,0.0549070261402243));
#13504=CARTESIAN_POINT('',(-0.00622240077988023,-0.0306837909308407,0.0538763629928092));
#13505=CARTESIAN_POINT('',(-0.00581807936730729,-0.0306837909308407,0.054265407777703));
#13506=CARTESIAN_POINT('',(-0.00581807936730729,-0.0306837909308407,0.0549070261402243));
#13507=CARTESIAN_POINT('',(-0.00622240077988023,-0.0306837909308407,0.0538763629928092));
#13508=CARTESIAN_POINT('',(-0.00622240077988023,-0.0316837909308407,0.0538763629928092));
#13509=CARTESIAN_POINT('',(-0.00622240077988023,-0.0316837909308407,0.0538763629928092));
#13510=CARTESIAN_POINT('',(-0.00622240077988023,-0.0316837909308407,0.0538763629928092));
#13511=CARTESIAN_POINT('',(-0.00581807936730729,-0.0316837909308407,0.054265407777703));
#13512=CARTESIAN_POINT('',(-0.00581807936730729,-0.0316837909308407,0.0549070261402243));
#13513=CARTESIAN_POINT('',(-0.00730296757771369,-0.0316837909308407,0.0534873182079153));
#13514=CARTESIAN_POINT('',(-0.00730296757771369,-0.0306837909308407,0.0534873182079153));
#13515=CARTESIAN_POINT('',(-0.00685213732087334,-0.0316837909308407,0.0534873182079153));
#13516=CARTESIAN_POINT('',(-0.00685213732087334,-0.0306837909308407,0.0534873182079153));
#13517=CARTESIAN_POINT('',(-0.00649194838826219,-0.0316837909308407,0.0536169998028799));
#13518=CARTESIAN_POINT('',(-0.00649194838826219,-0.0306837909308407,0.0536169998028799));
#13519=CARTESIAN_POINT('',(-0.00622240077988023,-0.0316837909308407,0.0538763629928092));
#13520=CARTESIAN_POINT('',(-0.00622240077988023,-0.0306837909308407,0.0538763629928092));
#13521=CARTESIAN_POINT('',(-0.00730296757771369,-0.0306837909308407,0.0534873182079153));
#13522=CARTESIAN_POINT('',(-0.00662672219245317,-0.0306837909308407,0.0534873182079153));
#13523=CARTESIAN_POINT('',(-0.00622240077988023,-0.0306837909308407,0.0538763629928092));
#13524=CARTESIAN_POINT('',(-0.00730296757771369,-0.0306837909308407,0.0534873182079153));
#13525=CARTESIAN_POINT('',(-0.00730296757771369,-0.0316837909308407,0.0534873182079153));
#13526=CARTESIAN_POINT('',(-0.00730296757771369,-0.0316837909308407,0.0534873182079153));
#13527=CARTESIAN_POINT('',(-0.00730296757771369,-0.0316837909308407,0.0534873182079153));
#13528=CARTESIAN_POINT('',(-0.00662672219245317,-0.0316837909308407,0.0534873182079153));
#13529=CARTESIAN_POINT('',(-0.00622240077988023,-0.0316837909308407,0.0538763629928092));
#13530=CARTESIAN_POINT('',(-0.00824400784274491,-0.0316837909308407,0.054310219218895));
#13531=CARTESIAN_POINT('',(-0.00824400784274491,-0.0306837909308407,0.054310219218895));
#13532=CARTESIAN_POINT('',(-0.00824400784274491,-0.0316837909308407,0.0537616185449085));
#13533=CARTESIAN_POINT('',(-0.00824400784274491,-0.0306837909308407,0.0537616185449085));
#13534=CARTESIAN_POINT('',(-0.00793032775440117,-0.0316837909308407,0.0534873182079153));
#13535=CARTESIAN_POINT('',(-0.00793032775440117,-0.0306837909308407,0.0534873182079153));
#13536=CARTESIAN_POINT('',(-0.00730296757771369,-0.0316837909308407,0.0534873182079153));
#13537=CARTESIAN_POINT('',(-0.00730296757771369,-0.0306837909308407,0.0534873182079153));
#13538=CARTESIAN_POINT('',(-0.00824400784274491,-0.0306837909308407,0.054310219218895));
#13539=CARTESIAN_POINT('',(-0.00824400784274491,-0.0306837909308407,0.0534873182079153));
#13540=CARTESIAN_POINT('',(-0.00730296757771369,-0.0306837909308407,0.0534873182079153));
#13541=CARTESIAN_POINT('',(-0.00824400784274491,-0.0306837909308407,0.054310219218895));
#13542=CARTESIAN_POINT('',(-0.00824400784274491,-0.0316837909308407,0.054310219218895));
#13543=CARTESIAN_POINT('',(-0.00824400784274491,-0.0316837909308407,0.054310219218895));
#13544=CARTESIAN_POINT('',(-0.00824400784274491,-0.0316837909308407,0.054310219218895));
#13545=CARTESIAN_POINT('',(-0.00824400784274491,-0.0316837909308407,0.0534873182079153));
#13546=CARTESIAN_POINT('',(-0.00730296757771369,-0.0316837909308407,0.0534873182079153));
#13547=CARTESIAN_POINT('',(-0.00783052045356453,-0.0316837909308407,0.0551626550433876));
#13548=CARTESIAN_POINT('',(-0.00783052045356453,-0.0306837909308407,0.0551626550433876));
#13549=CARTESIAN_POINT('',(-0.00810617871301812,-0.0316837909308407,0.0549759407050877));
#13550=CARTESIAN_POINT('',(-0.00810617871301812,-0.0306837909308407,0.0549759407050877));
#13551=CARTESIAN_POINT('',(-0.00824400784274491,-0.0316837909308407,0.0546917954302569));
#13552=CARTESIAN_POINT('',(-0.00824400784274491,-0.0306837909308407,0.0546917954302569));
#13553=CARTESIAN_POINT('',(-0.00824400784274491,-0.0316837909308407,0.054310219218895));
#13554=CARTESIAN_POINT('',(-0.00824400784274491,-0.0306837909308407,0.054310219218895));
#13555=CARTESIAN_POINT('',(-0.00783052045356453,-0.0306837909308407,0.0551626550433876));
#13556=CARTESIAN_POINT('',(-0.00824400784274491,-0.0306837909308407,0.0548825835359378));
#13557=CARTESIAN_POINT('',(-0.00824400784274491,-0.0306837909308407,0.054310219218895));
#13558=CARTESIAN_POINT('',(-0.00783052045356453,-0.0306837909308407,0.0551626550433876));
#13559=CARTESIAN_POINT('',(-0.00783052045356453,-0.0316837909308407,0.0551626550433876));
#13560=CARTESIAN_POINT('',(-0.00783052045356453,-0.0316837909308407,0.0551626550433876));
#13561=CARTESIAN_POINT('',(-0.00783052045356453,-0.0316837909308407,0.0551626550433876));
#13562=CARTESIAN_POINT('',(-0.00824400784274491,-0.0316837909308407,0.0548825835359378));
#13563=CARTESIAN_POINT('',(-0.00824400784274491,-0.0316837909308407,0.054310219218895));
#13564=CARTESIAN_POINT('',(-0.0054341267916398,-0.0316837909308407,0.0526796938246147));
#13565=CARTESIAN_POINT('',(-0.0052457150502645,-0.0316837909308407,0.0521959339481106));
#13566=CARTESIAN_POINT('',(-0.0052457150502645,-0.0316837909308407,0.0521959339481106));
#13567=CARTESIAN_POINT('',(-0.0054341267916398,-0.0316837909308407,0.0526796938246147));
#13568=CARTESIAN_POINT('',(-0.00562253853301509,-0.0316837909308407,0.0531634537011189));
#13569=CARTESIAN_POINT('',(-0.00562253853301509,-0.0316837909308407,0.0531634537011189));
#13570=CARTESIAN_POINT('',(-0.0045684512231587,-0.0316837909308407,0.0521959339481106));
#13571=CARTESIAN_POINT('',(-0.00389118739605291,-0.0316837909308407,0.0521959339481106));
#13572=CARTESIAN_POINT('',(-0.00389118739605291,-0.0316837909308407,0.0521959339481106));
#13573=CARTESIAN_POINT('',(-0.0045684512231587,-0.0316837909308407,0.0521959339481106));
#13574=CARTESIAN_POINT('',(-0.00389118739605291,-0.0316837909308407,0.0545668665639035));
#13575=CARTESIAN_POINT('',(-0.00389118739605291,-0.0316837909308407,0.0569377991796964));
#13576=CARTESIAN_POINT('',(-0.00389118739605291,-0.0316837909308407,0.0569377991796964));
#13577=CARTESIAN_POINT('',(-0.00389118739605291,-0.0316837909308407,0.0545668665639035));
#13578=CARTESIAN_POINT('',(-0.00465501878000681,-0.0316837909308407,0.058835156337438));
#13579=CARTESIAN_POINT('',(-0.00465501878000681,-0.0306837909308407,0.058835156337438));
#13580=CARTESIAN_POINT('',(-0.00414579785737087,-0.0316837909308407,0.0584189531033369));
#13581=CARTESIAN_POINT('',(-0.00414579785737087,-0.0306837909308407,0.0584189531033369));
#13582=CARTESIAN_POINT('',(-0.00389118739605291,-0.0316837909308407,0.057786500717423));
#13583=CARTESIAN_POINT('',(-0.00389118739605291,-0.0306837909308407,0.057786500717423));
#13584=CARTESIAN_POINT('',(-0.00389118739605291,-0.0316837909308407,0.0569377991796965));
#13585=CARTESIAN_POINT('',(-0.00389118739605291,-0.0306837909308407,0.0569377991796965));
#13586=CARTESIAN_POINT('',(-0.00465501878000681,-0.0316837909308407,0.058835156337438));
#13587=CARTESIAN_POINT('',(-0.00465501878000681,-0.0316837909308407,0.058835156337438));
#13588=CARTESIAN_POINT('',(-0.00465501878000681,-0.0316837909308407,0.058835156337438));
#13589=CARTESIAN_POINT('',(-0.00389118739605291,-0.0316837909308407,0.0582108514862863));
#13590=CARTESIAN_POINT('',(-0.00389118739605291,-0.0316837909308407,0.0569377991796965));
#13591=CARTESIAN_POINT('',(-0.00685077939841298,-0.0316837909308407,0.0594594611885896));
#13592=CARTESIAN_POINT('',(-0.00685077939841298,-0.0306837909308407,0.0594594611885896));
#13593=CARTESIAN_POINT('',(-0.00589615990877814,-0.0316837909308407,0.0594594611885896));
#13594=CARTESIAN_POINT('',(-0.00589615990877814,-0.0306837909308407,0.0594594611885896));
#13595=CARTESIAN_POINT('',(-0.00516423970264275,-0.0316837909308407,0.0592513595715391));
#13596=CARTESIAN_POINT('',(-0.00516423970264275,-0.0306837909308407,0.0592513595715391));
#13597=CARTESIAN_POINT('',(-0.00465501878000681,-0.0316837909308407,0.058835156337438));
#13598=CARTESIAN_POINT('',(-0.00465501878000681,-0.0306837909308407,0.058835156337438));
#13599=CARTESIAN_POINT('',(-0.00685077939841298,-0.0316837909308407,0.0594594611885896));
#13600=CARTESIAN_POINT('',(-0.00685077939841298,-0.0316837909308407,0.0594594611885896));
#13601=CARTESIAN_POINT('',(-0.00685077939841298,-0.0316837909308407,0.0594594611885896));
#13602=CARTESIAN_POINT('',(-0.00541885016396072,-0.0316837909308407,0.0594594611885896));
#13603=CARTESIAN_POINT('',(-0.00465501878000681,-0.0316837909308407,0.058835156337438));
#13604=CARTESIAN_POINT('',(-0.00957409289266998,-0.0316837909308407,0.0588158059423778));
#13605=CARTESIAN_POINT('',(-0.00957409289266998,-0.0306837909308407,0.0588158059423778));
#13606=CARTESIAN_POINT('',(-0.00875526564907139,-0.0316837909308407,0.0592449094398523));
#13607=CARTESIAN_POINT('',(-0.00875526564907139,-0.0306837909308407,0.0592449094398523));
#13608=CARTESIAN_POINT('',(-0.00784749448431906,-0.0316837909308407,0.0594594611885896));
#13609=CARTESIAN_POINT('',(-0.00784749448431906,-0.0306837909308407,0.0594594611885896));
#13610=CARTESIAN_POINT('',(-0.00685077939841298,-0.0316837909308407,0.0594594611885896));
#13611=CARTESIAN_POINT('',(-0.00685077939841298,-0.0306837909308407,0.0594594611885896));
#13612=CARTESIAN_POINT('',(-0.00957409289266998,-0.0316837909308407,0.0588158059423778));
#13613=CARTESIAN_POINT('',(-0.00957409289266998,-0.0316837909308407,0.0588158059423778));
#13614=CARTESIAN_POINT('',(-0.00957409289266998,-0.0316837909308407,0.0588158059423778));
#13615=CARTESIAN_POINT('',(-0.0083458520272721,-0.0316837909308407,0.0594594611885896));
#13616=CARTESIAN_POINT('',(-0.00685077939841298,-0.0316837909308407,0.0594594611885896));
#13617=CARTESIAN_POINT('',(-0.00925328371140934,-0.0316837909308407,0.0581599293940227));
#13618=CARTESIAN_POINT('',(-0.0089324745301487,-0.0316837909308407,0.0575040528456676));
#13619=CARTESIAN_POINT('',(-0.0089324745301487,-0.0316837909308407,0.0575040528456676));
#13620=CARTESIAN_POINT('',(-0.00925328371140934,-0.0316837909308407,0.0581599293940227));
#13621=CARTESIAN_POINT('',(-0.0069261440949631,-0.0316837909308407,0.0580193844193752));
#13622=CARTESIAN_POINT('',(-0.0069261440949631,-0.0306837909308407,0.0580193844193752));
#13623=CARTESIAN_POINT('',(-0.00749511360585499,-0.0316837909308407,0.0580193844193752));
#13624=CARTESIAN_POINT('',(-0.00749511360585499,-0.0306837909308407,0.0580193844193752));
#13625=CARTESIAN_POINT('',(-0.00816389041758352,-0.0316837909308407,0.0578476072281393));
#13626=CARTESIAN_POINT('',(-0.00816389041758352,-0.0306837909308407,0.0578476072281393));
#13627=CARTESIAN_POINT('',(-0.0089324745301487,-0.0316837909308407,0.0575040528456676));
#13628=CARTESIAN_POINT('',(-0.0089324745301487,-0.0306837909308407,0.0575040528456676));
#13629=CARTESIAN_POINT('',(-0.0069261440949631,-0.0316837909308407,0.0580193844193752));
#13630=CARTESIAN_POINT('',(-0.0069261440949631,-0.0316837909308407,0.0580193844193752));
#13631=CARTESIAN_POINT('',(-0.0069261440949631,-0.0316837909308407,0.0580193844193752));
#13632=CARTESIAN_POINT('',(-0.00777959836130093,-0.0316837909308407,0.0580193844193752));
#13633=CARTESIAN_POINT('',(-0.0089324745301487,-0.0316837909308407,0.0575040528456676));
#13634=CARTESIAN_POINT('',(-0.00581807936730729,-0.0316837909308407,0.0569377991796965));
#13635=CARTESIAN_POINT('',(-0.00581807936730729,-0.0306837909308407,0.0569377991796965));
#13636=CARTESIAN_POINT('',(-0.00581807936730729,-0.0316837909308407,0.057658856006149));
#13637=CARTESIAN_POINT('',(-0.00581807936730729,-0.0306837909308407,0.057658856006149));
#13638=CARTESIAN_POINT('',(-0.00618743427652589,-0.0316837909308407,0.0580193844193752));
#13639=CARTESIAN_POINT('',(-0.00618743427652589,-0.0306837909308407,0.0580193844193752));
#13640=CARTESIAN_POINT('',(-0.0069261440949631,-0.0316837909308407,0.0580193844193752));
#13641=CARTESIAN_POINT('',(-0.0069261440949631,-0.0306837909308407,0.0580193844193752));
#13642=CARTESIAN_POINT('',(-0.00581807936730729,-0.0316837909308407,0.0569377991796965));
#13643=CARTESIAN_POINT('',(-0.00581807936730729,-0.0316837909308407,0.0569377991796965));
#13644=CARTESIAN_POINT('',(-0.00581807936730729,-0.0316837909308407,0.0569377991796965));
#13645=CARTESIAN_POINT('',(-0.00581807936730729,-0.0316837909308407,0.0580193844193752));
#13646=CARTESIAN_POINT('',(-0.0069261440949631,-0.0316837909308407,0.0580193844193752));
#13647=CARTESIAN_POINT('',(-0.00581807936730729,-0.0316837909308407,0.0567819775773699));
#13648=CARTESIAN_POINT('',(-0.00581807936730729,-0.0316837909308407,0.0566261559750433));
#13649=CARTESIAN_POINT('',(-0.00581807936730729,-0.0316837909308407,0.0566261559750433));
#13650=CARTESIAN_POINT('',(-0.00581807936730729,-0.0316837909308407,0.0567819775773699));
#13651=CARTESIAN_POINT('',(-0.00643627356738732,-0.0316837909308407,0.0566068055799831));
#13652=CARTESIAN_POINT('',(-0.00705446776746736,-0.0316837909308407,0.0565874551849229));
#13653=CARTESIAN_POINT('',(-0.00705446776746736,-0.0316837909308407,0.0565874551849229));
#13654=CARTESIAN_POINT('',(-0.00643627356738732,-0.0316837909308407,0.0566068055799831));
#13655=CARTESIAN_POINT('',(-0.00944373233647518,-0.0316837909308407,0.0559926851472841));
#13656=CARTESIAN_POINT('',(-0.00944373233647518,-0.0306837909308407,0.0559926851472841));
#13657=CARTESIAN_POINT('',(-0.00891550049939417,-0.0316837909308407,0.0563511766768198));
#13658=CARTESIAN_POINT('',(-0.00891550049939417,-0.0306837909308407,0.0563511766768198));
#13659=CARTESIAN_POINT('',(-0.00811907897639156,-0.0316837909308407,0.0565494333560328));
#13660=CARTESIAN_POINT('',(-0.00811907897639156,-0.0306837909308407,0.0565494333560328));
#13661=CARTESIAN_POINT('',(-0.00705446776746736,-0.0316837909308407,0.0565874551849229));
#13662=CARTESIAN_POINT('',(-0.00705446776746736,-0.0306837909308407,0.0565874551849229));
#13663=CARTESIAN_POINT('',(-0.00944373233647518,-0.0316837909308407,0.0559926851472841));
#13664=CARTESIAN_POINT('',(-0.00944373233647518,-0.0316837909308407,0.0559926851472841));
#13665=CARTESIAN_POINT('',(-0.00944373233647518,-0.0316837909308407,0.0559926851472841));
#13666=CARTESIAN_POINT('',(-0.00865138458085366,-0.0316837909308407,0.0565304224415877));
#13667=CARTESIAN_POINT('',(-0.00705446776746736,-0.0316837909308407,0.0565874551849229));
#13668=CARTESIAN_POINT('',(-0.0102360800920967,-0.0316837909308407,0.0543224405210383));
#13669=CARTESIAN_POINT('',(-0.0102360800920967,-0.0306837909308407,0.0543224405210383));
#13670=CARTESIAN_POINT('',(-0.0102360800920967,-0.0316837909308407,0.0550774454089998));
#13671=CARTESIAN_POINT('',(-0.0102360800920967,-0.0306837909308407,0.0550774454089998));
#13672=CARTESIAN_POINT('',(-0.00997196417355619,-0.0316837909308407,0.0556341936177484));
#13673=CARTESIAN_POINT('',(-0.00997196417355619,-0.0306837909308407,0.0556341936177484));
#13674=CARTESIAN_POINT('',(-0.00944373233647518,-0.0316837909308407,0.0559926851472841));
#13675=CARTESIAN_POINT('',(-0.00944373233647518,-0.0306837909308407,0.0559926851472841));
#13676=CARTESIAN_POINT('',(-0.0102360800920967,-0.0316837909308407,0.0543224405210383));
#13677=CARTESIAN_POINT('',(-0.0102360800920967,-0.0316837909308407,0.0543224405210383));
#13678=CARTESIAN_POINT('',(-0.0102360800920967,-0.0316837909308407,0.0543224405210383));
#13679=CARTESIAN_POINT('',(-0.0102360800920967,-0.0316837909308407,0.0554549478529806));
#13680=CARTESIAN_POINT('',(-0.00944373233647518,-0.0316837909308407,0.0559926851472841));
#13681=CARTESIAN_POINT('',(-0.00964742070552956,-0.0316837909308407,0.0526542327784829));
#13682=CARTESIAN_POINT('',(-0.00964742070552956,-0.0306837909308407,0.0526542327784829));
#13683=CARTESIAN_POINT('',(-0.0100398602965743,-0.0316837909308407,0.0530453144470673));
#13684=CARTESIAN_POINT('',(-0.0100398602965743,-0.0306837909308407,0.0530453144470673));
#13685=CARTESIAN_POINT('',(-0.0102360800920967,-0.0316837909308407,0.0536013836945858));
#13686=CARTESIAN_POINT('',(-0.0102360800920967,-0.0306837909308407,0.0536013836945858));
#13687=CARTESIAN_POINT('',(-0.0102360800920967,-0.0316837909308407,0.0543224405210383));
#13688=CARTESIAN_POINT('',(-0.0102360800920967,-0.0306837909308407,0.0543224405210383));
#13689=CARTESIAN_POINT('',(-0.00964742070552956,-0.0316837909308407,0.0526542327784829));
#13690=CARTESIAN_POINT('',(-0.00964742070552956,-0.0316837909308407,0.0526542327784829));
#13691=CARTESIAN_POINT('',(-0.00964742070552956,-0.0316837909308407,0.0526542327784829));
#13692=CARTESIAN_POINT('',(-0.0102360800920967,-0.0316837909308407,0.0532408552813595));
#13693=CARTESIAN_POINT('',(-0.0102360800920967,-0.0316837909308407,0.0543224405210383));
#13694=CARTESIAN_POINT('',(-0.0080342088226189,-0.0316837909308407,0.0520676102756063));
#13695=CARTESIAN_POINT('',(-0.0080342088226189,-0.0306837909308407,0.0520676102756063));
#13696=CARTESIAN_POINT('',(-0.00871724382018124,-0.0316837909308407,0.0520676102756063));
#13697=CARTESIAN_POINT('',(-0.00871724382018124,-0.0306837909308407,0.0520676102756063));
#13698=CARTESIAN_POINT('',(-0.00925498111448479,-0.0316837909308407,0.0522631511098985));
#13699=CARTESIAN_POINT('',(-0.00925498111448479,-0.0306837909308407,0.0522631511098985));
#13700=CARTESIAN_POINT('',(-0.00964742070552956,-0.0316837909308407,0.0526542327784829));
#13701=CARTESIAN_POINT('',(-0.00964742070552956,-0.0306837909308407,0.0526542327784829));
#13702=CARTESIAN_POINT('',(-0.0080342088226189,-0.0316837909308407,0.0520676102756063));
#13703=CARTESIAN_POINT('',(-0.0080342088226189,-0.0316837909308407,0.0520676102756063));
#13704=CARTESIAN_POINT('',(-0.0080342088226189,-0.0316837909308407,0.0520676102756063));
#13705=CARTESIAN_POINT('',(-0.00905876131896241,-0.0316837909308407,0.0520676102756063));
#13706=CARTESIAN_POINT('',(-0.00964742070552956,-0.0316837909308407,0.0526542327784829));
#13707=CARTESIAN_POINT('',(-0.00668171805209784,-0.0316837909308407,0.0523069441092452));
#13708=CARTESIAN_POINT('',(-0.00668171805209784,-0.0306837909308407,0.0523069441092452));
#13709=CARTESIAN_POINT('',(-0.00702798827949028,-0.0316837909308407,0.0521473882201526));
#13710=CARTESIAN_POINT('',(-0.00702798827949028,-0.0306837909308407,0.0521473882201526));
#13711=CARTESIAN_POINT('',(-0.00747881853633063,-0.0316837909308407,0.0520676102756063));
#13712=CARTESIAN_POINT('',(-0.00747881853633063,-0.0306837909308407,0.0520676102756063));
#13713=CARTESIAN_POINT('',(-0.0080342088226189,-0.0316837909308407,0.0520676102756063));
#13714=CARTESIAN_POINT('',(-0.0080342088226189,-0.0306837909308407,0.0520676102756063));
#13715=CARTESIAN_POINT('',(-0.00668171805209784,-0.0316837909308407,0.0523069441092452));
#13716=CARTESIAN_POINT('',(-0.00668171805209784,-0.0316837909308407,0.0523069441092452));
#13717=CARTESIAN_POINT('',(-0.00668171805209784,-0.0316837909308407,0.0523069441092452));
#13718=CARTESIAN_POINT('',(-0.0072011233931865,-0.0316837909308407,0.0520676102756063));
#13719=CARTESIAN_POINT('',(-0.0080342088226189,-0.0316837909308407,0.0520676102756063));
#13720=CARTESIAN_POINT('',(-0.00567346062527869,-0.0316837909308407,0.0531634537011189));
#13721=CARTESIAN_POINT('',(-0.00567346062527869,-0.0306837909308407,0.0531634537011189));
#13722=CARTESIAN_POINT('',(-0.00599936201576569,-0.0316837909308407,0.052752003195629));
#13723=CARTESIAN_POINT('',(-0.00599936201576569,-0.0306837909308407,0.052752003195629));
#13724=CARTESIAN_POINT('',(-0.00633544782470541,-0.0316837909308407,0.0524664999983378));
#13725=CARTESIAN_POINT('',(-0.00633544782470541,-0.0306837909308407,0.0524664999983378));
#13726=CARTESIAN_POINT('',(-0.00668171805209784,-0.0316837909308407,0.0523069441092452));
#13727=CARTESIAN_POINT('',(-0.00668171805209784,-0.0306837909308407,0.0523069441092452));
#13728=CARTESIAN_POINT('',(-0.00567346062527869,-0.0316837909308407,0.0531634537011189));
#13729=CARTESIAN_POINT('',(-0.00567346062527869,-0.0316837909308407,0.0531634537011189));
#13730=CARTESIAN_POINT('',(-0.00567346062527869,-0.0316837909308407,0.0531634537011189));
#13731=CARTESIAN_POINT('',(-0.00616231271100919,-0.0316837909308407,0.0525462779428841));
#13732=CARTESIAN_POINT('',(-0.00668171805209784,-0.0316837909308407,0.0523069441092452));
#13733=CARTESIAN_POINT('',(-0.00564799957914689,-0.0316837909308407,0.0531634537011189));
#13734=CARTESIAN_POINT('',(-0.00564799957914689,-0.0316837909308407,0.0531634537011189));
#13735=CARTESIAN_POINT('',(-0.00656968944911794,-0.0316837909308407,0.0554671691551239));
#13736=CARTESIAN_POINT('',(-0.00656968944911794,-0.0306837909308407,0.0554671691551239));
#13737=CARTESIAN_POINT('',(-0.00713458519262874,-0.0316837909308407,0.0554508740855995));
#13738=CARTESIAN_POINT('',(-0.00713458519262874,-0.0306837909308407,0.0554508740855995));
#13739=CARTESIAN_POINT('',(-0.00755486219411094,-0.0316837909308407,0.0553493693816874));
#13740=CARTESIAN_POINT('',(-0.00755486219411094,-0.0306837909308407,0.0553493693816874));
#13741=CARTESIAN_POINT('',(-0.00783052045356453,-0.0316837909308407,0.0551626550433876));
#13742=CARTESIAN_POINT('',(-0.00783052045356453,-0.0306837909308407,0.0551626550433876));
#13743=CARTESIAN_POINT('',(-0.00656968944911794,-0.0306837909308407,0.0554671691551239));
#13744=CARTESIAN_POINT('',(-0.00741703306438414,-0.0306837909308407,0.0554427265508373));
#13745=CARTESIAN_POINT('',(-0.00783052045356453,-0.0306837909308407,0.0551626550433876));
#13746=CARTESIAN_POINT('',(-0.00656968944911794,-0.0316837909308407,0.0554671691551239));
#13747=CARTESIAN_POINT('',(-0.00741703306438414,-0.0316837909308407,0.0554427265508373));
#13748=CARTESIAN_POINT('',(-0.00783052045356453,-0.0316837909308407,0.0551626550433876));
#13749=CARTESIAN_POINT('',(0.,-0.0316837909308407,0.032));
#13750=CARTESIAN_POINT('',(0.,-0.0306837909308407,0.023));
#13751=CARTESIAN_POINT('',(0.00110732518054148,-0.0316837909308407,0.0536156418804196));
#13752=CARTESIAN_POINT('',(0.00110732518054148,-0.0306837909308407,0.0536156418804196));
#13753=CARTESIAN_POINT('',(0.0014468057956321,-0.0316837909308407,0.0536156418804196));
#13754=CARTESIAN_POINT('',(0.0014468057956321,-0.0306837909308407,0.0536156418804196));
#13755=CARTESIAN_POINT('',(0.00185418253374085,-0.0316837909308407,0.0536896486545094));
#13756=CARTESIAN_POINT('',(0.00185418253374085,-0.0306837909308407,0.0536896486545094));
#13757=CARTESIAN_POINT('',(0.00232945539486773,-0.0316837909308407,0.0538376622026889));
#13758=CARTESIAN_POINT('',(0.00232945539486773,-0.0306837909308407,0.0538376622026889));
#13759=CARTESIAN_POINT('',(0.00110732518054148,-0.0316837909308407,0.0536156418804196));
#13760=CARTESIAN_POINT('',(0.00110732518054148,-0.0316837909308407,0.0536156418804196));
#13761=CARTESIAN_POINT('',(0.00110732518054148,-0.0316837909308407,0.0536156418804196));
#13762=CARTESIAN_POINT('',(0.00161654610317741,-0.0316837909308407,0.0536156418804196));
#13763=CARTESIAN_POINT('',(0.00232945539486773,-0.0316837909308407,0.0538376622026889));
#13764=CARTESIAN_POINT('',(0.00232945539486773,-0.0316837909308407,0.0538376622026889));
#13765=CARTESIAN_POINT('',(0.00232945539486773,-0.0316837909308407,0.0538376622026889));
#13766=CARTESIAN_POINT('',(0.000492186305997261,-0.0316837909308407,0.0538132195984023));
#13767=CARTESIAN_POINT('',(0.000492186305997261,-0.0306837909308407,0.0538132195984023));
#13768=CARTESIAN_POINT('',(0.000646989466478588,-0.0316837909308407,0.0536815011197472));
#13769=CARTESIAN_POINT('',(0.000646989466478588,-0.0306837909308407,0.0536815011197472));
#13770=CARTESIAN_POINT('',(0.000852035757993326,-0.0316837909308407,0.0536156418804196));
#13771=CARTESIAN_POINT('',(0.000852035757993326,-0.0306837909308407,0.0536156418804196));
#13772=CARTESIAN_POINT('',(0.00110732518054148,-0.0316837909308407,0.0536156418804196));
#13773=CARTESIAN_POINT('',(0.00110732518054148,-0.0306837909308407,0.0536156418804196));
#13774=CARTESIAN_POINT('',(0.000492186305997261,-0.0316837909308407,0.0538132195984023));
#13775=CARTESIAN_POINT('',(0.000492186305997261,-0.0316837909308407,0.0538132195984023));
#13776=CARTESIAN_POINT('',(0.000492186305997261,-0.0316837909308407,0.0538132195984023));
#13777=CARTESIAN_POINT('',(0.000724391046719251,-0.0316837909308407,0.0536156418804196));
#13778=CARTESIAN_POINT('',(0.00110732518054148,-0.0316837909308407,0.0536156418804196));
#13779=CARTESIAN_POINT('',(0.00025998156527527,-0.0316837909308407,0.0544242847055655));
#13780=CARTESIAN_POINT('',(0.00025998156527527,-0.0306837909308407,0.0544242847055655));
#13781=CARTESIAN_POINT('',(0.00025998156527527,-0.0316837909308407,0.0541486264461119));
#13782=CARTESIAN_POINT('',(0.00025998156527527,-0.0306837909308407,0.0541486264461119));
#13783=CARTESIAN_POINT('',(0.000337383145515934,-0.0316837909308407,0.0539449380770575));
#13784=CARTESIAN_POINT('',(0.000337383145515934,-0.0306837909308407,0.0539449380770575));
#13785=CARTESIAN_POINT('',(0.000492186305997261,-0.0316837909308407,0.0538132195984023));
#13786=CARTESIAN_POINT('',(0.000492186305997261,-0.0306837909308407,0.0538132195984023));
#13787=CARTESIAN_POINT('',(0.00025998156527527,-0.0316837909308407,0.0544242847055655));
#13788=CARTESIAN_POINT('',(0.00025998156527527,-0.0316837909308407,0.0544242847055655));
#13789=CARTESIAN_POINT('',(0.00025998156527527,-0.0316837909308407,0.0544242847055655));
#13790=CARTESIAN_POINT('',(0.00025998156527527,-0.0316837909308407,0.0540107973163851));
#13791=CARTESIAN_POINT('',(0.000492186305997261,-0.0316837909308407,0.0538132195984023));
#13792=CARTESIAN_POINT('',(0.00025998156527527,-0.0316837909308407,0.0561393407730033));
#13793=CARTESIAN_POINT('',(0.00025998156527527,-0.0316837909308407,0.0578543968404411));
#13794=CARTESIAN_POINT('',(0.00025998156527527,-0.0316837909308407,0.0578543968404411));
#13795=CARTESIAN_POINT('',(0.00025998156527527,-0.0316837909308407,0.0561393407730033));
#13796=CARTESIAN_POINT('',(0.00125601768995117,-0.0316837909308407,0.0578543968404411));
#13797=CARTESIAN_POINT('',(0.00225205381462706,-0.0316837909308407,0.0578543968404411));
#13798=CARTESIAN_POINT('',(0.00225205381462706,-0.0316837909308407,0.0578543968404411));
#13799=CARTESIAN_POINT('',(0.00125601768995117,-0.0316837909308407,0.0578543968404411));
#13800=CARTESIAN_POINT('',(0.00225205381462706,-0.0316837909308407,0.0585836012016558));
#13801=CARTESIAN_POINT('',(0.00225205381462706,-0.0316837909308407,0.0593128055628705));
#13802=CARTESIAN_POINT('',(0.00225205381462706,-0.0316837909308407,0.0593128055628705));
#13803=CARTESIAN_POINT('',(0.00225205381462706,-0.0316837909308407,0.0585836012016558));
#13804=CARTESIAN_POINT('',(0.00125601768995117,-0.0316837909308407,0.0593128055628705));
#13805=CARTESIAN_POINT('',(0.00025998156527527,-0.0316837909308407,0.0593128055628705));
#13806=CARTESIAN_POINT('',(0.00025998156527527,-0.0316837909308407,0.0593128055628705));
#13807=CARTESIAN_POINT('',(0.00125601768995117,-0.0316837909308407,0.0593128055628705));
#13808=CARTESIAN_POINT('',(0.00025998156527527,-0.0316837909308407,0.0600705262957527));
#13809=CARTESIAN_POINT('',(0.00025998156527527,-0.0316837909308407,0.060828247028635));
#13810=CARTESIAN_POINT('',(0.00025998156527527,-0.0316837909308407,0.060828247028635));
#13811=CARTESIAN_POINT('',(0.00025998156527527,-0.0316837909308407,0.0600705262957527));
#13812=CARTESIAN_POINT('',(-0.000360249518495302,-0.0316837909308407,0.060828247028635));
#13813=CARTESIAN_POINT('',(-0.000980480602265875,-0.0316837909308407,0.060828247028635));
#13814=CARTESIAN_POINT('',(-0.000980480602265875,-0.0316837909308407,0.060828247028635));
#13815=CARTESIAN_POINT('',(-0.000360249518495302,-0.0316837909308407,0.060828247028635));
#13816=CARTESIAN_POINT('',(-0.00126055210971564,-0.0316837909308407,0.0600766369468244));
#13817=CARTESIAN_POINT('',(-0.00154062361716541,-0.0316837909308407,0.0593250268650137));
#13818=CARTESIAN_POINT('',(-0.00154062361716541,-0.0316837909308407,0.0593250268650137));
#13819=CARTESIAN_POINT('',(-0.00126055210971564,-0.0316837909308407,0.0600766369468244));
#13820=CARTESIAN_POINT('',(-0.00207530558593314,-0.0316837909308407,0.059000143916372));
#13821=CARTESIAN_POINT('',(-0.00260998755470088,-0.0316837909308407,0.0586752609677303));
#13822=CARTESIAN_POINT('',(-0.00260998755470088,-0.0316837909308407,0.0586752609677303));
#13823=CARTESIAN_POINT('',(-0.00207530558593314,-0.0316837909308407,0.059000143916372));
#13824=CARTESIAN_POINT('',(-0.00260998755470088,-0.0316837909308407,0.0582648289040857));
#13825=CARTESIAN_POINT('',(-0.00260998755470088,-0.0316837909308407,0.0578543968404411));
#13826=CARTESIAN_POINT('',(-0.00260998755470088,-0.0316837909308407,0.0578543968404411));
#13827=CARTESIAN_POINT('',(-0.00260998755470088,-0.0316837909308407,0.0582648289040857));
#13828=CARTESIAN_POINT('',(-0.00214557807325691,-0.0316837909308407,0.0578543968404411));
#13829=CARTESIAN_POINT('',(-0.00168116859181293,-0.0316837909308407,0.0578543968404411));
#13830=CARTESIAN_POINT('',(-0.00168116859181293,-0.0316837909308407,0.0578543968404411));
#13831=CARTESIAN_POINT('',(-0.00214557807325691,-0.0316837909308407,0.0578543968404411));
#13832=CARTESIAN_POINT('',(-0.00168116859181293,-0.0316837909308407,0.0561393407730033));
#13833=CARTESIAN_POINT('',(-0.00168116859181293,-0.0316837909308407,0.0544242847055655));
#13834=CARTESIAN_POINT('',(-0.00168116859181293,-0.0316837909308407,0.0544242847055655));
#13835=CARTESIAN_POINT('',(-0.00168116859181293,-0.0316837909308407,0.0561393407730033));
#13836=CARTESIAN_POINT('',(-0.001149541948581,-0.0316837909308407,0.0526572881040187));
#13837=CARTESIAN_POINT('',(-0.001149541948581,-0.0306837909308407,0.0526572881040187));
#13838=CARTESIAN_POINT('',(-0.00150395971073562,-0.0316837909308407,0.0530504066562937));
#13839=CARTESIAN_POINT('',(-0.00150395971073562,-0.0306837909308407,0.0530504066562937));
#13840=CARTESIAN_POINT('',(-0.00168116859181293,-0.0316837909308407,0.053639405523476));
#13841=CARTESIAN_POINT('',(-0.00168116859181293,-0.0306837909308407,0.053639405523476));
#13842=CARTESIAN_POINT('',(-0.00168116859181293,-0.0316837909308407,0.0544242847055655));
#13843=CARTESIAN_POINT('',(-0.00168116859181293,-0.0306837909308407,0.0544242847055655));
#13844=CARTESIAN_POINT('',(-0.001149541948581,-0.0316837909308407,0.0526572881040187));
#13845=CARTESIAN_POINT('',(-0.001149541948581,-0.0316837909308407,0.0526572881040187));
#13846=CARTESIAN_POINT('',(-0.001149541948581,-0.0316837909308407,0.0526572881040187));
#13847=CARTESIAN_POINT('',(-0.00168116859181293,-0.0316837909308407,0.0532469659324312));
#13848=CARTESIAN_POINT('',(-0.00168116859181293,-0.0316837909308407,0.0544242847055655));
#13849=CARTESIAN_POINT('',(0.000547182165641945,-0.0316837909308407,0.0520676102756063));
#13850=CARTESIAN_POINT('',(0.000547182165641945,-0.0306837909308407,0.0520676102756063));
#13851=CARTESIAN_POINT('',(-0.000229549481685407,-0.0316837909308407,0.0520676102756063));
#13852=CARTESIAN_POINT('',(-0.000229549481685407,-0.0306837909308407,0.0520676102756063));
#13853=CARTESIAN_POINT('',(-0.000795124186426389,-0.0316837909308407,0.0522641695517438));
#13854=CARTESIAN_POINT('',(-0.000795124186426389,-0.0306837909308407,0.0522641695517438));
#13855=CARTESIAN_POINT('',(-0.001149541948581,-0.0316837909308407,0.0526572881040187));
#13856=CARTESIAN_POINT('',(-0.001149541948581,-0.0306837909308407,0.0526572881040187));
#13857=CARTESIAN_POINT('',(0.000547182165641945,-0.0316837909308407,0.0520676102756063));
#13858=CARTESIAN_POINT('',(0.000547182165641945,-0.0316837909308407,0.0520676102756063));
#13859=CARTESIAN_POINT('',(0.000547182165641945,-0.0316837909308407,0.0520676102756063));
#13860=CARTESIAN_POINT('',(-0.000617915305349083,-0.0316837909308407,0.0520676102756063));
#13861=CARTESIAN_POINT('',(-0.001149541948581,-0.0316837909308407,0.0526572881040187));
#13862=CARTESIAN_POINT('',(0.00232945539486773,-0.0316837909308407,0.0523935116660933));
#13863=CARTESIAN_POINT('',(0.00232945539486773,-0.0306837909308407,0.0523935116660933));
#13864=CARTESIAN_POINT('',(0.00184603499897868,-0.0316837909308407,0.0521762440724353));
#13865=CARTESIAN_POINT('',(0.00184603499897868,-0.0306837909308407,0.0521762440724353));
#13866=CARTESIAN_POINT('',(0.00125194392257008,-0.0316837909308407,0.0520676102756063));
#13867=CARTESIAN_POINT('',(0.00125194392257008,-0.0306837909308407,0.0520676102756063));
#13868=CARTESIAN_POINT('',(0.000547182165641945,-0.0316837909308407,0.0520676102756063));
#13869=CARTESIAN_POINT('',(0.000547182165641945,-0.0306837909308407,0.0520676102756063));
#13870=CARTESIAN_POINT('',(0.00232945539486773,-0.0316837909308407,0.0523935116660933));
#13871=CARTESIAN_POINT('',(0.00232945539486773,-0.0316837909308407,0.0523935116660933));
#13872=CARTESIAN_POINT('',(0.00232945539486773,-0.0316837909308407,0.0523935116660933));
#13873=CARTESIAN_POINT('',(0.00160432480103415,-0.0316837909308407,0.0520676102756063));
#13874=CARTESIAN_POINT('',(0.000547182165641945,-0.0316837909308407,0.0520676102756063));
#13875=CARTESIAN_POINT('',(0.00232945539486773,-0.0316837909308407,0.0531155869343911));
#13876=CARTESIAN_POINT('',(0.00232945539486773,-0.0316837909308407,0.0531155869343911));
#13877=CARTESIAN_POINT('',(0.,-0.0316837909308407,0.032));
#13878=CARTESIAN_POINT('',(0.00665783323727321,-0.0316837909308407,0.0520676102756063));
#13879=CARTESIAN_POINT('',(0.00665783323727321,-0.0306837909308407,0.0520676102756063));
#13880=CARTESIAN_POINT('',(0.00444306170442197,-0.0316837909308407,0.0520676102756063));
#13881=CARTESIAN_POINT('',(0.00444306170442197,-0.0306837909308407,0.0520676102756063));
#13882=CARTESIAN_POINT('',(0.00333567593799634,-0.0316837909308407,0.0532836298388609));
#13883=CARTESIAN_POINT('',(0.00333567593799634,-0.0306837909308407,0.0532836298388609));
#13884=CARTESIAN_POINT('',(0.00333567593799634,-0.0316837909308407,0.0557156689653702));
#13885=CARTESIAN_POINT('',(0.00333567593799634,-0.0306837909308407,0.0557156689653702));
#13886=CARTESIAN_POINT('',(0.00665783323727321,-0.0316837909308407,0.0520676102756063));
#13887=CARTESIAN_POINT('',(0.00665783323727321,-0.0316837909308407,0.0520676102756063));
#13888=CARTESIAN_POINT('',(0.00665783323727321,-0.0316837909308407,0.0520676102756063));
#13889=CARTESIAN_POINT('',(0.00333567593799634,-0.0316837909308407,0.0520676102756063));
#13890=CARTESIAN_POINT('',(0.00333567593799634,-0.0316837909308407,0.0557156689653702));
#13891=CARTESIAN_POINT('',(0.00333567593799634,-0.0316837909308407,0.0557156689653702));
#13892=CARTESIAN_POINT('',(0.00333567593799634,-0.0316837909308407,0.0557156689653702));
#13893=CARTESIAN_POINT('',(0.00786977903314674,-0.0316837909308407,0.0521826942041221));
#13894=CARTESIAN_POINT('',(0.00786977903314674,-0.0306837909308407,0.0521826942041221));
#13895=CARTESIAN_POINT('',(0.00754930933250119,-0.0316837909308407,0.0521059715851116));
#13896=CARTESIAN_POINT('',(0.00754930933250119,-0.0306837909308407,0.0521059715851116));
#13897=CARTESIAN_POINT('',(0.00714532740054335,-0.0316837909308407,0.0520676102756063));
#13898=CARTESIAN_POINT('',(0.00714532740054335,-0.0306837909308407,0.0520676102756063));
#13899=CARTESIAN_POINT('',(0.00665783323727321,-0.0316837909308407,0.0520676102756063));
#13900=CARTESIAN_POINT('',(0.00665783323727321,-0.0306837909308407,0.0520676102756063));
#13901=CARTESIAN_POINT('',(0.00786977903314674,-0.0316837909308407,0.0521826942041221));
#13902=CARTESIAN_POINT('',(0.00786977903314674,-0.0316837909308407,0.0521826942041221));
#13903=CARTESIAN_POINT('',(0.00786977903314674,-0.0316837909308407,0.0521826942041221));
#13904=CARTESIAN_POINT('',(0.00738907448217842,-0.0316837909308407,0.0520676102756063));
#13905=CARTESIAN_POINT('',(0.00665783323727321,-0.0316837909308407,0.0520676102756063));
#13906=CARTESIAN_POINT('',(0.00710606508918768,-0.0316837909308408,0.0552203524063891));
#13907=CARTESIAN_POINT('',(0.00882100371663068,-0.0316837909308407,0.0525972000351477));
#13908=CARTESIAN_POINT('',(0.00882074936470321,-0.0316837906808407,0.0525975890892229));
#13909=CARTESIAN_POINT('',(0.00710606508918768,-0.0316837909308407,0.0552203524063891));
#13910=CARTESIAN_POINT('',(0.00882100371663068,-0.0316837909308407,0.0534282485808896));
#13911=CARTESIAN_POINT('',(0.00882100371663068,-0.0316837909308407,0.0542592971266314));
#13912=CARTESIAN_POINT('',(0.00882074657929707,-0.0316837909308407,0.0542596709841895));
#13913=CARTESIAN_POINT('',(0.00882100371663068,-0.0316837909308407,0.0534282485808896));
#13914=CARTESIAN_POINT('',(0.00671458927448431,-0.0316837909308408,0.0573218588662601));
#13915=CARTESIAN_POINT('',(0.00786672370761093,-0.0316837909308407,0.0537897954359611));
#13916=CARTESIAN_POINT('',(0.00786686187381107,-0.0316837909308407,0.053789370915689));
#13917=CARTESIAN_POINT('',(0.00671458927448431,-0.0316837909308407,0.0573218588662601));
#13918=CARTESIAN_POINT('',(0.00686493137318829,-0.0316837909308408,0.0570981596875925));
#13919=CARTESIAN_POINT('',(0.00682893146727889,-0.0316837909308407,0.0536400844847061));
#13920=CARTESIAN_POINT('',(0.00682893146727889,-0.0316837909308407,0.0536400844847061));
#13921=CARTESIAN_POINT('',(0.00686493137318829,-0.0316837909308407,0.0570981596875925));
#13922=CARTESIAN_POINT('',(0.00531349000151433,-0.0316837909308407,0.0557278902675135));
#13923=CARTESIAN_POINT('',(0.00531349000151433,-0.0306837909308407,0.0557278902675135));
#13924=CARTESIAN_POINT('',(0.00531349000151433,-0.0316837909308407,0.0543360197456419));
#13925=CARTESIAN_POINT('',(0.00531349000151433,-0.0306837909308407,0.0543360197456419));
#13926=CARTESIAN_POINT('',(0.00581863715676918,-0.0316837909308407,0.0536400844847061));
#13927=CARTESIAN_POINT('',(0.00581863715676918,-0.0306837909308407,0.0536400844847061));
#13928=CARTESIAN_POINT('',(0.00682893146727889,-0.0316837909308407,0.0536400844847061));
#13929=CARTESIAN_POINT('',(0.00682893146727889,-0.0306837909308407,0.0536400844847061));
#13930=CARTESIAN_POINT('',(0.00531349000151433,-0.0316837909308407,0.0557278902675135));
#13931=CARTESIAN_POINT('',(0.00531349000151433,-0.0316837909308407,0.0557278902675135));
#13932=CARTESIAN_POINT('',(0.00531349000151433,-0.0316837909308407,0.0557278902675135));
#13933=CARTESIAN_POINT('',(0.00531349000151433,-0.0316837909308407,0.0536400844847061));
#13934=CARTESIAN_POINT('',(0.00682893146727889,-0.0316837909308407,0.0536400844847061));
#13935=CARTESIAN_POINT('',(0.00682893146727889,-0.0316837909308407,0.0578808763284182));
#13936=CARTESIAN_POINT('',(0.00682893146727889,-0.0306837909308407,0.0578808763284182));
#13937=CARTESIAN_POINT('',(0.00581863715676918,-0.0316837909308407,0.0578808763284182));
#13938=CARTESIAN_POINT('',(0.00581863715676918,-0.0306837909308407,0.0578808763284182));
#13939=CARTESIAN_POINT('',(0.00531349000151433,-0.0316837909308407,0.0571632143081166));
#13940=CARTESIAN_POINT('',(0.00531349000151433,-0.0306837909308407,0.0571632143081166));
#13941=CARTESIAN_POINT('',(0.00531349000151433,-0.0316837909308407,0.0557278902675135));
#13942=CARTESIAN_POINT('',(0.00531349000151433,-0.0306837909308407,0.0557278902675135));
#13943=CARTESIAN_POINT('',(0.00682893146727889,-0.0316837909308407,0.0578808763284182));
#13944=CARTESIAN_POINT('',(0.00682893146727889,-0.0316837909308407,0.0578808763284182));
#13945=CARTESIAN_POINT('',(0.00682893146727889,-0.0316837909308407,0.0578808763284182));
#13946=CARTESIAN_POINT('',(0.00531349000151433,-0.0316837909308407,0.0578808763284182));
#13947=CARTESIAN_POINT('',(0.00531349000151433,-0.0316837909308407,0.0557278902675135));
#13948=CARTESIAN_POINT('',(0.00682149235630405,-0.0316837909308408,0.0551448986195753));
#13949=CARTESIAN_POINT('',(0.00761822389736459,-0.0316837909308407,0.0577627370743667));
#13950=CARTESIAN_POINT('',(0.00761823988453418,-0.0316837909308407,0.0577627886812923));
#13951=CARTESIAN_POINT('',(0.00682149235630405,-0.0316837909308407,0.0551448986195753));
#13952=CARTESIAN_POINT('',(0.00474993121407616,-0.0316837909308423,0.0483786099859592));
#13953=CARTESIAN_POINT('',(0.00847054771521442,-0.0316837909308407,0.0574589482772784));
#13954=CARTESIAN_POINT('',(0.00847054771442922,-0.0316837909308407,0.0574589482769386));
#13955=CARTESIAN_POINT('',(0.00474993121407616,-0.0316837909308407,0.0483786099859592));
#13956=CARTESIAN_POINT('',(0.00875786032222382,-0.0316837909308407,0.0582108514862863));
#13957=CARTESIAN_POINT('',(0.00904506092259049,-0.0316837909308407,0.058962461568097));
#13958=CARTESIAN_POINT('',(0.00904506092259049,-0.0316837909308407,0.058962461568097));
#13959=CARTESIAN_POINT('',(0.00875786032222382,-0.0316837909308407,0.0582108514862863));
#13960=CARTESIAN_POINT('',(0.00682893146727889,-0.0316837909308407,0.0594452030027558));
#13961=CARTESIAN_POINT('',(0.00682893146727889,-0.0306837909308407,0.0594452030027558));
#13962=CARTESIAN_POINT('',(0.00765183247825856,-0.0316837909308407,0.0594452030027558));
#13963=CARTESIAN_POINT('',(0.00765183247825856,-0.0306837909308407,0.0594452030027558));
#13964=CARTESIAN_POINT('',(0.00839054229669576,-0.0316837909308407,0.0592842891912028));
#13965=CARTESIAN_POINT('',(0.00839054229669576,-0.0306837909308407,0.0592842891912028));
#13966=CARTESIAN_POINT('',(0.00904506092259049,-0.0316837909308407,0.0589624615680969));
#13967=CARTESIAN_POINT('',(0.00904506092259049,-0.0306837909308407,0.0589624615680969));
#13968=CARTESIAN_POINT('',(0.00682893146727889,-0.0316837909308407,0.0594452030027558));
#13969=CARTESIAN_POINT('',(0.00682893146727889,-0.0316837909308407,0.0594452030027558));
#13970=CARTESIAN_POINT('',(0.00682893146727889,-0.0316837909308407,0.0594452030027558));
#13971=CARTESIAN_POINT('',(0.0080632829837484,-0.0316837909308407,0.0594452030027558));
#13972=CARTESIAN_POINT('',(0.00904506092259049,-0.0316837909308407,0.0589624615680969));
#13973=CARTESIAN_POINT('',(0.0042390338547525,-0.0316837909308407,0.0584878676682002));
#13974=CARTESIAN_POINT('',(0.0042390338547525,-0.0306837909308407,0.0584878676682002));
#13975=CARTESIAN_POINT('',(0.00484127246592327,-0.0316837909308407,0.0591260912245706));
#13976=CARTESIAN_POINT('',(0.00484127246592327,-0.0306837909308407,0.0591260912245706));
#13977=CARTESIAN_POINT('',(0.00570457167009874,-0.0316837909308407,0.0594452030027558));
#13978=CARTESIAN_POINT('',(0.00570457167009874,-0.0306837909308407,0.0594452030027558));
#13979=CARTESIAN_POINT('',(0.00682893146727889,-0.0316837909308407,0.0594452030027558));
#13980=CARTESIAN_POINT('',(0.00682893146727889,-0.0306837909308407,0.0594452030027558));
#13981=CARTESIAN_POINT('',(0.0042390338547525,-0.0316837909308407,0.0584878676682002));
#13982=CARTESIAN_POINT('',(0.0042390338547525,-0.0316837909308407,0.0584878676682002));
#13983=CARTESIAN_POINT('',(0.0042390338547525,-0.0316837909308407,0.0584878676682002));
#13984=CARTESIAN_POINT('',(0.00514239177150866,-0.0316837909308407,0.0594452030027558));
#13985=CARTESIAN_POINT('',(0.00682893146727889,-0.0316837909308407,0.0594452030027558));
#13986=CARTESIAN_POINT('',(0.00333567593799634,-0.0316837909308407,0.0557156689653702));
#13987=CARTESIAN_POINT('',(0.00333567593799634,-0.0306837909308407,0.0557156689653702));
#13988=CARTESIAN_POINT('',(0.00333567593799634,-0.0316837909308407,0.0569255778775532));
#13989=CARTESIAN_POINT('',(0.00333567593799634,-0.0306837909308407,0.0569255778775532));
#13990=CARTESIAN_POINT('',(0.00363679524358173,-0.0316837909308407,0.0578496441118299));
#13991=CARTESIAN_POINT('',(0.00363679524358173,-0.0306837909308407,0.0578496441118299));
#13992=CARTESIAN_POINT('',(0.0042390338547525,-0.0316837909308407,0.0584878676682002));
#13993=CARTESIAN_POINT('',(0.0042390338547525,-0.0306837909308407,0.0584878676682002));
#13994=CARTESIAN_POINT('',(0.00333567593799634,-0.0316837909308407,0.0557156689653702));
#13995=CARTESIAN_POINT('',(0.00333567593799634,-0.0316837909308407,0.0575305323336447));
#13996=CARTESIAN_POINT('',(0.0042390338547525,-0.0316837909308407,0.0584878676682002));
#13997=CARTESIAN_POINT('',(0.,-0.0316837909308407,0.032));
#13998=CARTESIAN_POINT('',(-0.00474855474187914,-0.0316837909308407,0.0407775196461051));
#13999=CARTESIAN_POINT('',(-0.00474855474187914,-0.0306837909308407,0.0407775196461051));
#14000=CARTESIAN_POINT('',(-0.00507647468290903,-0.0316837909308407,0.0407775196461051));
#14001=CARTESIAN_POINT('',(-0.00507647468290903,-0.0306837909308407,0.0407775196461051));
#14002=CARTESIAN_POINT('',(-0.00536240487539242,-0.0316837909308407,0.0408120112252683));
#14003=CARTESIAN_POINT('',(-0.00536240487539242,-0.0306837909308407,0.0408120112252683));
#14004=CARTESIAN_POINT('',(-0.0056063453193293,-0.0316837909308407,0.0408809943835948));
#14005=CARTESIAN_POINT('',(-0.0056063453193293,-0.0306837909308407,0.0408809943835948));
#14006=CARTESIAN_POINT('',(-0.00474855474187914,-0.0316837909308407,0.0407775196461051));
#14007=CARTESIAN_POINT('',(-0.00474855474187914,-0.0316837909308407,0.0407775196461051));
#14008=CARTESIAN_POINT('',(-0.00474855474187914,-0.0316837909308407,0.0407775196461051));
#14009=CARTESIAN_POINT('',(-0.00524043465342398,-0.0316837909308407,0.0407775196461051));
#14010=CARTESIAN_POINT('',(-0.0056063453193293,-0.0316837909308407,0.0408809943835948));
#14011=CARTESIAN_POINT('',(-0.0056063453193293,-0.0316837909308407,0.0408809943835948));
#14012=CARTESIAN_POINT('',(-0.0056063453193293,-0.0316837909308407,0.0408809943835948));
#14013=CARTESIAN_POINT('',(-0.00312670070427012,-0.0316837909308407,0.0414058662404262));
#14014=CARTESIAN_POINT('',(-0.00312670070427012,-0.0306837909308407,0.0414058662404262));
#14015=CARTESIAN_POINT('',(-0.00349211149221655,-0.0316837909308407,0.0409869685108788));
#14016=CARTESIAN_POINT('',(-0.00349211149221655,-0.0306837909308407,0.0409869685108788));
#14017=CARTESIAN_POINT('',(-0.00403272950475289,-0.0316837909308407,0.0407775196461051));
#14018=CARTESIAN_POINT('',(-0.00403272950475289,-0.0306837909308407,0.0407775196461051));
#14019=CARTESIAN_POINT('',(-0.00474855474187914,-0.0316837909308407,0.0407775196461051));
#14020=CARTESIAN_POINT('',(-0.00474855474187914,-0.0306837909308407,0.0407775196461051));
#14021=CARTESIAN_POINT('',(-0.00312670070427012,-0.0316837909308407,0.0414058662404262));
#14022=CARTESIAN_POINT('',(-0.00312670070427012,-0.0316837909308407,0.0414058662404262));
#14023=CARTESIAN_POINT('',(-0.00312670070427012,-0.0316837909308407,0.0414058662404262));
#14024=CARTESIAN_POINT('',(-0.00367481688618977,-0.0316837909308407,0.0407775196461051));
#14025=CARTESIAN_POINT('',(-0.00474855474187914,-0.0316837909308407,0.0407775196461051));
#14026=CARTESIAN_POINT('',(-0.00257858452235048,-0.0316837909308407,0.0432339199360761));
#14027=CARTESIAN_POINT('',(-0.00257858452235048,-0.0306837909308407,0.0432339199360761));
#14028=CARTESIAN_POINT('',(-0.00257858452235048,-0.0316837909308407,0.0424341152018568));
#14029=CARTESIAN_POINT('',(-0.00257858452235048,-0.0306837909308407,0.0424341152018568));
#14030=CARTESIAN_POINT('',(-0.0027612899163237,-0.0316837909308407,0.0418247639699735));
#14031=CARTESIAN_POINT('',(-0.0027612899163237,-0.0306837909308407,0.0418247639699735));
#14032=CARTESIAN_POINT('',(-0.00312670070427012,-0.0316837909308407,0.0414058662404262));
#14033=CARTESIAN_POINT('',(-0.00312670070427012,-0.0306837909308407,0.0414058662404262));
#14034=CARTESIAN_POINT('',(-0.00257858452235048,-0.0316837909308407,0.0432339199360761));
#14035=CARTESIAN_POINT('',(-0.00257858452235048,-0.0316837909308407,0.0432339199360761));
#14036=CARTESIAN_POINT('',(-0.00257858452235048,-0.0316837909308407,0.0432339199360761));
#14037=CARTESIAN_POINT('',(-0.00257858452235048,-0.0316837909308407,0.0420342128347471));
#14038=CARTESIAN_POINT('',(-0.00312670070427012,-0.0316837909308407,0.0414058662404262));
#14039=CARTESIAN_POINT('',(-0.00257858452235048,-0.0316837909308407,0.0464393873474392));
#14040=CARTESIAN_POINT('',(-0.00257858452235048,-0.0316837909308407,0.0496448547588024));
#14041=CARTESIAN_POINT('',(-0.00257858452235048,-0.0316837909308407,0.0496448547588024));
#14042=CARTESIAN_POINT('',(-0.00257858452235048,-0.0316837909308407,0.0464393873474392));
#14043=CARTESIAN_POINT('',(-0.0033051571355928,-0.0316837909308407,0.0496448547588024));
#14044=CARTESIAN_POINT('',(-0.00403172974883511,-0.0316837909308407,0.0496448547588024));
#14045=CARTESIAN_POINT('',(-0.00403172974883511,-0.0316837909308407,0.0496448547588024));
#14046=CARTESIAN_POINT('',(-0.0033051571355928,-0.0316837909308407,0.0496448547588024));
#14047=CARTESIAN_POINT('',(-0.00403172974883511,-0.0316837909308407,0.0464348884458092));
#14048=CARTESIAN_POINT('',(-0.00403172974883511,-0.0316837909308407,0.0432249221328161));
#14049=CARTESIAN_POINT('',(-0.00403172974883511,-0.0316837909308407,0.0432249221328161));
#14050=CARTESIAN_POINT('',(-0.00403172974883511,-0.0316837909308407,0.0464348884458092));
#14051=CARTESIAN_POINT('',(-0.00423792940687602,-0.0316837909308407,0.0422943993123479));
#14052=CARTESIAN_POINT('',(-0.00423792940687602,-0.0306837909308407,0.0422943993123479));
#14053=CARTESIAN_POINT('',(-0.00410046296818208,-0.0316837909308407,0.042492850862026));
#14054=CARTESIAN_POINT('',(-0.00410046296818208,-0.0306837909308407,0.042492850862026));
#14055=CARTESIAN_POINT('',(-0.00403172974883511,-0.0316837909308407,0.0428030251355154));
#14056=CARTESIAN_POINT('',(-0.00403172974883511,-0.0306837909308407,0.0428030251355154));
#14057=CARTESIAN_POINT('',(-0.00403172974883511,-0.0316837909308407,0.0432249221328161));
#14058=CARTESIAN_POINT('',(-0.00403172974883511,-0.0306837909308407,0.0432249221328161));
#14059=CARTESIAN_POINT('',(-0.00423792940687602,-0.0316837909308407,0.0422943993123479));
#14060=CARTESIAN_POINT('',(-0.00423792940687602,-0.0316837909308407,0.0422943993123479));
#14061=CARTESIAN_POINT('',(-0.00423792940687602,-0.0316837909308407,0.0422943993123479));
#14062=CARTESIAN_POINT('',(-0.00403172974883511,-0.0316837909308407,0.0425920766368651));
#14063=CARTESIAN_POINT('',(-0.00403172974883511,-0.0316837909308407,0.0432249221328161));
#14064=CARTESIAN_POINT('',(-0.00492251227157182,-0.0316837909308407,0.0419967219878306));
#14065=CARTESIAN_POINT('',(-0.00492251227157182,-0.0306837909308407,0.0419967219878306));
#14066=CARTESIAN_POINT('',(-0.00460359013380189,-0.0316837909308407,0.0419967219878306));
#14067=CARTESIAN_POINT('',(-0.00460359013380189,-0.0306837909308407,0.0419967219878306));
#14068=CARTESIAN_POINT('',(-0.00437539584556996,-0.0316837909308407,0.0420959477626697));
#14069=CARTESIAN_POINT('',(-0.00437539584556996,-0.0306837909308407,0.0420959477626697));
#14070=CARTESIAN_POINT('',(-0.00423792940687602,-0.0316837909308407,0.0422943993123479));
#14071=CARTESIAN_POINT('',(-0.00423792940687602,-0.0306837909308407,0.0422943993123479));
#14072=CARTESIAN_POINT('',(-0.00492251227157182,-0.0316837909308407,0.0419967219878306));
#14073=CARTESIAN_POINT('',(-0.00492251227157182,-0.0316837909308407,0.0419967219878306));
#14074=CARTESIAN_POINT('',(-0.00492251227157182,-0.0316837909308407,0.0419967219878306));
#14075=CARTESIAN_POINT('',(-0.00444412906491693,-0.0316837909308407,0.0419967219878306));
#14076=CARTESIAN_POINT('',(-0.00423792940687602,-0.0316837909308407,0.0422943993123479));
#14077=CARTESIAN_POINT('',(-0.00487304241625345,-0.0316837909308409,0.0448727026727431));
#14078=CARTESIAN_POINT('',(-0.0056063453193293,-0.0316837909308407,0.042090495620241));
#14079=CARTESIAN_POINT('',(-0.0056063453193293,-0.0316837909308407,0.0420896992881836));
#14080=CARTESIAN_POINT('',(-0.00487304241625345,-0.0316837909308407,0.0448727026727431));
#14081=CARTESIAN_POINT('',(-0.0056063453193293,-0.0316837909308407,0.0414853468358892));
#14082=CARTESIAN_POINT('',(-0.0056063453193293,-0.0316837909308407,0.0414853468358892));
#14083=CARTESIAN_POINT('',(0.,-0.0316837909308407,0.032));
#14084=CARTESIAN_POINT('',(-0.0120652684261088,-0.0316837909308407,0.0480327483413916));
#14085=CARTESIAN_POINT('',(-0.0128480773097259,-0.0316837909308407,0.0480327483413916));
#14086=CARTESIAN_POINT('',(-0.0128480773097259,-0.0316837909308407,0.0480327483413916));
#14087=CARTESIAN_POINT('',(-0.0120652684261088,-0.0316837909308407,0.0480327483413916));
#14088=CARTESIAN_POINT('',(-0.0112824595424917,-0.0316837909308407,0.0480327483413916));
#14089=CARTESIAN_POINT('',(-0.0112824595424917,-0.0316837909308407,0.0480327483413916));
#14090=CARTESIAN_POINT('',(-0.0118073313993231,-0.0316837909308407,0.0454316333823229));
#14091=CARTESIAN_POINT('',(-0.0107665854889202,-0.0316837909308407,0.0428305184232542));
#14092=CARTESIAN_POINT('',(-0.0107665854889202,-0.0316837909308407,0.0428305184232542));
#14093=CARTESIAN_POINT('',(-0.0118073313993231,-0.0316837909308407,0.0454316333823229));
#14094=CARTESIAN_POINT('',(-0.0108093250544051,-0.0316837909308407,0.0427015499098614));
#14095=CARTESIAN_POINT('',(-0.0108520646198899,-0.0316837909308407,0.0425725813964685));
#14096=CARTESIAN_POINT('',(-0.0108520646198899,-0.0316837909308407,0.0425725813964685));
#14097=CARTESIAN_POINT('',(-0.0108093250544051,-0.0316837909308407,0.0427015499098614));
#14098=CARTESIAN_POINT('',(-0.011294456613505,-0.0316837909308407,0.0418722523760678));
#14099=CARTESIAN_POINT('',(-0.011294456613505,-0.0306837909308407,0.0418722523760678));
#14100=CARTESIAN_POINT('',(-0.0111055027450457,-0.0316837909308407,0.0420272145433227));
#14101=CARTESIAN_POINT('',(-0.0111055027450457,-0.0306837909308407,0.0420272145433227));
#14102=CARTESIAN_POINT('',(-0.010958038747174,-0.0316837909308407,0.042260657550123));
#14103=CARTESIAN_POINT('',(-0.010958038747174,-0.0306837909308407,0.042260657550123));
#14104=CARTESIAN_POINT('',(-0.0108520646198899,-0.0316837909308407,0.0425725813964685));
#14105=CARTESIAN_POINT('',(-0.0108520646198899,-0.0306837909308407,0.0425725813964685));
#14106=CARTESIAN_POINT('',(-0.011294456613505,-0.0316837909308407,0.0418722523760678));
#14107=CARTESIAN_POINT('',(-0.011294456613505,-0.0316837909308407,0.0418722523760678));
#14108=CARTESIAN_POINT('',(-0.011294456613505,-0.0316837909308407,0.0418722523760678));
#14109=CARTESIAN_POINT('',(-0.011011025810816,-0.0316837909308407,0.0421046956269502));
#14110=CARTESIAN_POINT('',(-0.0108520646198899,-0.0316837909308407,0.0425725813964685));
#14111=CARTESIAN_POINT('',(-0.0119389130614944,-0.0316837909308407,0.0426521897669883));
#14112=CARTESIAN_POINT('',(-0.0119572947869892,-0.0316837909308407,0.0416398091251853));
#14113=CARTESIAN_POINT('',(-0.0119572885896657,-0.0316837909308407,0.0416401661896177));
#14114=CARTESIAN_POINT('',(-0.0119389130614944,-0.0316837909308407,0.0426521897669883));
#14115=CARTESIAN_POINT('',(-0.0119797133576221,-0.0316837909308409,0.0440681325638319));
#14116=CARTESIAN_POINT('',(-0.0125196574907371,-0.0316837909308407,0.0417008918420968));
#14117=CARTESIAN_POINT('',(-0.0125196574907371,-0.0316837909308407,0.0417008918420968));
#14118=CARTESIAN_POINT('',(-0.0119797133576221,-0.0316837909308407,0.0440681325638319));
#14119=CARTESIAN_POINT('',(-0.0125196574907371,-0.0316837909308407,0.0411344325087505));
#14120=CARTESIAN_POINT('',(-0.0125196574907371,-0.0316837909308407,0.0405675237908136));
#14121=CARTESIAN_POINT('',(-0.0125196574907371,-0.0316837909308407,0.0405675237908136));
#14122=CARTESIAN_POINT('',(-0.0125196574907371,-0.0316837909308407,0.0411344325087505));
#14123=CARTESIAN_POINT('',(-0.0117984570483951,-0.0316837909308409,0.0437429413642487));
#14124=CARTESIAN_POINT('',(-0.0117938346944331,-0.0316837909308407,0.0404865906740328));
#14125=CARTESIAN_POINT('',(-0.0117938346944331,-0.0316837909308407,0.0404865906740328));
#14126=CARTESIAN_POINT('',(-0.0117984570483951,-0.0316837909308407,0.0437429413642487));
#14127=CARTESIAN_POINT('',(-0.0104749066999096,-0.0316837909308407,0.0408944910884847));
#14128=CARTESIAN_POINT('',(-0.0104749066999096,-0.0306837909308407,0.0408944910884847));
#14129=CARTESIAN_POINT('',(-0.0108513148029516,-0.0316837909308407,0.0406225574788501));
#14130=CARTESIAN_POINT('',(-0.0108513148029516,-0.0306837909308407,0.0406225574788501));
#14131=CARTESIAN_POINT('',(-0.0112909574677927,-0.0316837909308407,0.0404865906740328));
#14132=CARTESIAN_POINT('',(-0.0112909574677927,-0.0306837909308407,0.0404865906740328));
#14133=CARTESIAN_POINT('',(-0.0117938346944331,-0.0316837909308407,0.0404865906740328));
#14134=CARTESIAN_POINT('',(-0.0117938346944331,-0.0306837909308407,0.0404865906740328));
#14135=CARTESIAN_POINT('',(-0.0104749066999096,-0.0316837909308407,0.0408944910884847));
#14136=CARTESIAN_POINT('',(-0.0104749066999096,-0.0316837909308407,0.0408944910884847));
#14137=CARTESIAN_POINT('',(-0.0104749066999096,-0.0316837909308407,0.0408944910884847));
#14138=CARTESIAN_POINT('',(-0.0110395188544726,-0.0316837909308407,0.0404865906740328));
#14139=CARTESIAN_POINT('',(-0.0117938346944331,-0.0316837909308407,0.0404865906740328));
#14140=CARTESIAN_POINT('',(-0.00960436923450787,-0.0316837909308407,0.0421226912334701));
#14141=CARTESIAN_POINT('',(-0.00960436923450787,-0.0306837909308407,0.0421226912334701));
#14142=CARTESIAN_POINT('',(-0.00980831944173378,-0.0316837909308407,0.0415758247464477));
#14143=CARTESIAN_POINT('',(-0.00980831944173378,-0.0306837909308407,0.0415758247464477));
#14144=CARTESIAN_POINT('',(-0.0100984985968677,-0.0316837909308407,0.0411664246981192));
#14145=CARTESIAN_POINT('',(-0.0100984985968677,-0.0306837909308407,0.0411664246981192));
#14146=CARTESIAN_POINT('',(-0.0104749066999096,-0.0316837909308407,0.0408944910884847));
#14147=CARTESIAN_POINT('',(-0.0104749066999096,-0.0306837909308407,0.0408944910884847));
#14148=CARTESIAN_POINT('',(-0.00960436923450787,-0.0316837909308407,0.0421226912334701));
#14149=CARTESIAN_POINT('',(-0.00960436923450787,-0.0316837909308407,0.0421226912334701));
#14150=CARTESIAN_POINT('',(-0.00960436923450787,-0.0316837909308407,0.0421226912334701));
#14151=CARTESIAN_POINT('',(-0.00991029454534673,-0.0316837909308407,0.0413023915029365));
#14152=CARTESIAN_POINT('',(-0.0104749066999096,-0.0316837909308407,0.0408944910884847));
#14153=CARTESIAN_POINT('',(-0.00849613979965529,-0.0316837909308407,0.0450777197874309));
#14154=CARTESIAN_POINT('',(-0.00738791036480272,-0.0316837909308407,0.0480327483413916));
#14155=CARTESIAN_POINT('',(-0.00738791036480272,-0.0316837909308407,0.0480327483413916));
#14156=CARTESIAN_POINT('',(-0.00849613979965529,-0.0316837909308407,0.0450777197874309));
#14157=CARTESIAN_POINT('',(-0.00815422327577656,-0.0316837909308407,0.0480327483413916));
#14158=CARTESIAN_POINT('',(-0.00892053618675039,-0.0316837909308407,0.0480327483413916));
#14159=CARTESIAN_POINT('',(-0.00892053618675039,-0.0316837909308407,0.0480327483413916));
#14160=CARTESIAN_POINT('',(-0.00815422327577656,-0.0316837909308407,0.0480327483413916));
#14161=CARTESIAN_POINT('',(-0.00940566774585026,-0.0316837909308407,0.0465586082406338));
#14162=CARTESIAN_POINT('',(-0.00989079930495014,-0.0316837909308407,0.0450844681398759));
#14163=CARTESIAN_POINT('',(-0.00989095459079574,-0.0316837909308407,0.0450845219914713));
#14164=CARTESIAN_POINT('',(-0.00940566774585026,-0.0316837909308407,0.0465586082406338));
#14165=CARTESIAN_POINT('',(-0.00612189498960253,-0.0316837909308409,0.0437774494003399));
#14166=CARTESIAN_POINT('',(-0.0100913993438355,-0.0316837909308407,0.0441756900106192));
#14167=CARTESIAN_POINT('',(-0.0100913993438355,-0.0316837909308407,0.0441756900106192));
#14168=CARTESIAN_POINT('',(-0.00612189498960253,-0.0316837909308407,0.0437774494003399));
#14169=CARTESIAN_POINT('',(-0.010105996766251,-0.0316837909308407,0.0441756900106192));
#14170=CARTESIAN_POINT('',(-0.0101202432880793,-0.0316837909308407,0.0441756900106192));
#14171=CARTESIAN_POINT('',(-0.0101202432880793,-0.0316837909308407,0.0441756900106192));
#14172=CARTESIAN_POINT('',(-0.010105996766251,-0.0316837909308407,0.0441756900106192));
#14173=CARTESIAN_POINT('',(-0.010294200817772,-0.0316837909308407,0.0450844681398759));
#14174=CARTESIAN_POINT('',(-0.010294200817772,-0.0306837909308407,0.0450844681398759));
#14175=CARTESIAN_POINT('',(-0.0102092215647612,-0.0316837909308407,0.0448285306249257));
#14176=CARTESIAN_POINT('',(-0.0102092215647612,-0.0306837909308407,0.0448285306249257));
#14177=CARTESIAN_POINT('',(-0.0101512357215303,-0.0316837909308407,0.0445256045818402));
#14178=CARTESIAN_POINT('',(-0.0101512357215303,-0.0306837909308407,0.0445256045818402));
#14179=CARTESIAN_POINT('',(-0.0101202432880793,-0.0316837909308407,0.0441756900106192));
#14180=CARTESIAN_POINT('',(-0.0101202432880793,-0.0306837909308407,0.0441756900106192));
#14181=CARTESIAN_POINT('',(-0.010294200817772,-0.0316837909308407,0.0450844681398759));
#14182=CARTESIAN_POINT('',(-0.010294200817772,-0.0316837909308407,0.0450844681398759));
#14183=CARTESIAN_POINT('',(-0.010294200817772,-0.0316837909308407,0.0450844681398759));
#14184=CARTESIAN_POINT('',(-0.0101667319382558,-0.0316837909308407,0.0447005618674506));
#14185=CARTESIAN_POINT('',(-0.0101202432880793,-0.0316837909308407,0.0441756900106192));
#14186=CARTESIAN_POINT('',(-0.0107883301801318,-0.0316837909308407,0.0465586082406338));
#14187=CARTESIAN_POINT('',(-0.0107883301801318,-0.0316837909308407,0.0465586082406338));
#14188=CARTESIAN_POINT('',(0.,-0.0316837909308407,0.032));
#14189=CARTESIAN_POINT('',(-0.015715377281902,-0.0316837909308407,0.0469875035293588));
#14190=CARTESIAN_POINT('',(-0.015715377281902,-0.0306837909308407,0.0469875035293588));
#14191=CARTESIAN_POINT('',(-0.016069290876794,-0.0316837909308407,0.0469875035293588));
#14192=CARTESIAN_POINT('',(-0.016069290876794,-0.0306837909308407,0.0469875035293588));
#14193=CARTESIAN_POINT('',(-0.0163274778425591,-0.0316837909308407,0.0468790300122803));
#14194=CARTESIAN_POINT('',(-0.0163274778425591,-0.0306837909308407,0.0468790300122803));
#14195=CARTESIAN_POINT('',(-0.0164899381791974,-0.0316837909308407,0.0466620829781234));
#14196=CARTESIAN_POINT('',(-0.0164899381791974,-0.0306837909308407,0.0466620829781234));
#14197=CARTESIAN_POINT('',(-0.015715377281902,-0.0306837909308407,0.0469875035293588));
#14198=CARTESIAN_POINT('',(-0.01624624767424,-0.0306837909308407,0.0469875035293588));
#14199=CARTESIAN_POINT('',(-0.0164899381791974,-0.0306837909308407,0.0466620829781234));
#14200=CARTESIAN_POINT('',(-0.015715377281902,-0.0306837909308407,0.0469875035293588));
#14201=CARTESIAN_POINT('',(-0.0164899381791974,-0.0306837909308407,0.0466620829781234));
#14202=CARTESIAN_POINT('',(-0.015715377281902,-0.0316837909308407,0.0469875035293588));
#14203=CARTESIAN_POINT('',(-0.015715377281902,-0.0316837909308407,0.0469875035293588));
#14204=CARTESIAN_POINT('',(-0.015715377281902,-0.0316837909308407,0.0469875035293588));
#14205=CARTESIAN_POINT('',(-0.01624624767424,-0.0316837909308407,0.0469875035293588));
#14206=CARTESIAN_POINT('',(-0.0164899381791974,-0.0316837909308407,0.0466620829781234));
#14207=CARTESIAN_POINT('',(-0.0164899381791974,-0.0316837909308407,0.0466620829781234));
#14208=CARTESIAN_POINT('',(-0.0164899381791974,-0.0316837909308407,0.0466620829781234));
#14209=CARTESIAN_POINT('',(-0.0149985522888579,-0.0316837909308407,0.0466005979891803));
#14210=CARTESIAN_POINT('',(-0.0149985522888579,-0.0306837909308407,0.0466005979891803));
#14211=CARTESIAN_POINT('',(-0.0151735095744684,-0.0316837909308407,0.046858535015966));
#14212=CARTESIAN_POINT('',(-0.0151735095744684,-0.0306837909308407,0.046858535015966));
#14213=CARTESIAN_POINT('',(-0.0154124512388164,-0.0316837909308407,0.0469875035293588));
#14214=CARTESIAN_POINT('',(-0.0154124512388164,-0.0306837909308407,0.0469875035293588));
#14215=CARTESIAN_POINT('',(-0.015715377281902,-0.0316837909308407,0.0469875035293588));
#14216=CARTESIAN_POINT('',(-0.015715377281902,-0.0306837909308407,0.0469875035293588));
#14217=CARTESIAN_POINT('',(-0.0149985522888579,-0.0306837909308407,0.0466005979891803));
#14218=CARTESIAN_POINT('',(-0.0152609882172737,-0.0306837909308407,0.0469875035293588));
#14219=CARTESIAN_POINT('',(-0.015715377281902,-0.0306837909308407,0.0469875035293588));
#14220=CARTESIAN_POINT('',(-0.0149985522888579,-0.0306837909308407,0.0466005979891803));
#14221=CARTESIAN_POINT('',(-0.0149985522888579,-0.0316837909308407,0.0466005979891803));
#14222=CARTESIAN_POINT('',(-0.0149985522888579,-0.0316837909308407,0.0466005979891803));
#14223=CARTESIAN_POINT('',(-0.0149985522888579,-0.0316837909308407,0.0466005979891803));
#14224=CARTESIAN_POINT('',(-0.0152609882172737,-0.0316837909308407,0.0469875035293588));
#14225=CARTESIAN_POINT('',(-0.015715377281902,-0.0316837909308407,0.0469875035293588));
#14226=CARTESIAN_POINT('',(-0.0147361163604422,-0.0316837909308407,0.0454413810025212));
#14227=CARTESIAN_POINT('',(-0.0147361163604422,-0.0306837909308407,0.0454413810025212));
#14228=CARTESIAN_POINT('',(-0.0147361163604422,-0.0316837909308407,0.0459562553001749));
#14229=CARTESIAN_POINT('',(-0.0147361163604422,-0.0306837909308407,0.0459562553001749));
#14230=CARTESIAN_POINT('',(-0.0148235950032475,-0.0316837909308407,0.0463426609623946));
#14231=CARTESIAN_POINT('',(-0.0148235950032475,-0.0306837909308407,0.0463426609623946));
#14232=CARTESIAN_POINT('',(-0.0149985522888579,-0.0316837909308407,0.0466005979891803));
#14233=CARTESIAN_POINT('',(-0.0149985522888579,-0.0306837909308407,0.0466005979891803));
#14234=CARTESIAN_POINT('',(-0.0147361163604422,-0.0306837909308407,0.0454413810025212));
#14235=CARTESIAN_POINT('',(-0.0147361163604422,-0.0306837909308407,0.0462136924490017));
#14236=CARTESIAN_POINT('',(-0.0149985522888579,-0.0306837909308407,0.0466005979891803));
#14237=CARTESIAN_POINT('',(-0.0147361163604422,-0.0306837909308407,0.0454413810025212));
#14238=CARTESIAN_POINT('',(-0.0147361163604422,-0.0316837909308407,0.0454413810025212));
#14239=CARTESIAN_POINT('',(-0.0147361163604422,-0.0316837909308407,0.0454413810025212));
#14240=CARTESIAN_POINT('',(-0.0147361163604422,-0.0316837909308407,0.0454413810025212));
#14241=CARTESIAN_POINT('',(-0.0147361163604422,-0.0316837909308407,0.0462136924490017));
#14242=CARTESIAN_POINT('',(-0.0149985522888579,-0.0316837909308407,0.0466005979891803));
#14243=CARTESIAN_POINT('',(-0.0149963028380429,-0.0316837909308407,0.0442619189585273));
#14244=CARTESIAN_POINT('',(-0.0149963028380429,-0.0306837909308407,0.0442619189585273));
#14245=CARTESIAN_POINT('',(-0.0148228451863091,-0.0316837909308407,0.0445323529342851));
#14246=CARTESIAN_POINT('',(-0.0148228451863091,-0.0306837909308407,0.0445323529342851));
#14247=CARTESIAN_POINT('',(-0.0147361163604422,-0.0316837909308407,0.0449255069489498));
#14248=CARTESIAN_POINT('',(-0.0147361163604422,-0.0306837909308407,0.0449255069489498));
#14249=CARTESIAN_POINT('',(-0.0147361163604422,-0.0316837909308407,0.0454413810025212));
#14250=CARTESIAN_POINT('',(-0.0147361163604422,-0.0306837909308407,0.0454413810025212));
#14251=CARTESIAN_POINT('',(-0.0149963028380429,-0.0306837909308407,0.0442619189585273));
#14252=CARTESIAN_POINT('',(-0.0147361163604422,-0.0306837909308407,0.0446675699221641));
#14253=CARTESIAN_POINT('',(-0.0147361163604422,-0.0306837909308407,0.0454413810025212));
#14254=CARTESIAN_POINT('',(-0.0149963028380429,-0.0306837909308407,0.0442619189585273));
#14255=CARTESIAN_POINT('',(-0.0149963028380429,-0.0316837909308407,0.0442619189585273));
#14256=CARTESIAN_POINT('',(-0.0149963028380429,-0.0316837909308407,0.0442619189585273));
#14257=CARTESIAN_POINT('',(-0.0149963028380429,-0.0316837909308407,0.0442619189585273));
#14258=CARTESIAN_POINT('',(-0.0147361163604422,-0.0316837909308407,0.0446675699221641));
#14259=CARTESIAN_POINT('',(-0.0147361163604422,-0.0316837909308407,0.0454413810025212));
#14260=CARTESIAN_POINT('',(-0.015697381675382,-0.0316837909308407,0.0438562679948904));
#14261=CARTESIAN_POINT('',(-0.015697381675382,-0.0306837909308407,0.0438562679948904));
#14262=CARTESIAN_POINT('',(-0.0154034534355564,-0.0316837909308407,0.0438562679948904));
#14263=CARTESIAN_POINT('',(-0.0154034534355564,-0.0306837909308407,0.0438562679948904));
#14264=CARTESIAN_POINT('',(-0.0151697604897767,-0.0316837909308407,0.0439914849827694));
#14265=CARTESIAN_POINT('',(-0.0151697604897767,-0.0306837909308407,0.0439914849827694));
#14266=CARTESIAN_POINT('',(-0.0149963028380429,-0.0316837909308407,0.0442619189585273));
#14267=CARTESIAN_POINT('',(-0.0149963028380429,-0.0306837909308407,0.0442619189585273));
#14268=CARTESIAN_POINT('',(-0.015697381675382,-0.0306837909308407,0.0438562679948904));
#14269=CARTESIAN_POINT('',(-0.0152564893156436,-0.0306837909308407,0.0438562679948904));
#14270=CARTESIAN_POINT('',(-0.0149963028380429,-0.0306837909308407,0.0442619189585273));
#14271=CARTESIAN_POINT('',(-0.015697381675382,-0.0306837909308407,0.0438562679948904));
#14272=CARTESIAN_POINT('',(-0.015697381675382,-0.0316837909308407,0.0438562679948904));
#14273=CARTESIAN_POINT('',(-0.015697381675382,-0.0316837909308407,0.0438562679948904));
#14274=CARTESIAN_POINT('',(-0.015697381675382,-0.0316837909308407,0.0438562679948904));
#14275=CARTESIAN_POINT('',(-0.0152564893156436,-0.0316837909308407,0.0438562679948904));
#14276=CARTESIAN_POINT('',(-0.0149963028380429,-0.0316837909308407,0.0442619189585273));
#14277=CARTESIAN_POINT('',(-0.0164914378130741,-0.0316837909308407,0.0442221786607958));
#14278=CARTESIAN_POINT('',(-0.0164914378130741,-0.0306837909308407,0.0442221786607958));
#14279=CARTESIAN_POINT('',(-0.0163239786968469,-0.0316837909308407,0.0439782382168588));
#14280=CARTESIAN_POINT('',(-0.0163239786968469,-0.0306837909308407,0.0439782382168588));
#14281=CARTESIAN_POINT('',(-0.0160592933176162,-0.0316837909308407,0.0438562679948904));
#14282=CARTESIAN_POINT('',(-0.0160592933176162,-0.0306837909308407,0.0438562679948904));
#14283=CARTESIAN_POINT('',(-0.015697381675382,-0.0316837909308407,0.0438562679948904));
#14284=CARTESIAN_POINT('',(-0.015697381675382,-0.0306837909308407,0.0438562679948904));
#14285=CARTESIAN_POINT('',(-0.0164914378130741,-0.0306837909308407,0.0442221786607958));
#14286=CARTESIAN_POINT('',(-0.0162402491387333,-0.0306837909308407,0.0438562679948904));
#14287=CARTESIAN_POINT('',(-0.015697381675382,-0.0306837909308407,0.0438562679948904));
#14288=CARTESIAN_POINT('',(-0.0164914378130741,-0.0306837909308407,0.0442221786607958));
#14289=CARTESIAN_POINT('',(-0.0164914378130741,-0.0316837909308407,0.0442221786607958));
#14290=CARTESIAN_POINT('',(-0.0164914378130741,-0.0316837909308407,0.0442221786607958));
#14291=CARTESIAN_POINT('',(-0.0164914378130741,-0.0316837909308407,0.0442221786607958));
#14292=CARTESIAN_POINT('',(-0.0162402491387333,-0.0316837909308407,0.0438562679948904));
#14293=CARTESIAN_POINT('',(-0.015697381675382,-0.0316837909308407,0.0438562679948904));
#14294=CARTESIAN_POINT('',(-0.0167426264874149,-0.0316837909308407,0.0454308835653846));
#14295=CARTESIAN_POINT('',(-0.0167426264874149,-0.0306837909308407,0.0454308835653846));
#14296=CARTESIAN_POINT('',(-0.0167426264874149,-0.0316837909308407,0.0448690207395956));
#14297=CARTESIAN_POINT('',(-0.0167426264874149,-0.0306837909308407,0.0448690207395956));
#14298=CARTESIAN_POINT('',(-0.0166588969293013,-0.0316837909308407,0.0444661191047326));
#14299=CARTESIAN_POINT('',(-0.0166588969293013,-0.0306837909308407,0.0444661191047326));
#14300=CARTESIAN_POINT('',(-0.0164914378130741,-0.0316837909308407,0.0442221786607958));
#14301=CARTESIAN_POINT('',(-0.0164914378130741,-0.0306837909308407,0.0442221786607958));
#14302=CARTESIAN_POINT('',(-0.0167426264874149,-0.0306837909308407,0.0454308835653846));
#14303=CARTESIAN_POINT('',(-0.0167426264874149,-0.0306837909308407,0.0445880893267011));
#14304=CARTESIAN_POINT('',(-0.0164914378130741,-0.0306837909308407,0.0442221786607958));
#14305=CARTESIAN_POINT('',(-0.0167426264874149,-0.0306837909308407,0.0454308835653846));
#14306=CARTESIAN_POINT('',(-0.0167426264874149,-0.0316837909308407,0.0454308835653846));
#14307=CARTESIAN_POINT('',(-0.0167426264874149,-0.0316837909308407,0.0454308835653846));
#14308=CARTESIAN_POINT('',(-0.0167426264874149,-0.0316837909308407,0.0454308835653846));
#14309=CARTESIAN_POINT('',(-0.0167426264874149,-0.0316837909308407,0.0445880893267011));
#14310=CARTESIAN_POINT('',(-0.0164914378130741,-0.0316837909308407,0.0442221786607958));
#14311=CARTESIAN_POINT('',(-0.0167426264874149,-0.0316837909308407,0.045508864526971));
#14312=CARTESIAN_POINT('',(-0.0167426264874149,-0.0306837909308407,0.045508864526971));
#14313=CARTESIAN_POINT('',(-0.0167426264874149,-0.0306837909308407,0.0455868454885574));
#14314=CARTESIAN_POINT('',(-0.0167426264874149,-0.0316837909308407,0.0455868454885574));
#14315=CARTESIAN_POINT('',(-0.0167426264874149,-0.0316837909308407,0.0455868454885574));
#14316=CARTESIAN_POINT('',(-0.0167426264874149,-0.0316837909308407,0.045508864526971));
#14317=CARTESIAN_POINT('',(-0.0152564893156436,-0.0316837909308407,0.0481302245433746));
#14318=CARTESIAN_POINT('',(-0.0152564893156436,-0.0306837909308407,0.0481302245433746));
#14319=CARTESIAN_POINT('',(-0.0146376404025415,-0.0316837909308407,0.0481302245433746));
#14320=CARTESIAN_POINT('',(-0.0146376404025415,-0.0306837909308407,0.0481302245433746));
#14321=CARTESIAN_POINT('',(-0.0141532586603799,-0.0316837909308407,0.0478890334282116));
#14322=CARTESIAN_POINT('',(-0.0141532586603799,-0.0306837909308407,0.0478890334282116));
#14323=CARTESIAN_POINT('',(-0.013803344089159,-0.0316837909308407,0.0474066511978856));
#14324=CARTESIAN_POINT('',(-0.013803344089159,-0.0306837909308407,0.0474066511978856));
#14325=CARTESIAN_POINT('',(-0.0152564893156436,-0.0316837909308407,0.0481302245433746));
#14326=CARTESIAN_POINT('',(-0.0152564893156436,-0.0316837909308407,0.0481302245433746));
#14327=CARTESIAN_POINT('',(-0.0152564893156436,-0.0316837909308407,0.0481302245433746));
#14328=CARTESIAN_POINT('',(-0.0143282159459904,-0.0316837909308407,0.0481302245433746));
#14329=CARTESIAN_POINT('',(-0.013803344089159,-0.0316837909308407,0.0474066511978856));
#14330=CARTESIAN_POINT('',(-0.013803344089159,-0.0316837909308407,0.0474066511978856));
#14331=CARTESIAN_POINT('',(-0.013803344089159,-0.0316837909308407,0.0474066511978856));
#14332=CARTESIAN_POINT('',(-0.0167426264874149,-0.0316837909308407,0.0473534141952642));
#14333=CARTESIAN_POINT('',(-0.0167426264874149,-0.0306837909308407,0.0473534141952642));
#14334=CARTESIAN_POINT('',(-0.0164077082549605,-0.0316837909308407,0.0478712877606711));
#14335=CARTESIAN_POINT('',(-0.0164077082549605,-0.0306837909308407,0.0478712877606711));
#14336=CARTESIAN_POINT('',(-0.0159123291977035,-0.0316837909308407,0.0481302245433746));
#14337=CARTESIAN_POINT('',(-0.0159123291977035,-0.0306837909308407,0.0481302245433746));
#14338=CARTESIAN_POINT('',(-0.0152564893156436,-0.0316837909308407,0.0481302245433746));
#14339=CARTESIAN_POINT('',(-0.0152564893156436,-0.0306837909308407,0.0481302245433746));
#14340=CARTESIAN_POINT('',(-0.0167426264874149,-0.0316837909308407,0.0473534141952642));
#14341=CARTESIAN_POINT('',(-0.0167426264874149,-0.0316837909308407,0.0473534141952642));
#14342=CARTESIAN_POINT('',(-0.0167426264874149,-0.0316837909308407,0.0473534141952642));
#14343=CARTESIAN_POINT('',(-0.0162402491387333,-0.0316837909308407,0.0481302245433746));
#14344=CARTESIAN_POINT('',(-0.0152564893156436,-0.0316837909308407,0.0481302245433746));
#14345=CARTESIAN_POINT('',(-0.0167703697141331,-0.0316837909308407,0.0473534141952642));
#14346=CARTESIAN_POINT('',(-0.0167981129408513,-0.0316837909308407,0.0473534141952642));
#14347=CARTESIAN_POINT('',(-0.0167981129408513,-0.0316837909308407,0.0473534141952642));
#14348=CARTESIAN_POINT('',(-0.0167703697141331,-0.0316837909308407,0.0473534141952642));
#14349=CARTESIAN_POINT('',(-0.0167426264874149,-0.0316837909308407,0.0483881615701603));
#14350=CARTESIAN_POINT('',(-0.0167426264874149,-0.0306837909308407,0.0483881615701603));
#14351=CARTESIAN_POINT('',(-0.0167426264874149,-0.0316837909308407,0.0481732140478389));
#14352=CARTESIAN_POINT('',(-0.0167426264874149,-0.0306837909308407,0.0481732140478389));
#14353=CARTESIAN_POINT('',(-0.0167611219718937,-0.0316837909308407,0.0478282982562069));
#14354=CARTESIAN_POINT('',(-0.0167611219718937,-0.0306837909308407,0.0478282982562069));
#14355=CARTESIAN_POINT('',(-0.0167981129408513,-0.0316837909308407,0.0473534141952642));
#14356=CARTESIAN_POINT('',(-0.0167981129408513,-0.0306837909308407,0.0473534141952642));
#14357=CARTESIAN_POINT('',(-0.0167426264874149,-0.0316837909308407,0.0483881615701603));
#14358=CARTESIAN_POINT('',(-0.0167426264874149,-0.0316837909308407,0.0483881615701603));
#14359=CARTESIAN_POINT('',(-0.0167426264874149,-0.0316837909308407,0.0483881615701603));
#14360=CARTESIAN_POINT('',(-0.0167426264874149,-0.0316837909308407,0.0480657402866782));
#14361=CARTESIAN_POINT('',(-0.0167981129408513,-0.0316837909308407,0.0473534141952642));
#14362=CARTESIAN_POINT('',(-0.0167426264874149,-0.0316837909308407,0.0492369543443505));
#14363=CARTESIAN_POINT('',(-0.0167426264874149,-0.0316837909308407,0.0500857471185407));
#14364=CARTESIAN_POINT('',(-0.0167426264874149,-0.0316837909308407,0.0500857471185407));
#14365=CARTESIAN_POINT('',(-0.0167426264874149,-0.0316837909308407,0.0492369543443505));
#14366=CARTESIAN_POINT('',(-0.0174572020296439,-0.0316837909308407,0.0500857471185407));
#14367=CARTESIAN_POINT('',(-0.0181717775718729,-0.0316837909308407,0.0500857471185407));
#14368=CARTESIAN_POINT('',(-0.0181717775718729,-0.0316837909308407,0.0500857471185407));
#14369=CARTESIAN_POINT('',(-0.0174572020296439,-0.0316837909308407,0.0500857471185407));
#14370=CARTESIAN_POINT('',(-0.0181717775718729,-0.0316837909308407,0.0464393873474392));
#14371=CARTESIAN_POINT('',(-0.0181717775718729,-0.0316837909308407,0.0427930275763376));
#14372=CARTESIAN_POINT('',(-0.0181717775718729,-0.0316837909308407,0.0427930275763376));
#14373=CARTESIAN_POINT('',(-0.0181717775718729,-0.0316837909308407,0.0464393873474392));
#14374=CARTESIAN_POINT('',(-0.0176259108407683,-0.0316837909308407,0.0427930275763376));
#14375=CARTESIAN_POINT('',(-0.0170800441096636,-0.0316837909308407,0.0427930275763376));
#14376=CARTESIAN_POINT('',(-0.0170800441096636,-0.0316837909308407,0.0427930275763376));
#14377=CARTESIAN_POINT('',(-0.0176259108407683,-0.0316837909308407,0.0427930275763376));
#14378=CARTESIAN_POINT('',(-0.0169600733995307,-0.0316837909308407,0.0430809572806566));
#14379=CARTESIAN_POINT('',(-0.0168401026893978,-0.0316837909308407,0.0433688869849755));
#14380=CARTESIAN_POINT('',(-0.0168401026893978,-0.0316837909308407,0.0433688869849755));
#14381=CARTESIAN_POINT('',(-0.0169600733995307,-0.0316837909308407,0.0430809572806566));
#14382=CARTESIAN_POINT('',(-0.0167913645884063,-0.0316837909308407,0.0433688869849755));
#14383=CARTESIAN_POINT('',(-0.0167426264874149,-0.0316837909308407,0.0433688869849755));
#14384=CARTESIAN_POINT('',(-0.0167426264874149,-0.0316837909308407,0.0433688869849755));
#14385=CARTESIAN_POINT('',(-0.0167913645884063,-0.0316837909308407,0.0433688869849755));
#14386=CARTESIAN_POINT('',(-0.0152939801625602,-0.0316837909308407,0.042698550642108));
#14387=CARTESIAN_POINT('',(-0.0152939801625602,-0.0306837909308407,0.042698550642108));
#14388=CARTESIAN_POINT('',(-0.015909829807909,-0.0316837909308407,0.042698550642108));
#14389=CARTESIAN_POINT('',(-0.015909829807909,-0.0306837909308407,0.042698550642108));
#14390=CARTESIAN_POINT('',(-0.0163927119161939,-0.0316837909308407,0.0429219960897305));
#14391=CARTESIAN_POINT('',(-0.0163927119161939,-0.0306837909308407,0.0429219960897305));
#14392=CARTESIAN_POINT('',(-0.0167426264874149,-0.0316837909308407,0.0433688869849755));
#14393=CARTESIAN_POINT('',(-0.0167426264874149,-0.0306837909308407,0.0433688869849755));
#14394=CARTESIAN_POINT('',(-0.0152939801625602,-0.0316837909308407,0.042698550642108));
#14395=CARTESIAN_POINT('',(-0.0152939801625602,-0.0316837909308407,0.042698550642108));
#14396=CARTESIAN_POINT('',(-0.0152939801625602,-0.0316837909308407,0.042698550642108));
#14397=CARTESIAN_POINT('',(-0.0162177546305835,-0.0316837909308407,0.042698550642108));
#14398=CARTESIAN_POINT('',(-0.0167426264874149,-0.0316837909308407,0.0433688869849755));
#14399=CARTESIAN_POINT('',(-0.0138198400618023,-0.0316837909308407,0.0434116265504604));
#14400=CARTESIAN_POINT('',(-0.0138198400618023,-0.0306837909308407,0.0434116265504604));
#14401=CARTESIAN_POINT('',(-0.0141807519481187,-0.0316837909308407,0.0429362426115588));
#14402=CARTESIAN_POINT('',(-0.0141807519481187,-0.0306837909308407,0.0429362426115588));
#14403=CARTESIAN_POINT('',(-0.0146721319817047,-0.0316837909308407,0.042698550642108));
#14404=CARTESIAN_POINT('',(-0.0146721319817047,-0.0306837909308407,0.042698550642108));
#14405=CARTESIAN_POINT('',(-0.0152939801625602,-0.0316837909308407,0.042698550642108));
#14406=CARTESIAN_POINT('',(-0.0152939801625602,-0.0306837909308407,0.042698550642108));
#14407=CARTESIAN_POINT('',(-0.0138198400618023,-0.0316837909308407,0.0434116265504604));
#14408=CARTESIAN_POINT('',(-0.0138198400618023,-0.0316837909308407,0.0434116265504604));
#14409=CARTESIAN_POINT('',(-0.0138198400618023,-0.0316837909308407,0.0434116265504604));
#14410=CARTESIAN_POINT('',(-0.014361207891277,-0.0316837909308407,0.042698550642108));
#14411=CARTESIAN_POINT('',(-0.0152939801625602,-0.0316837909308407,0.042698550642108));
#14412=CARTESIAN_POINT('',(-0.0132784722323276,-0.0316837909308407,0.0454218857621246));
#14413=CARTESIAN_POINT('',(-0.0132784722323276,-0.0306837909308407,0.0454218857621246));
#14414=CARTESIAN_POINT('',(-0.0132784722323276,-0.0316837909308407,0.04455709689325));
#14415=CARTESIAN_POINT('',(-0.0132784722323276,-0.0306837909308407,0.04455709689325));
#14416=CARTESIAN_POINT('',(-0.0134589281754858,-0.0316837909308407,0.043887010489362));
#14417=CARTESIAN_POINT('',(-0.0134589281754858,-0.0306837909308407,0.043887010489362));
#14418=CARTESIAN_POINT('',(-0.0138198400618023,-0.0316837909308407,0.0434116265504604));
#14419=CARTESIAN_POINT('',(-0.0138198400618023,-0.0306837909308407,0.0434116265504604));
#14420=CARTESIAN_POINT('',(-0.0132784722323276,-0.0316837909308407,0.0454218857621246));
#14421=CARTESIAN_POINT('',(-0.0132784722323276,-0.0316837909308407,0.0454218857621246));
#14422=CARTESIAN_POINT('',(-0.0132784722323276,-0.0316837909308407,0.0454218857621246));
#14423=CARTESIAN_POINT('',(-0.0132784722323276,-0.0316837909308407,0.0441247024588128));
#14424=CARTESIAN_POINT('',(-0.0138198400618023,-0.0316837909308407,0.0434116265504604));
#14425=CARTESIAN_POINT('',(-0.013803344089159,-0.0316837909308407,0.0474066511978856));
#14426=CARTESIAN_POINT('',(-0.013803344089159,-0.0306837909308407,0.0474066511978856));
#14427=CARTESIAN_POINT('',(-0.0134534295179381,-0.0316837909308407,0.0469242689675596));
#14428=CARTESIAN_POINT('',(-0.0134534295179381,-0.0306837909308407,0.0469242689675596));
#14429=CARTESIAN_POINT('',(-0.0132784722323276,-0.0316837909308407,0.0462626804889726));
#14430=CARTESIAN_POINT('',(-0.0132784722323276,-0.0306837909308407,0.0462626804889726));
#14431=CARTESIAN_POINT('',(-0.0132784722323276,-0.0316837909308407,0.0454218857621246));
#14432=CARTESIAN_POINT('',(-0.0132784722323276,-0.0306837909308407,0.0454218857621246));
#14433=CARTESIAN_POINT('',(-0.013803344089159,-0.0316837909308407,0.0474066511978856));
#14434=CARTESIAN_POINT('',(-0.0132784722323276,-0.0316837909308407,0.0466830778523966));
#14435=CARTESIAN_POINT('',(-0.0132784722323276,-0.0316837909308407,0.0454218857621246));
#14436=CARTESIAN_POINT('',(-0.0164899381791974,-0.0316837909308407,0.0466620829781234));
#14437=CARTESIAN_POINT('',(-0.0164899381791974,-0.0306837909308407,0.0466620829781234));
#14438=CARTESIAN_POINT('',(-0.0166523985158357,-0.0316837909308407,0.0464451359439664));
#14439=CARTESIAN_POINT('',(-0.0166523985158357,-0.0306837909308407,0.0464451359439664));
#14440=CARTESIAN_POINT('',(-0.0167366279519082,-0.0316837909308407,0.0460867234474444));
#14441=CARTESIAN_POINT('',(-0.0167366279519082,-0.0306837909308407,0.0460867234474444));
#14442=CARTESIAN_POINT('',(-0.0167426264874149,-0.0316837909308407,0.0455868454885574));
#14443=CARTESIAN_POINT('',(-0.0167426264874149,-0.0306837909308407,0.0455868454885574));
#14444=CARTESIAN_POINT('',(-0.0164899381791974,-0.0306837909308407,0.0466620829781234));
#14445=CARTESIAN_POINT('',(-0.0167336286841549,-0.0306837909308407,0.0463366624268879));
#14446=CARTESIAN_POINT('',(-0.0167426264874149,-0.0306837909308407,0.0455868454885574));
#14447=CARTESIAN_POINT('',(-0.0164899381791974,-0.0316837909308407,0.0466620829781234));
#14448=CARTESIAN_POINT('',(-0.0167336286841549,-0.0316837909308407,0.0463366624268879));
#14449=CARTESIAN_POINT('',(-0.0167426264874149,-0.0316837909308407,0.0455868454885574));
#14450=CARTESIAN_POINT('',(0.,-0.0316837909308407,0.032));
#14451=CARTESIAN_POINT('',(0.,-0.0306837909308407,0.023));
#14452=CARTESIAN_POINT('',(-0.0239648632374148,-0.0316837909308407,0.042698550642108));
#14453=CARTESIAN_POINT('',(-0.0239648632374148,-0.0306837909308407,0.042698550642108));
#14454=CARTESIAN_POINT('',(-0.0248076574760984,-0.0316837909308407,0.042698550642108));
#14455=CARTESIAN_POINT('',(-0.0248076574760984,-0.0306837909308407,0.042698550642108));
#14456=CARTESIAN_POINT('',(-0.0254664966259115,-0.0316837909308407,0.0429314937709494));
#14457=CARTESIAN_POINT('',(-0.0254664966259115,-0.0306837909308407,0.0429314937709494));
#14458=CARTESIAN_POINT('',(-0.0259413806868542,-0.0316837909308407,0.0433973800286321));
#14459=CARTESIAN_POINT('',(-0.0259413806868542,-0.0306837909308407,0.0433973800286321));
#14460=CARTESIAN_POINT('',(-0.0239648632374148,-0.0316837909308407,0.042698550642108));
#14461=CARTESIAN_POINT('',(-0.0239648632374148,-0.0316837909308407,0.042698550642108));
#14462=CARTESIAN_POINT('',(-0.0239648632374148,-0.0316837909308407,0.042698550642108));
#14463=CARTESIAN_POINT('',(-0.0252290545954401,-0.0316837909308407,0.042698550642108));
#14464=CARTESIAN_POINT('',(-0.0259413806868542,-0.0316837909308407,0.0433973800286321));
#14465=CARTESIAN_POINT('',(-0.0259413806868542,-0.0316837909308407,0.0433973800286321));
#14466=CARTESIAN_POINT('',(-0.0259413806868542,-0.0316837909308407,0.0433973800286321));
#14467=CARTESIAN_POINT('',(-0.022924117327012,-0.0316837909308407,0.0427900283085843));
#14468=CARTESIAN_POINT('',(-0.022924117327012,-0.0306837909308407,0.0427900283085843));
#14469=CARTESIAN_POINT('',(-0.0232080480076598,-0.0316837909308407,0.0427290431976001));
#14470=CARTESIAN_POINT('',(-0.0232080480076598,-0.0306837909308407,0.0427290431976001));
#14471=CARTESIAN_POINT('',(-0.0235549633111274,-0.0316837909308407,0.042698550642108));
#14472=CARTESIAN_POINT('',(-0.0235549633111274,-0.0306837909308407,0.042698550642108));
#14473=CARTESIAN_POINT('',(-0.0239648632374148,-0.0316837909308407,0.042698550642108));
#14474=CARTESIAN_POINT('',(-0.0239648632374148,-0.0306837909308407,0.042698550642108));
#14475=CARTESIAN_POINT('',(-0.022924117327012,-0.0316837909308407,0.0427900283085843));
#14476=CARTESIAN_POINT('',(-0.022924117327012,-0.0316837909308407,0.0427900283085843));
#14477=CARTESIAN_POINT('',(-0.022924117327012,-0.0316837909308407,0.0427900283085843));
#14478=CARTESIAN_POINT('',(-0.0233500133479837,-0.0316837909308407,0.042698550642108));
#14479=CARTESIAN_POINT('',(-0.0239648632374148,-0.0316837909308407,0.042698550642108));
#14480=CARTESIAN_POINT('',(-0.0236188807135267,-0.0316837909308409,0.0460779524112622));
#14481=CARTESIAN_POINT('',(-0.022123312836875,-0.0316837909308407,0.0430687801650073));
#14482=CARTESIAN_POINT('',(-0.022123312836875,-0.0316837909308407,0.0430687801650073));
#14483=CARTESIAN_POINT('',(-0.0236188807135267,-0.0316837909308407,0.0460779524112622));
#14484=CARTESIAN_POINT('',(-0.022123312836875,-0.0316837909308407,0.0436223251101313));
#14485=CARTESIAN_POINT('',(-0.022123312836875,-0.0316837909308407,0.0441764174120154));
#14486=CARTESIAN_POINT('',(-0.022123312836875,-0.0316837909308407,0.0441756900106192));
#14487=CARTESIAN_POINT('',(-0.022123312836875,-0.0316837909308407,0.0436223251101313));
#14488=CARTESIAN_POINT('',(-0.0240608948407741,-0.031683790930841,0.0481953957198797));
#14489=CARTESIAN_POINT('',(-0.023003597922475,-0.0316837909308407,0.0438615167134587));
#14490=CARTESIAN_POINT('',(-0.0230035181435472,-0.0316837909308407,0.0438611884440118));
#14491=CARTESIAN_POINT('',(-0.0240608948407741,-0.0316837909308407,0.0481953957198797));
#14492=CARTESIAN_POINT('',(-0.0238743549158962,-0.0316837909308409,0.0477011317131161));
#14493=CARTESIAN_POINT('',(-0.0238988793468417,-0.0316837909308407,0.0437632906945374));
#14494=CARTESIAN_POINT('',(-0.0238988793468417,-0.0316837909308407,0.0437632906945374));
#14495=CARTESIAN_POINT('',(-0.0238743549158962,-0.0316837909308407,0.0477011317131161));
#14496=CARTESIAN_POINT('',(-0.0248451483230149,-0.0316837909308407,0.0441052072184162));
#14497=CARTESIAN_POINT('',(-0.0248451483230149,-0.0306837909308407,0.0441052072184162));
#14498=CARTESIAN_POINT('',(-0.0246202032415157,-0.0316837909308407,0.0438772628691637));
#14499=CARTESIAN_POINT('',(-0.0246202032415157,-0.0306837909308407,0.0438772628691637));
#14500=CARTESIAN_POINT('',(-0.024304780249458,-0.0316837909308407,0.0437632906945374));
#14501=CARTESIAN_POINT('',(-0.024304780249458,-0.0306837909308407,0.0437632906945374));
#14502=CARTESIAN_POINT('',(-0.0238988793468417,-0.0316837909308407,0.0437632906945374));
#14503=CARTESIAN_POINT('',(-0.0238988793468417,-0.0306837909308407,0.0437632906945374));
#14504=CARTESIAN_POINT('',(-0.0248451483230149,-0.0316837909308407,0.0441052072184162));
#14505=CARTESIAN_POINT('',(-0.0248451483230149,-0.0316837909308407,0.0441052072184162));
#14506=CARTESIAN_POINT('',(-0.0248451483230149,-0.0316837909308407,0.0441052072184162));
#14507=CARTESIAN_POINT('',(-0.0245077307007662,-0.0316837909308407,0.0437632906945374));
#14508=CARTESIAN_POINT('',(-0.0238988793468417,-0.0316837909308407,0.0437632906945374));
#14509=CARTESIAN_POINT('',(-0.0252065600872903,-0.0316837909308407,0.0450559750962193));
#14510=CARTESIAN_POINT('',(-0.0252065600872903,-0.0306837909308407,0.0450559750962193));
#14511=CARTESIAN_POINT('',(-0.0251905639926058,-0.0316837909308407,0.044650074193603));
#14512=CARTESIAN_POINT('',(-0.0251905639926058,-0.0306837909308407,0.044650074193603));
#14513=CARTESIAN_POINT('',(-0.0250700934045141,-0.0316837909308407,0.0443331515676686));
#14514=CARTESIAN_POINT('',(-0.0250700934045141,-0.0306837909308407,0.0443331515676686));
#14515=CARTESIAN_POINT('',(-0.0248451483230149,-0.0316837909308407,0.0441052072184162));
#14516=CARTESIAN_POINT('',(-0.0248451483230149,-0.0306837909308407,0.0441052072184162));
#14517=CARTESIAN_POINT('',(-0.0252065600872903,-0.0316837909308407,0.0450559750962193));
#14518=CARTESIAN_POINT('',(-0.0252065600872903,-0.0316837909308407,0.0450559750962193));
#14519=CARTESIAN_POINT('',(-0.0252065600872903,-0.0316837909308407,0.0450559750962193));
#14520=CARTESIAN_POINT('',(-0.0251825659452636,-0.0316837909308407,0.0444471237422949));
#14521=CARTESIAN_POINT('',(-0.0248451483230149,-0.0316837909308407,0.0441052072184162));
#14522=CARTESIAN_POINT('',(-0.0235172225252314,-0.0316837909308407,0.0450559750962193));
#14523=CARTESIAN_POINT('',(-0.0218278849631727,-0.0316837909308407,0.0450559750962193));
#14524=CARTESIAN_POINT('',(-0.0218278849631727,-0.0316837909308407,0.0450559750962193));
#14525=CARTESIAN_POINT('',(-0.0235172225252314,-0.0316837909308407,0.0450559750962193));
#14526=CARTESIAN_POINT('',(-0.0218278849631727,-0.0316837909308407,0.0454031403386664));
#14527=CARTESIAN_POINT('',(-0.0218278849631727,-0.0316837909308407,0.0457503055811134));
#14528=CARTESIAN_POINT('',(-0.0218278849631727,-0.0316837909308407,0.0457503055811134));
#14529=CARTESIAN_POINT('',(-0.0218278849631727,-0.0316837909308407,0.0454031403386664));
#14530=CARTESIAN_POINT('',(-0.0224464839372954,-0.0316837909308407,0.047498128864362));
#14531=CARTESIAN_POINT('',(-0.0224464839372954,-0.0306837909308407,0.047498128864362));
#14532=CARTESIAN_POINT('',(-0.0220340846212136,-0.0316837909308407,0.0470767317450202));
#14533=CARTESIAN_POINT('',(-0.0220340846212136,-0.0306837909308407,0.0470767317450202));
#14534=CARTESIAN_POINT('',(-0.0218278849631727,-0.0316837909308407,0.0464941239839373));
#14535=CARTESIAN_POINT('',(-0.0218278849631727,-0.0306837909308407,0.0464941239839373));
#14536=CARTESIAN_POINT('',(-0.0218278849631727,-0.0316837909308407,0.0457503055811134));
#14537=CARTESIAN_POINT('',(-0.0218278849631727,-0.0306837909308407,0.0457503055811134));
#14538=CARTESIAN_POINT('',(-0.0224464839372954,-0.0316837909308407,0.047498128864362));
#14539=CARTESIAN_POINT('',(-0.0224464839372954,-0.0316837909308407,0.047498128864362));
#14540=CARTESIAN_POINT('',(-0.0224464839372954,-0.0316837909308407,0.047498128864362));
#14541=CARTESIAN_POINT('',(-0.0218278849631727,-0.0316837909308407,0.0468660331853493));
#14542=CARTESIAN_POINT('',(-0.0218278849631727,-0.0316837909308407,0.0457503055811134));
#14543=CARTESIAN_POINT('',(-0.0241748119801473,-0.0316837909308407,0.0481302245433746));
#14544=CARTESIAN_POINT('',(-0.0241748119801473,-0.0306837909308407,0.0481302245433746));
#14545=CARTESIAN_POINT('',(-0.0234349926009946,-0.0316837909308407,0.0481302245433746));
#14546=CARTESIAN_POINT('',(-0.0234349926009946,-0.0306837909308407,0.0481302245433746));
#14547=CARTESIAN_POINT('',(-0.0228588832533772,-0.0316837909308407,0.0479195259837037));
#14548=CARTESIAN_POINT('',(-0.0228588832533772,-0.0306837909308407,0.0479195259837037));
#14549=CARTESIAN_POINT('',(-0.0224464839372954,-0.0316837909308407,0.047498128864362));
#14550=CARTESIAN_POINT('',(-0.0224464839372954,-0.0306837909308407,0.047498128864362));
#14551=CARTESIAN_POINT('',(-0.0241748119801473,-0.0316837909308407,0.0481302245433746));
#14552=CARTESIAN_POINT('',(-0.0241748119801473,-0.0316837909308407,0.0481302245433746));
#14553=CARTESIAN_POINT('',(-0.0241748119801473,-0.0316837909308407,0.0481302245433746));
#14554=CARTESIAN_POINT('',(-0.0230650829114181,-0.0316837909308407,0.0481302245433746));
#14555=CARTESIAN_POINT('',(-0.0224464839372954,-0.0316837909308407,0.047498128864362));
#14556=CARTESIAN_POINT('',(-0.025995367506414,-0.0316837909308407,0.0474111500995156));
#14557=CARTESIAN_POINT('',(-0.025995367506414,-0.0306837909308407,0.0474111500995156));
#14558=CARTESIAN_POINT('',(-0.0255564746585112,-0.0316837909308407,0.0478905330620883));
#14559=CARTESIAN_POINT('',(-0.0255564746585112,-0.0306837909308407,0.0478905330620883));
#14560=CARTESIAN_POINT('',(-0.0249496228164223,-0.0316837909308407,0.0481302245433746));
#14561=CARTESIAN_POINT('',(-0.0249496228164223,-0.0306837909308407,0.0481302245433746));
#14562=CARTESIAN_POINT('',(-0.0241748119801473,-0.0316837909308407,0.0481302245433746));
#14563=CARTESIAN_POINT('',(-0.0241748119801473,-0.0306837909308407,0.0481302245433746));
#14564=CARTESIAN_POINT('',(-0.025995367506414,-0.0316837909308407,0.0474111500995156));
#14565=CARTESIAN_POINT('',(-0.025995367506414,-0.0316837909308407,0.0474111500995156));
#14566=CARTESIAN_POINT('',(-0.025995367506414,-0.0316837909308407,0.0474111500995156));
#14567=CARTESIAN_POINT('',(-0.0253370282345598,-0.0316837909308407,0.0481302245433746));
#14568=CARTESIAN_POINT('',(-0.0241748119801473,-0.0316837909308407,0.0481302245433746));
#14569=CARTESIAN_POINT('',(-0.0266537067782682,-0.0316837909308407,0.0453753971119481));
#14570=CARTESIAN_POINT('',(-0.0266537067782682,-0.0306837909308407,0.0453753971119481));
#14571=CARTESIAN_POINT('',(-0.0266537067782682,-0.0316837909308407,0.0462531828077538));
#14572=CARTESIAN_POINT('',(-0.0266537067782682,-0.0306837909308407,0.0462531828077538));
#14573=CARTESIAN_POINT('',(-0.0264342603543168,-0.0316837909308407,0.0469317671369429));
#14574=CARTESIAN_POINT('',(-0.0264342603543168,-0.0306837909308407,0.0469317671369429));
#14575=CARTESIAN_POINT('',(-0.025995367506414,-0.0316837909308407,0.0474111500995156));
#14576=CARTESIAN_POINT('',(-0.025995367506414,-0.0306837909308407,0.0474111500995156));
#14577=CARTESIAN_POINT('',(-0.0266537067782682,-0.0316837909308407,0.0453753971119481));
#14578=CARTESIAN_POINT('',(-0.0266537067782682,-0.0316837909308407,0.0453753971119481));
#14579=CARTESIAN_POINT('',(-0.0266537067782682,-0.0316837909308407,0.0453753971119481));
#14580=CARTESIAN_POINT('',(-0.0266537067782682,-0.0316837909308407,0.0466920756556566));
#14581=CARTESIAN_POINT('',(-0.025995367506414,-0.0316837909308407,0.0474111500995156));
#14582=CARTESIAN_POINT('',(-0.0241658141768874,-0.0316837909308407,0.0471134727749984));
#14583=CARTESIAN_POINT('',(-0.0241658141768874,-0.0306837909308407,0.0471134727749984));
#14584=CARTESIAN_POINT('',(-0.024468740219973,-0.0316837909308407,0.0471134727749984));
#14585=CARTESIAN_POINT('',(-0.024468740219973,-0.0306837909308407,0.0471134727749984));
#14586=CARTESIAN_POINT('',(-0.0247061822504443,-0.0316837909308407,0.0470174962068921));
#14587=CARTESIAN_POINT('',(-0.0247061822504443,-0.0306837909308407,0.0470174962068921));
#14588=CARTESIAN_POINT('',(-0.0248781402683015,-0.0316837909308407,0.0468255430706794));
#14589=CARTESIAN_POINT('',(-0.0248781402683015,-0.0306837909308407,0.0468255430706794));
#14590=CARTESIAN_POINT('',(-0.0241658141768874,-0.0306837909308407,0.0471134727749984));
#14591=CARTESIAN_POINT('',(-0.0246202032415157,-0.0306837909308407,0.0471134727749984));
#14592=CARTESIAN_POINT('',(-0.0248781402683015,-0.0306837909308407,0.0468255430706794));
#14593=CARTESIAN_POINT('',(-0.0241658141768874,-0.0306837909308407,0.0471134727749984));
#14594=CARTESIAN_POINT('',(-0.0248781402683015,-0.0306837909308407,0.0468255430706794));
#14595=CARTESIAN_POINT('',(-0.0241658141768874,-0.0316837909308407,0.0471134727749984));
#14596=CARTESIAN_POINT('',(-0.0241658141768874,-0.0316837909308407,0.0471134727749984));
#14597=CARTESIAN_POINT('',(-0.0241658141768874,-0.0316837909308407,0.0471134727749984));
#14598=CARTESIAN_POINT('',(-0.0246202032415157,-0.0316837909308407,0.0471134727749984));
#14599=CARTESIAN_POINT('',(-0.0248781402683015,-0.0316837909308407,0.0468255430706794));
#14600=CARTESIAN_POINT('',(-0.0248781402683015,-0.0316837909308407,0.0468255430706794));
#14601=CARTESIAN_POINT('',(-0.0248781402683015,-0.0316837909308407,0.0468255430706794));
#14602=CARTESIAN_POINT('',(-0.0234444902822134,-0.0316837909308407,0.0468255430706794));
#14603=CARTESIAN_POINT('',(-0.0234444902822134,-0.0306837909308407,0.0468255430706794));
#14604=CARTESIAN_POINT('',(-0.0236224468355772,-0.0316837909308407,0.0470174962068921));
#14605=CARTESIAN_POINT('',(-0.0236224468355772,-0.0306837909308407,0.0470174962068921));
#14606=CARTESIAN_POINT('',(-0.0238628881338019,-0.0316837909308407,0.0471134727749984));
#14607=CARTESIAN_POINT('',(-0.0238628881338019,-0.0306837909308407,0.0471134727749984));
#14608=CARTESIAN_POINT('',(-0.0241658141768874,-0.0316837909308407,0.0471134727749984));
#14609=CARTESIAN_POINT('',(-0.0241658141768874,-0.0306837909308407,0.0471134727749984));
#14610=CARTESIAN_POINT('',(-0.0234444902822134,-0.0306837909308407,0.0468255430706794));
#14611=CARTESIAN_POINT('',(-0.0237114251122591,-0.0306837909308407,0.0471134727749984));
#14612=CARTESIAN_POINT('',(-0.0241658141768874,-0.0306837909308407,0.0471134727749984));
#14613=CARTESIAN_POINT('',(-0.0234444902822134,-0.0306837909308407,0.0468255430706794));
#14614=CARTESIAN_POINT('',(-0.0234444902822134,-0.0316837909308407,0.0468255430706794));
#14615=CARTESIAN_POINT('',(-0.0234444902822134,-0.0316837909308407,0.0468255430706794));
#14616=CARTESIAN_POINT('',(-0.0234444902822134,-0.0316837909308407,0.0468255430706794));
#14617=CARTESIAN_POINT('',(-0.0237114251122591,-0.0316837909308407,0.0471134727749984));
#14618=CARTESIAN_POINT('',(-0.0241658141768874,-0.0316837909308407,0.0471134727749984));
#14619=CARTESIAN_POINT('',(-0.0231670580150311,-0.0316837909308407,0.0460082426078991));
#14620=CARTESIAN_POINT('',(-0.0231670580150311,-0.0306837909308407,0.0460082426078991));
#14621=CARTESIAN_POINT('',(-0.0231740563064555,-0.0316837909308407,0.0463611564468734));
#14622=CARTESIAN_POINT('',(-0.0231740563064555,-0.0306837909308407,0.0463611564468734));
#14623=CARTESIAN_POINT('',(-0.0232665337288496,-0.0316837909308407,0.0466335899344668));
#14624=CARTESIAN_POINT('',(-0.0232665337288496,-0.0306837909308407,0.0466335899344668));
#14625=CARTESIAN_POINT('',(-0.0234444902822134,-0.0316837909308407,0.0468255430706794));
#14626=CARTESIAN_POINT('',(-0.0234444902822134,-0.0306837909308407,0.0468255430706794));
#14627=CARTESIAN_POINT('',(-0.0231670580150311,-0.0306837909308407,0.0460082426078991));
#14628=CARTESIAN_POINT('',(-0.0231775554521677,-0.0306837909308407,0.0465376133663605));
#14629=CARTESIAN_POINT('',(-0.0234444902822134,-0.0306837909308407,0.0468255430706794));
#14630=CARTESIAN_POINT('',(-0.0231670580150311,-0.0306837909308407,0.0460082426078991));
#14631=CARTESIAN_POINT('',(-0.0231670580150311,-0.0316837909308407,0.0460082426078991));
#14632=CARTESIAN_POINT('',(-0.0231670580150311,-0.0316837909308407,0.0460082426078991));
#14633=CARTESIAN_POINT('',(-0.0231670580150311,-0.0316837909308407,0.0460082426078991));
#14634=CARTESIAN_POINT('',(-0.0231775554521677,-0.0316837909308407,0.0465376133663605));
#14635=CARTESIAN_POINT('',(-0.0234444902822134,-0.0316837909308407,0.0468255430706794));
#14636=CARTESIAN_POINT('',(-0.0241703130785174,-0.0316837909308407,0.0460082426078991));
#14637=CARTESIAN_POINT('',(-0.0241703130785174,-0.0306837909308407,0.0460082426078991));
#14638=CARTESIAN_POINT('',(-0.0251735681420037,-0.0306837909308407,0.0460082426078991));
#14639=CARTESIAN_POINT('',(-0.0251735681420037,-0.0316837909308407,0.0460082426078991));
#14640=CARTESIAN_POINT('',(-0.0251735681420037,-0.0316837909308407,0.0460082426078991));
#14641=CARTESIAN_POINT('',(-0.0241703130785174,-0.0316837909308407,0.0460082426078991));
#14642=CARTESIAN_POINT('',(-0.0248781402683015,-0.0316837909308407,0.0468255430706794));
#14643=CARTESIAN_POINT('',(-0.0248781402683015,-0.0306837909308407,0.0468255430706794));
#14644=CARTESIAN_POINT('',(-0.0250500982861586,-0.0316837909308407,0.0466335899344668));
#14645=CARTESIAN_POINT('',(-0.0250500982861586,-0.0306837909308407,0.0466335899344668));
#14646=CARTESIAN_POINT('',(-0.0251485742440593,-0.0316837909308407,0.0463611564468734));
#14647=CARTESIAN_POINT('',(-0.0251485742440593,-0.0306837909308407,0.0463611564468734));
#14648=CARTESIAN_POINT('',(-0.0251735681420037,-0.0316837909308407,0.0460082426078991));
#14649=CARTESIAN_POINT('',(-0.0251735681420037,-0.0306837909308407,0.0460082426078991));
#14650=CARTESIAN_POINT('',(-0.0248781402683015,-0.0306837909308407,0.0468255430706794));
#14651=CARTESIAN_POINT('',(-0.0251360772950871,-0.0306837909308407,0.0465376133663605));
#14652=CARTESIAN_POINT('',(-0.0251735681420037,-0.0306837909308407,0.0460082426078991));
#14653=CARTESIAN_POINT('',(-0.0248781402683015,-0.0316837909308407,0.0468255430706794));
#14654=CARTESIAN_POINT('',(-0.0251360772950871,-0.0316837909308407,0.0465376133663605));
#14655=CARTESIAN_POINT('',(-0.0251735681420037,-0.0316837909308407,0.0460082426078991));
#14656=CARTESIAN_POINT('',(-0.0259413806868542,-0.0316837909308407,0.0433973800286321));
#14657=CARTESIAN_POINT('',(-0.0259413806868542,-0.0306837909308407,0.0433973800286321));
#14658=CARTESIAN_POINT('',(-0.0264162647477969,-0.0316837909308407,0.0438632662863148));
#14659=CARTESIAN_POINT('',(-0.0264162647477969,-0.0306837909308407,0.0438632662863148));
#14660=CARTESIAN_POINT('',(-0.0266537067782682,-0.0316837909308407,0.0445226053140868));
#14661=CARTESIAN_POINT('',(-0.0266537067782682,-0.0306837909308407,0.0445226053140868));
#14662=CARTESIAN_POINT('',(-0.0266537067782682,-0.0316837909308407,0.0453753971119481));
#14663=CARTESIAN_POINT('',(-0.0266537067782682,-0.0306837909308407,0.0453753971119481));
#14664=CARTESIAN_POINT('',(-0.0259413806868542,-0.0316837909308407,0.0433973800286321));
#14665=CARTESIAN_POINT('',(-0.0266537067782682,-0.0316837909308407,0.0440962094151562));
#14666=CARTESIAN_POINT('',(-0.0266537067782682,-0.0316837909308407,0.0453753971119481));
#14667=CARTESIAN_POINT('',(0.,-0.0316837909308407,0.032));
#14668=CARTESIAN_POINT('',(0.,-0.0306837909308407,0.023));
#14669=CARTESIAN_POINT('',(0.0160692543294307,-0.0316837909308407,0.0521959339481106));
#14670=CARTESIAN_POINT('',(0.0170398294079748,-0.0316837909308407,0.0521959339481106));
#14671=CARTESIAN_POINT('',(0.0170398294079748,-0.0316837909308407,0.0521959339481106));
#14672=CARTESIAN_POINT('',(0.0160692543294307,-0.0316837909308407,0.0521959339481106));
#14673=CARTESIAN_POINT('',(0.0150986792508865,-0.0316837909308407,0.0521959339481106));
#14674=CARTESIAN_POINT('',(0.0150986792508865,-0.0316837909308407,0.0521959339481106));
#14675=CARTESIAN_POINT('',(0.0170398294079748,-0.0316837909308407,0.0545159444716399));
#14676=CARTESIAN_POINT('',(0.0170398294079748,-0.0316837909308407,0.0568359549951693));
#14677=CARTESIAN_POINT('',(0.0170398294079748,-0.0316837909308407,0.0568359549951693));
#14678=CARTESIAN_POINT('',(0.0170398294079748,-0.0316837909308407,0.0545159444716399));
#14679=CARTESIAN_POINT('',(0.0163910819525366,-0.0316837909308407,0.0587709945011858));
#14680=CARTESIAN_POINT('',(0.0163910819525366,-0.0306837909308407,0.0587709945011858));
#14681=CARTESIAN_POINT('',(0.016823580256162,-0.0316837909308407,0.0583215221668059));
#14682=CARTESIAN_POINT('',(0.016823580256162,-0.0306837909308407,0.0583215221668059));
#14683=CARTESIAN_POINT('',(0.0170398294079748,-0.0316837909308407,0.0576765089981337));
#14684=CARTESIAN_POINT('',(0.0170398294079748,-0.0306837909308407,0.0576765089981337));
#14685=CARTESIAN_POINT('',(0.0170398294079748,-0.0316837909308407,0.0568359549951693));
#14686=CARTESIAN_POINT('',(0.0170398294079748,-0.0306837909308407,0.0568359549951693));
#14687=CARTESIAN_POINT('',(0.0163910819525366,-0.0316837909308407,0.0587709945011858));
#14688=CARTESIAN_POINT('',(0.0163910819525366,-0.0316837909308407,0.0587709945011858));
#14689=CARTESIAN_POINT('',(0.0163910819525366,-0.0316837909308407,0.0587709945011858));
#14690=CARTESIAN_POINT('',(0.0170398294079748,-0.0316837909308407,0.0580967859996159));
#14691=CARTESIAN_POINT('',(0.0170398294079748,-0.0316837909308407,0.0568359549951693));
#14692=CARTESIAN_POINT('',(0.0144876141437234,-0.0316837909308407,0.0594452030027558));
#14693=CARTESIAN_POINT('',(0.0144876141437234,-0.0306837909308407,0.0594452030027558));
#14694=CARTESIAN_POINT('',(0.0153240943793067,-0.0316837909308407,0.0594452030027558));
#14695=CARTESIAN_POINT('',(0.0153240943793067,-0.0306837909308407,0.0594452030027558));
#14696=CARTESIAN_POINT('',(0.0159585836489111,-0.0316837909308407,0.0592204668355658));
#14697=CARTESIAN_POINT('',(0.0159585836489111,-0.0306837909308407,0.0592204668355658));
#14698=CARTESIAN_POINT('',(0.0163910819525366,-0.0316837909308407,0.0587709945011858));
#14699=CARTESIAN_POINT('',(0.0163910819525366,-0.0306837909308407,0.0587709945011858));
#14700=CARTESIAN_POINT('',(0.0144876141437234,-0.0316837909308407,0.0594452030027558));
#14701=CARTESIAN_POINT('',(0.0144876141437234,-0.0316837909308407,0.0594452030027558));
#14702=CARTESIAN_POINT('',(0.0144876141437234,-0.0316837909308407,0.0594452030027558));
#14703=CARTESIAN_POINT('',(0.0157423344970983,-0.0316837909308407,0.0594452030027558));
#14704=CARTESIAN_POINT('',(0.0163910819525366,-0.0316837909308407,0.0587709945011858));
#14705=CARTESIAN_POINT('',(0.0124242509652026,-0.0316837909308407,0.0584023185531974));
#14706=CARTESIAN_POINT('',(0.0124242509652026,-0.0306837909308407,0.0584023185531974));
#14707=CARTESIAN_POINT('',(0.0128574282300582,-0.0316837909308407,0.059097574852903));
#14708=CARTESIAN_POINT('',(0.0128574282300582,-0.0306837909308407,0.059097574852903));
#14709=CARTESIAN_POINT('',(0.0135452159562318,-0.0316837909308407,0.0594452030027558));
#14710=CARTESIAN_POINT('',(0.0135452159562318,-0.0306837909308407,0.0594452030027558));
#14711=CARTESIAN_POINT('',(0.0144876141437234,-0.0316837909308407,0.0594452030027558));
#14712=CARTESIAN_POINT('',(0.0144876141437234,-0.0306837909308407,0.0594452030027558));
#14713=CARTESIAN_POINT('',(0.0124242509652026,-0.0316837909308407,0.0584023185531974));
#14714=CARTESIAN_POINT('',(0.0124242509652026,-0.0316837909308407,0.0584023185531974));
#14715=CARTESIAN_POINT('',(0.0124242509652026,-0.0316837909308407,0.0584023185531974));
#14716=CARTESIAN_POINT('',(0.013074016862486,-0.0316837909308407,0.0594452030027558));
#14717=CARTESIAN_POINT('',(0.0144876141437234,-0.0316837909308407,0.0594452030027558));
#14718=CARTESIAN_POINT('',(0.012373328872939,-0.0316837909308407,0.0584023185531974));
#14719=CARTESIAN_POINT('',(0.0123224067806754,-0.0316837909308407,0.0584023185531974));
#14720=CARTESIAN_POINT('',(0.0123224067806754,-0.0316837909308407,0.0584023185531974));
#14721=CARTESIAN_POINT('',(0.012373328872939,-0.0316837909308407,0.0584023185531974));
#14722=CARTESIAN_POINT('',(0.0123448125012714,-0.0316837909308407,0.0586885007117188));
#14723=CARTESIAN_POINT('',(0.0123672182218674,-0.0316837909308407,0.0589746828702402));
#14724=CARTESIAN_POINT('',(0.0123672182218674,-0.0316837909308407,0.0589746828702402));
#14725=CARTESIAN_POINT('',(0.0123448125012714,-0.0316837909308407,0.0586885007117188));
#14726=CARTESIAN_POINT('',(0.0124120296630593,-0.0316837909308407,0.060082747597896));
#14727=CARTESIAN_POINT('',(0.0124120296630593,-0.0306837909308407,0.060082747597896));
#14728=CARTESIAN_POINT('',(0.0124120296630593,-0.0316837909308407,0.0599252285924939));
#14729=CARTESIAN_POINT('',(0.0124120296630593,-0.0306837909308407,0.0599252285924939));
#14730=CARTESIAN_POINT('',(0.0123970925159953,-0.0316837909308407,0.0595558736832753));
#14731=CARTESIAN_POINT('',(0.0123970925159953,-0.0306837909308407,0.0595558736832753));
#14732=CARTESIAN_POINT('',(0.0123672182218674,-0.0316837909308407,0.0589746828702402));
#14733=CARTESIAN_POINT('',(0.0123672182218674,-0.0306837909308407,0.0589746828702402));
#14734=CARTESIAN_POINT('',(0.0124120296630593,-0.0316837909308407,0.060082747597896));
#14735=CARTESIAN_POINT('',(0.0124120296630593,-0.0316837909308407,0.060082747597896));
#14736=CARTESIAN_POINT('',(0.0124120296630593,-0.0316837909308407,0.060082747597896));
#14737=CARTESIAN_POINT('',(0.0124120296630593,-0.0316837909308407,0.0598464690897929));
#14738=CARTESIAN_POINT('',(0.0123672182218674,-0.0316837909308407,0.0589746828702402));
#14739=CARTESIAN_POINT('',(0.0124120296630593,-0.0316837909308407,0.0610920234665604));
#14740=CARTESIAN_POINT('',(0.0124120296630593,-0.0316837909308407,0.0621012993352249));
#14741=CARTESIAN_POINT('',(0.0124120296630593,-0.0316837909308407,0.0621012993352249));
#14742=CARTESIAN_POINT('',(0.0124120296630593,-0.0316837909308407,0.0610920234665604));
#14743=CARTESIAN_POINT('',(0.0114414545845152,-0.0316837909308407,0.0621012993352249));
#14744=CARTESIAN_POINT('',(0.0104708795059711,-0.0316837909308407,0.0621012993352249));
#14745=CARTESIAN_POINT('',(0.0104708795059711,-0.0316837909308407,0.0621012993352249));
#14746=CARTESIAN_POINT('',(0.0114414545845152,-0.0316837909308407,0.0621012993352249));
#14747=CARTESIAN_POINT('',(0.0104708795059711,-0.0316837909308407,0.0571486166416677));
#14748=CARTESIAN_POINT('',(0.0104708795059711,-0.0316837909308407,0.0521959339481106));
#14749=CARTESIAN_POINT('',(0.0104708795059711,-0.0316837909308407,0.0521959339481106));
#14750=CARTESIAN_POINT('',(0.0104708795059711,-0.0316837909308407,0.0571486166416677));
#14751=CARTESIAN_POINT('',(0.0114414545845152,-0.0316837909308407,0.0521959339481106));
#14752=CARTESIAN_POINT('',(0.0124120296630593,-0.0316837909308407,0.0521959339481106));
#14753=CARTESIAN_POINT('',(0.0124120296630593,-0.0316837909308407,0.0521959339481106));
#14754=CARTESIAN_POINT('',(0.0114414545845152,-0.0316837909308407,0.0521959339481106));
#14755=CARTESIAN_POINT('',(0.0124120296630593,-0.0316837909308407,0.0538702523417376));
#14756=CARTESIAN_POINT('',(0.0124120296630593,-0.0316837909308407,0.0555445707353645));
#14757=CARTESIAN_POINT('',(0.0124120296630593,-0.0316837909308407,0.0555445707353645));
#14758=CARTESIAN_POINT('',(0.0124120296630593,-0.0316837909308407,0.0538702523417376));
#14759=CARTESIAN_POINT('',(0.0127745949599761,-0.0316837909308407,0.0573390652667336));
#14760=CARTESIAN_POINT('',(0.0127745949599761,-0.0306837909308407,0.0573390652667336));
#14761=CARTESIAN_POINT('',(0.0125328847620316,-0.0316837909308407,0.056969710357515));
#14762=CARTESIAN_POINT('',(0.0125328847620316,-0.0306837909308407,0.056969710357515));
#14763=CARTESIAN_POINT('',(0.0124120296630593,-0.0316837909308407,0.0563715455137253));
#14764=CARTESIAN_POINT('',(0.0124120296630593,-0.0306837909308407,0.0563715455137253));
#14765=CARTESIAN_POINT('',(0.0124120296630593,-0.0316837909308407,0.0555445707353645));
#14766=CARTESIAN_POINT('',(0.0124120296630593,-0.0306837909308407,0.0555445707353645));
#14767=CARTESIAN_POINT('',(0.0127745949599761,-0.0316837909308407,0.0573390652667336));
#14768=CARTESIAN_POINT('',(0.0127745949599761,-0.0316837909308407,0.0573390652667336));
#14769=CARTESIAN_POINT('',(0.0127745949599761,-0.0316837909308407,0.0573390652667336));
#14770=CARTESIAN_POINT('',(0.0124120296630593,-0.0316837909308407,0.0567850329029057));
#14771=CARTESIAN_POINT('',(0.0124120296630593,-0.0316837909308407,0.0555445707353645));
#14772=CARTESIAN_POINT('',(0.0139519137331104,-0.0316837909308407,0.0578930976305615));
#14773=CARTESIAN_POINT('',(0.0139519137331104,-0.0306837909308407,0.0578930976305615));
#14774=CARTESIAN_POINT('',(0.0134087447489654,-0.0316837909308407,0.0578930976305615));
#14775=CARTESIAN_POINT('',(0.0134087447489654,-0.0306837909308407,0.0578930976305615));
#14776=CARTESIAN_POINT('',(0.0130163051579206,-0.0316837909308407,0.0577084201759522));
#14777=CARTESIAN_POINT('',(0.0130163051579206,-0.0306837909308407,0.0577084201759522));
#14778=CARTESIAN_POINT('',(0.0127745949599761,-0.0316837909308407,0.0573390652667336));
#14779=CARTESIAN_POINT('',(0.0127745949599761,-0.0306837909308407,0.0573390652667336));
#14780=CARTESIAN_POINT('',(0.0139519137331104,-0.0316837909308407,0.0578930976305615));
#14781=CARTESIAN_POINT('',(0.0139519137331104,-0.0316837909308407,0.0578930976305615));
#14782=CARTESIAN_POINT('',(0.0139519137331104,-0.0316837909308407,0.0578930976305615));
#14783=CARTESIAN_POINT('',(0.0131371602568929,-0.0316837909308407,0.0578930976305615));
#14784=CARTESIAN_POINT('',(0.0127745949599761,-0.0316837909308407,0.0573390652667336));
#14785=CARTESIAN_POINT('',(0.0150986792508865,-0.0316837909308407,0.0563532135605104));
#14786=CARTESIAN_POINT('',(0.0150986792508865,-0.0306837909308407,0.0563532135605104));
#14787=CARTESIAN_POINT('',(0.0150986792508865,-0.0316837909308407,0.0573798029405445));
#14788=CARTESIAN_POINT('',(0.0150986792508865,-0.0306837909308407,0.0573798029405445));
#14789=CARTESIAN_POINT('',(0.0147164240782945,-0.0316837909308407,0.0578930976305615));
#14790=CARTESIAN_POINT('',(0.0147164240782945,-0.0306837909308407,0.0578930976305615));
#14791=CARTESIAN_POINT('',(0.0139519137331104,-0.0316837909308407,0.0578930976305615));
#14792=CARTESIAN_POINT('',(0.0139519137331104,-0.0306837909308407,0.0578930976305615));
#14793=CARTESIAN_POINT('',(0.0150986792508865,-0.0316837909308407,0.0563532135605104));
#14794=CARTESIAN_POINT('',(0.0150986792508865,-0.0316837909308407,0.0563532135605104));
#14795=CARTESIAN_POINT('',(0.0150986792508865,-0.0316837909308407,0.0563532135605104));
#14796=CARTESIAN_POINT('',(0.0150986792508865,-0.0316837909308407,0.0578930976305615));
#14797=CARTESIAN_POINT('',(0.0139519137331104,-0.0316837909308407,0.0578930976305615));
#14798=CARTESIAN_POINT('',(0.0150986792508865,-0.0316837909308407,0.0542745737543105));
#14799=CARTESIAN_POINT('',(0.0150986792508865,-0.0316837909308407,0.0542745737543105));
#14800=CARTESIAN_POINT('',(0.,-0.0316837909308407,0.032));
#14801=CARTESIAN_POINT('',(-0.0450677111497902,-0.0316837909308407,0.0454803714833144));
#14802=CARTESIAN_POINT('',(-0.0442429125176266,-0.0316837909308407,0.0427930275763376));
#14803=CARTESIAN_POINT('',(-0.0442429125176266,-0.0316837909308407,0.0427930275763376));
#14804=CARTESIAN_POINT('',(-0.0450677111497902,-0.0316837909308407,0.0454803714833144));
#14805=CARTESIAN_POINT('',(-0.0458925097819538,-0.0316837909308407,0.0481677153902912));
#14806=CARTESIAN_POINT('',(-0.0458925097819538,-0.0316837909308407,0.0481677153902912));
#14807=CARTESIAN_POINT('',(-0.043577075076389,-0.0316837909308407,0.0427930275763376));
#14808=CARTESIAN_POINT('',(-0.0429112376351515,-0.0316837909308407,0.0427930275763376));
#14809=CARTESIAN_POINT('',(-0.0429112376351515,-0.0316837909308407,0.0427930275763376));
#14810=CARTESIAN_POINT('',(-0.043577075076389,-0.0316837909308407,0.0427930275763376));
#14811=CARTESIAN_POINT('',(-0.0420279532817981,-0.0316837909308407,0.0454758725816844));
#14812=CARTESIAN_POINT('',(-0.0411446689284447,-0.0316837909308407,0.0481587175870312));
#14813=CARTESIAN_POINT('',(-0.0411446689284447,-0.0316837909308407,0.0481587175870312));
#14814=CARTESIAN_POINT('',(-0.0420279532817981,-0.0316837909308407,0.0454758725816844));
#14815=CARTESIAN_POINT('',(-0.0411236740541715,-0.0316837909308407,0.0481587175870312));
#14816=CARTESIAN_POINT('',(-0.0411023433199519,-0.0316837909308407,0.0481587175870312));
#14817=CARTESIAN_POINT('',(-0.0411026791798981,-0.0316837909308407,0.0481587175870312));
#14818=CARTESIAN_POINT('',(-0.0411236740541715,-0.0316837909308407,0.0481587175870312));
#14819=CARTESIAN_POINT('',(0.115949611818991,-0.0316837909308407,0.0410616299788676));
#14820=CARTESIAN_POINT('',(-0.041165663802718,-0.0316837909308407,0.0465661064100171));
#14821=CARTESIAN_POINT('',(-0.0411659090255266,-0.0316837909308407,0.0465661164607256));
#14822=CARTESIAN_POINT('',(0.115949611818991,-0.0316837909308407,0.0410616299788676));
#14823=CARTESIAN_POINT('',(-0.0195386155224951,-0.0316837909308407,0.0459890395544715));
#14824=CARTESIAN_POINT('',(-0.0411731619721012,-0.0316837909308407,0.0460367356515557));
#14825=CARTESIAN_POINT('',(-0.0411732005964498,-0.0316837906808407,0.046036735736708));
#14826=CARTESIAN_POINT('',(-0.0195386155224951,-0.0316837909308407,0.0459890395544715));
#14827=CARTESIAN_POINT('',(-0.0411731619721012,-0.0316837909308407,0.0444148816139467));
#14828=CARTESIAN_POINT('',(-0.0411731619721012,-0.0316837909308407,0.0427930275763376));
#14829=CARTESIAN_POINT('',(-0.0411731619721012,-0.0316837909308407,0.0427930275763376));
#14830=CARTESIAN_POINT('',(-0.0411731619721012,-0.0316837909308407,0.0444148816139467));
#14831=CARTESIAN_POINT('',(-0.0404960772767888,-0.0316837909308407,0.0427930275763376));
#14832=CARTESIAN_POINT('',(-0.0398189925814762,-0.0316837909308407,0.0427930275763376));
#14833=CARTESIAN_POINT('',(-0.0398189925814762,-0.0316837909308407,0.0427930275763376));
#14834=CARTESIAN_POINT('',(-0.0404960772767888,-0.0316837909308407,0.0427930275763376));
#14835=CARTESIAN_POINT('',(-0.0398189925814762,-0.0316837909308407,0.04621894116757));
#14836=CARTESIAN_POINT('',(-0.0398189925814762,-0.0316837909308407,0.0496448547588024));
#14837=CARTESIAN_POINT('',(-0.0398189925814762,-0.0316837909308407,0.0496448547588024));
#14838=CARTESIAN_POINT('',(-0.0398189925814762,-0.0316837909308407,0.04621894116757));
#14839=CARTESIAN_POINT('',(-0.0408072513061959,-0.0316837909308407,0.0496448547588024));
#14840=CARTESIAN_POINT('',(-0.0417955100309156,-0.0316837909308407,0.0496448547588024));
#14841=CARTESIAN_POINT('',(-0.0417955100309156,-0.0316837909308407,0.0496448547588024));
#14842=CARTESIAN_POINT('',(-0.0408072513061959,-0.0316837909308407,0.0496448547588024));
#14843=CARTESIAN_POINT('',(-0.0426555500591808,-0.0316837909308407,0.0470249943762754));
#14844=CARTESIAN_POINT('',(-0.0435155900874459,-0.0316837909308407,0.0444051339937484));
#14845=CARTESIAN_POINT('',(-0.0435155900874459,-0.0316837909308407,0.0444051339937484));
#14846=CARTESIAN_POINT('',(-0.0426555500591808,-0.0316837909308407,0.0470249943762754));
#14847=CARTESIAN_POINT('',(-0.0435298366092742,-0.0316837909308407,0.0444051339937484));
#14848=CARTESIAN_POINT('',(-0.0435440831311025,-0.0316837909308407,0.0444051339937484));
#14849=CARTESIAN_POINT('',(-0.0435440831311025,-0.0316837909308407,0.0444051339937484));
#14850=CARTESIAN_POINT('',(-0.0435298366092742,-0.0316837909308407,0.0444051339937484));
#14851=CARTESIAN_POINT('',(-0.0443546352414378,-0.0316837909308407,0.0470249943762754));
#14852=CARTESIAN_POINT('',(-0.0451651873517732,-0.0316837909308407,0.0496448547588024));
#14853=CARTESIAN_POINT('',(-0.0451651873517732,-0.0316837909308407,0.0496448547588024));
#14854=CARTESIAN_POINT('',(-0.0443546352414378,-0.0316837909308407,0.0470249943762754));
#14855=CARTESIAN_POINT('',(-0.0461541958934312,-0.0316837909308407,0.0496448547588024));
#14856=CARTESIAN_POINT('',(-0.0471432044350892,-0.0316837909308407,0.0496448547588024));
#14857=CARTESIAN_POINT('',(-0.0471432044350892,-0.0316837909308407,0.0496448547588024));
#14858=CARTESIAN_POINT('',(-0.0461541958934312,-0.0316837909308407,0.0496448547588024));
#14859=CARTESIAN_POINT('',(-0.0471432044350892,-0.0316837909308407,0.04621894116757));
#14860=CARTESIAN_POINT('',(-0.0471432044350892,-0.0316837909308407,0.0427930275763376));
#14861=CARTESIAN_POINT('',(-0.0471432044350892,-0.0316837909308407,0.0427930275763376));
#14862=CARTESIAN_POINT('',(-0.0471432044350892,-0.0316837909308407,0.04621894116757));
#14863=CARTESIAN_POINT('',(-0.0464938629664949,-0.0316837909308407,0.0427930275763376));
#14864=CARTESIAN_POINT('',(-0.0458445214979007,-0.0316837909308407,0.0427930275763376));
#14865=CARTESIAN_POINT('',(-0.0458445214979007,-0.0316837909308407,0.0427930275763376));
#14866=CARTESIAN_POINT('',(-0.0464938629664949,-0.0316837909308407,0.0427930275763376));
#14867=CARTESIAN_POINT('',(-0.0458445214979007,-0.0316837909308407,0.0443863885702901));
#14868=CARTESIAN_POINT('',(-0.0458445214979007,-0.0316837909308407,0.0459797495642426));
#14869=CARTESIAN_POINT('',(-0.0458445214979007,-0.0316837909308407,0.0459797495642426));
#14870=CARTESIAN_POINT('',(-0.0458445214979007,-0.0316837909308407,0.0443863885702901));
#14871=CARTESIAN_POINT('',(-0.0459344995305003,-0.0316837909308407,0.0481677153902912));
#14872=CARTESIAN_POINT('',(-0.0459344995305003,-0.0306837909308407,0.0481677153902912));
#14873=CARTESIAN_POINT('',(-0.0458745141754339,-0.0316837909308407,0.0470749821721641));
#14874=CARTESIAN_POINT('',(-0.0458745141754339,-0.0306837909308407,0.0470749821721641));
#14875=CARTESIAN_POINT('',(-0.0458445214979007,-0.0316837909308407,0.0463456602301479));
#14876=CARTESIAN_POINT('',(-0.0458445214979007,-0.0306837909308407,0.0463456602301479));
#14877=CARTESIAN_POINT('',(-0.0458445214979007,-0.0316837909308407,0.0459797495642426));
#14878=CARTESIAN_POINT('',(-0.0458445214979007,-0.0306837909308407,0.0459797495642426));
#14879=CARTESIAN_POINT('',(-0.0459344995305003,-0.0316837909308407,0.0481677153902912));
#14880=CARTESIAN_POINT('',(-0.0459344995305003,-0.0316837909308407,0.0481677153902912));
#14881=CARTESIAN_POINT('',(-0.0459344995305003,-0.0316837909308407,0.0481677153902912));
#14882=CARTESIAN_POINT('',(-0.0458445214979007,-0.0316837909308407,0.0465286155631005));
#14883=CARTESIAN_POINT('',(-0.0458445214979007,-0.0316837909308407,0.0459797495642426));
#14884=CARTESIAN_POINT('',(-0.0459135046562271,-0.0316837909308407,0.0481677153902912));
#14885=CARTESIAN_POINT('',(-0.0459135046562271,-0.0316837909308407,0.0481677153902912));
#14886=CARTESIAN_POINT('',(0.,-0.0316837909308407,0.032));
#14887=CARTESIAN_POINT('',(-0.0355772781613403,-0.0316837909308407,0.0452111872024537));
#14888=CARTESIAN_POINT('',(-0.0355772781613403,-0.0306837909308407,0.0452111872024537));
#14889=CARTESIAN_POINT('',(-0.0353005957110962,-0.0306837909308407,0.045220934822652));
#14890=CARTESIAN_POINT('',(-0.0358539606115842,-0.0306837909308407,0.0452014395822554));
#14891=CARTESIAN_POINT('',(-0.0353005957110962,-0.0316837909308407,0.045220934822652));
#14892=CARTESIAN_POINT('',(-0.0353005957110962,-0.0316837909308407,0.045220934822652));
#14893=CARTESIAN_POINT('',(-0.0355772781613403,-0.0316837909308407,0.0452111872024537));
#14894=CARTESIAN_POINT('',(-0.0358539606115842,-0.0316837909308407,0.0452014395822554));
#14895=CARTESIAN_POINT('',(-0.0358539606115842,-0.0316837909308407,0.0452014395822554));
#14896=CARTESIAN_POINT('',(-0.0353005957110962,-0.0316837909308407,0.0450049875444128));
#14897=CARTESIAN_POINT('',(-0.0353005957110962,-0.0306837909308407,0.0450049875444128));
#14898=CARTESIAN_POINT('',(-0.0353005957110962,-0.0306837909308407,0.0447890402661736));
#14899=CARTESIAN_POINT('',(-0.0353005957110962,-0.0316837909308407,0.0447890402661736));
#14900=CARTESIAN_POINT('',(-0.0353005957110962,-0.0316837909308407,0.0447890402661736));
#14901=CARTESIAN_POINT('',(-0.0353005957110962,-0.0316837909308407,0.0450049875444128));
#14902=CARTESIAN_POINT('',(-0.0355982730356135,-0.0316837909308407,0.0440302255245831));
#14903=CARTESIAN_POINT('',(-0.0355982730356135,-0.0306837909308407,0.0440302255245831));
#14904=CARTESIAN_POINT('',(-0.0353998214859353,-0.0316837909308407,0.044221178904878));
#14905=CARTESIAN_POINT('',(-0.0353998214859353,-0.0306837909308407,0.044221178904878));
#14906=CARTESIAN_POINT('',(-0.0353005957110962,-0.0316837909308407,0.0444741171520748));
#14907=CARTESIAN_POINT('',(-0.0353005957110962,-0.0306837909308407,0.0444741171520748));
#14908=CARTESIAN_POINT('',(-0.0353005957110962,-0.0316837909308407,0.0447890402661736));
#14909=CARTESIAN_POINT('',(-0.0353005957110962,-0.0306837909308407,0.0447890402661736));
#14910=CARTESIAN_POINT('',(-0.0355982730356135,-0.0306837909308407,0.0440302255245831));
#14911=CARTESIAN_POINT('',(-0.0353005957110962,-0.0306837909308407,0.0443166555950254));
#14912=CARTESIAN_POINT('',(-0.0353005957110962,-0.0306837909308407,0.0447890402661736));
#14913=CARTESIAN_POINT('',(-0.0355982730356135,-0.0306837909308407,0.0440302255245831));
#14914=CARTESIAN_POINT('',(-0.0355982730356135,-0.0316837909308407,0.0440302255245831));
#14915=CARTESIAN_POINT('',(-0.0355982730356135,-0.0316837909308407,0.0440302255245831));
#14916=CARTESIAN_POINT('',(-0.0355982730356135,-0.0316837909308407,0.0440302255245831));
#14917=CARTESIAN_POINT('',(-0.0353005957110962,-0.0316837909308407,0.0443166555950254));
#14918=CARTESIAN_POINT('',(-0.0353005957110962,-0.0316837909308407,0.0447890402661736));
#14919=CARTESIAN_POINT('',(-0.0363938288071822,-0.0316837909308407,0.0437437954541409));
#14920=CARTESIAN_POINT('',(-0.0363938288071822,-0.0306837909308407,0.0437437954541409));
#14921=CARTESIAN_POINT('',(-0.0360619098424812,-0.0316837909308407,0.0437437954541408));
#14922=CARTESIAN_POINT('',(-0.0360619098424812,-0.0306837909308407,0.0437437954541408));
#14923=CARTESIAN_POINT('',(-0.0357967245852917,-0.0316837909308407,0.0438392721442883));
#14924=CARTESIAN_POINT('',(-0.0357967245852917,-0.0306837909308407,0.0438392721442883));
#14925=CARTESIAN_POINT('',(-0.0355982730356135,-0.0316837909308407,0.0440302255245831));
#14926=CARTESIAN_POINT('',(-0.0355982730356135,-0.0306837909308407,0.0440302255245831));
#14927=CARTESIAN_POINT('',(-0.0363938288071822,-0.0306837909308407,0.0437437954541409));
#14928=CARTESIAN_POINT('',(-0.0358959503601307,-0.0306837909308407,0.0437437954541409));
#14929=CARTESIAN_POINT('',(-0.0355982730356135,-0.0306837909308407,0.0440302255245831));
#14930=CARTESIAN_POINT('',(-0.0363938288071822,-0.0306837909308407,0.0437437954541409));
#14931=CARTESIAN_POINT('',(-0.0363938288071822,-0.0316837909308407,0.0437437954541409));
#14932=CARTESIAN_POINT('',(-0.0363938288071822,-0.0316837909308407,0.0437437954541409));
#14933=CARTESIAN_POINT('',(-0.0363938288071822,-0.0316837909308407,0.0437437954541409));
#14934=CARTESIAN_POINT('',(-0.0358959503601307,-0.0316837909308407,0.0437437954541409));
#14935=CARTESIAN_POINT('',(-0.0355982730356135,-0.0316837909308407,0.0440302255245831));
#14936=CARTESIAN_POINT('',(-0.0370866596581997,-0.0316837909308407,0.0443496475403119));
#14937=CARTESIAN_POINT('',(-0.0370866596581997,-0.0306837909308407,0.0443496475403119));
#14938=CARTESIAN_POINT('',(-0.0370866596581997,-0.0316837909308407,0.0439457461495312));
#14939=CARTESIAN_POINT('',(-0.0370866596581997,-0.0306837909308407,0.0439457461495312));
#14940=CARTESIAN_POINT('',(-0.0368557160411939,-0.0316837909308407,0.0437437954541408));
#14941=CARTESIAN_POINT('',(-0.0368557160411939,-0.0306837909308407,0.0437437954541408));
#14942=CARTESIAN_POINT('',(-0.0363938288071822,-0.0316837909308407,0.0437437954541409));
#14943=CARTESIAN_POINT('',(-0.0363938288071822,-0.0306837909308407,0.0437437954541409));
#14944=CARTESIAN_POINT('',(-0.0370866596581997,-0.0306837909308407,0.0443496475403119));
#14945=CARTESIAN_POINT('',(-0.0370866596581997,-0.0306837909308407,0.0437437954541409));
#14946=CARTESIAN_POINT('',(-0.0363938288071822,-0.0306837909308407,0.0437437954541409));
#14947=CARTESIAN_POINT('',(-0.0370866596581997,-0.0306837909308407,0.0443496475403119));
#14948=CARTESIAN_POINT('',(-0.0370866596581997,-0.0316837909308407,0.0443496475403119));
#14949=CARTESIAN_POINT('',(-0.0370866596581997,-0.0316837909308407,0.0443496475403119));
#14950=CARTESIAN_POINT('',(-0.0370866596581997,-0.0316837909308407,0.0443496475403119));
#14951=CARTESIAN_POINT('',(-0.0370866596581997,-0.0316837909308407,0.0437437954541409));
#14952=CARTESIAN_POINT('',(-0.0363938288071822,-0.0316837909308407,0.0437437954541409));
#14953=CARTESIAN_POINT('',(-0.0367822339812374,-0.0316837909308407,0.0449772443176946));
#14954=CARTESIAN_POINT('',(-0.0367822339812374,-0.0306837909308407,0.0449772443176946));
#14955=CARTESIAN_POINT('',(-0.0369851844325456,-0.0316837909308407,0.0448397778790007));
#14956=CARTESIAN_POINT('',(-0.0369851844325456,-0.0306837909308407,0.0448397778790007));
#14957=CARTESIAN_POINT('',(-0.0370866596581997,-0.0316837909308407,0.0446305789532064));
#14958=CARTESIAN_POINT('',(-0.0370866596581997,-0.0306837909308407,0.0446305789532064));
#14959=CARTESIAN_POINT('',(-0.0370866596581997,-0.0316837909308407,0.0443496475403119));
#14960=CARTESIAN_POINT('',(-0.0370866596581997,-0.0306837909308407,0.0443496475403119));
#14961=CARTESIAN_POINT('',(-0.0367822339812374,-0.0306837909308407,0.0449772443176946));
#14962=CARTESIAN_POINT('',(-0.0370866596581997,-0.0306837909308407,0.0447710446596537));
#14963=CARTESIAN_POINT('',(-0.0370866596581997,-0.0306837909308407,0.0443496475403119));
#14964=CARTESIAN_POINT('',(-0.0367822339812374,-0.0306837909308407,0.0449772443176946));
#14965=CARTESIAN_POINT('',(-0.0367822339812374,-0.0316837909308407,0.0449772443176946));
#14966=CARTESIAN_POINT('',(-0.0367822339812374,-0.0316837909308407,0.0449772443176946));
#14967=CARTESIAN_POINT('',(-0.0367822339812374,-0.0316837909308407,0.0449772443176946));
#14968=CARTESIAN_POINT('',(-0.0370866596581997,-0.0316837909308407,0.0447710446596537));
#14969=CARTESIAN_POINT('',(-0.0370866596581997,-0.0316837909308407,0.0443496475403119));
#14970=CARTESIAN_POINT('',(-0.0350179147253456,-0.0316837909308407,0.0431491906220447));
#14971=CARTESIAN_POINT('',(-0.0348791985917545,-0.0316837909308407,0.0427930275763376));
#14972=CARTESIAN_POINT('',(-0.0348791985917545,-0.0316837909308407,0.0427930275763376));
#14973=CARTESIAN_POINT('',(-0.0350179147253456,-0.0316837909308407,0.0431491906220447));
#14974=CARTESIAN_POINT('',(-0.0351566308589368,-0.0316837909308407,0.0435053536677517));
#14975=CARTESIAN_POINT('',(-0.0351566308589368,-0.0316837909308407,0.0435053536677517));
#14976=CARTESIAN_POINT('',(-0.0343805703277647,-0.0316837909308407,0.0427930275763376));
#14977=CARTESIAN_POINT('',(-0.0338819420637749,-0.0316837909308407,0.0427930275763376));
#14978=CARTESIAN_POINT('',(-0.0338819420637749,-0.0316837909308407,0.0427930275763376));
#14979=CARTESIAN_POINT('',(-0.0343805703277647,-0.0316837909308407,0.0427930275763376));
#14980=CARTESIAN_POINT('',(-0.0338819420637749,-0.0316837909308407,0.0445386014087712));
#14981=CARTESIAN_POINT('',(-0.0338819420637749,-0.0316837909308407,0.0462841752412048));
#14982=CARTESIAN_POINT('',(-0.0338819420637749,-0.0316837909308407,0.0462841752412048));
#14983=CARTESIAN_POINT('',(-0.0338819420637749,-0.0316837909308407,0.0445386014087712));
#14984=CARTESIAN_POINT('',(-0.0344443047675227,-0.0316837909308407,0.0476810841973146));
#14985=CARTESIAN_POINT('',(-0.0344443047675227,-0.0306837909308407,0.0476810841973146));
#14986=CARTESIAN_POINT('',(-0.0340693962983575,-0.0316837909308407,0.0473746590085169));
#14987=CARTESIAN_POINT('',(-0.0340693962983575,-0.0306837909308407,0.0473746590085169));
#14988=CARTESIAN_POINT('',(-0.0338819420637749,-0.0316837909308407,0.0469090226898136));
#14989=CARTESIAN_POINT('',(-0.0338819420637749,-0.0306837909308407,0.0469090226898136));
#14990=CARTESIAN_POINT('',(-0.0338819420637749,-0.0316837909308407,0.0462841752412048));
#14991=CARTESIAN_POINT('',(-0.0338819420637749,-0.0306837909308407,0.0462841752412048));
#14992=CARTESIAN_POINT('',(-0.0344443047675227,-0.0316837909308407,0.0476810841973146));
#14993=CARTESIAN_POINT('',(-0.0344443047675227,-0.0316837909308407,0.0476810841973146));
#14994=CARTESIAN_POINT('',(-0.0344443047675227,-0.0316837909308407,0.0476810841973146));
#14995=CARTESIAN_POINT('',(-0.0338819420637749,-0.0316837909308407,0.047221446414118));
#14996=CARTESIAN_POINT('',(-0.0338819420637749,-0.0316837909308407,0.0462841752412048));
#14997=CARTESIAN_POINT('',(-0.0360609100865635,-0.0316837909308407,0.0481407219805113));
#14998=CARTESIAN_POINT('',(-0.0360609100865635,-0.0306837909308407,0.0481407219805113));
#14999=CARTESIAN_POINT('',(-0.0353580816763683,-0.0316837909308407,0.0481407219805113));
#15000=CARTESIAN_POINT('',(-0.0353580816763683,-0.0306837909308407,0.0481407219805113));
#15001=CARTESIAN_POINT('',(-0.034819213236688,-0.0316837909308407,0.0479875093861124));
#15002=CARTESIAN_POINT('',(-0.034819213236688,-0.0306837909308407,0.0479875093861124));
#15003=CARTESIAN_POINT('',(-0.0344443047675227,-0.0316837909308407,0.0476810841973146));
#15004=CARTESIAN_POINT('',(-0.0344443047675227,-0.0306837909308407,0.0476810841973146));
#15005=CARTESIAN_POINT('',(-0.0360609100865635,-0.0316837909308407,0.0481407219805113));
#15006=CARTESIAN_POINT('',(-0.0360609100865635,-0.0316837909308407,0.0481407219805113));
#15007=CARTESIAN_POINT('',(-0.0360609100865635,-0.0316837909308407,0.0481407219805113));
#15008=CARTESIAN_POINT('',(-0.0350066674712707,-0.0316837909308407,0.0481407219805113));
#15009=CARTESIAN_POINT('',(-0.0344443047675227,-0.0316837909308407,0.0476810841973146));
#15010=CARTESIAN_POINT('',(-0.0380659205796594,-0.0316837909308407,0.0476668376754863));
#15011=CARTESIAN_POINT('',(-0.0380659205796594,-0.0306837909308407,0.0476668376754863));
#15012=CARTESIAN_POINT('',(-0.0374630677612416,-0.0316837909308407,0.047982760545503));
#15013=CARTESIAN_POINT('',(-0.0374630677612416,-0.0306837909308407,0.047982760545503));
#15014=CARTESIAN_POINT('',(-0.0367947309302097,-0.0316837909308407,0.0481407219805113));
#15015=CARTESIAN_POINT('',(-0.0367947309302097,-0.0306837909308407,0.0481407219805113));
#15016=CARTESIAN_POINT('',(-0.0360609100865635,-0.0316837909308407,0.0481407219805113));
#15017=CARTESIAN_POINT('',(-0.0360609100865635,-0.0306837909308407,0.0481407219805113));
#15018=CARTESIAN_POINT('',(-0.0380659205796594,-0.0316837909308407,0.0476668376754863));
#15019=CARTESIAN_POINT('',(-0.0380659205796594,-0.0316837909308407,0.0476668376754863));
#15020=CARTESIAN_POINT('',(-0.0380659205796594,-0.0316837909308407,0.0476668376754863));
#15021=CARTESIAN_POINT('',(-0.0371616413520328,-0.0316837909308407,0.0481407219805113));
#15022=CARTESIAN_POINT('',(-0.0360609100865635,-0.0316837909308407,0.0481407219805113));
#15023=CARTESIAN_POINT('',(-0.0378297282440853,-0.0316837909308407,0.0471839555672015));
#15024=CARTESIAN_POINT('',(-0.0375935359085112,-0.0316837909308407,0.0467010734589166));
#15025=CARTESIAN_POINT('',(-0.0375935359085112,-0.0316837909308407,0.0467010734589166));
#15026=CARTESIAN_POINT('',(-0.0378297282440853,-0.0316837909308407,0.0471839555672015));
#15027=CARTESIAN_POINT('',(-0.0361163965399999,-0.0316837909308407,0.0470804808297118));
#15028=CARTESIAN_POINT('',(-0.0361163965399999,-0.0306837909308407,0.0470804808297118));
#15029=CARTESIAN_POINT('',(-0.0365352942695473,-0.0316837909308407,0.0470804808297118));
#15030=CARTESIAN_POINT('',(-0.0365352942695473,-0.0306837909308407,0.0470804808297118));
#15031=CARTESIAN_POINT('',(-0.037027674059051,-0.0316837909308407,0.0469540117061134));
#15032=CARTESIAN_POINT('',(-0.037027674059051,-0.0306837909308407,0.0469540117061134));
#15033=CARTESIAN_POINT('',(-0.0375935359085112,-0.0316837909308407,0.0467010734589166));
#15034=CARTESIAN_POINT('',(-0.0375935359085112,-0.0306837909308407,0.0467010734589166));
#15035=CARTESIAN_POINT('',(-0.0361163965399999,-0.0316837909308407,0.0470804808297118));
#15036=CARTESIAN_POINT('',(-0.0361163965399999,-0.0316837909308407,0.0470804808297118));
#15037=CARTESIAN_POINT('',(-0.0361163965399999,-0.0316837909308407,0.0470804808297118));
#15038=CARTESIAN_POINT('',(-0.0367447431343209,-0.0316837909308407,0.0470804808297118));
#15039=CARTESIAN_POINT('',(-0.0375935359085112,-0.0316837909308407,0.0467010734589166));
#15040=CARTESIAN_POINT('',(-0.0353005957110962,-0.0316837909308407,0.0462841752412048));
#15041=CARTESIAN_POINT('',(-0.0353005957110962,-0.0306837909308407,0.0462841752412048));
#15042=CARTESIAN_POINT('',(-0.0353005957110962,-0.0316837909308407,0.0468150456335428));
#15043=CARTESIAN_POINT('',(-0.0353005957110962,-0.0306837909308407,0.0468150456335428));
#15044=CARTESIAN_POINT('',(-0.0355725293207308,-0.0316837909308407,0.0470804808297118));
#15045=CARTESIAN_POINT('',(-0.0355725293207308,-0.0306837909308407,0.0470804808297118));
#15046=CARTESIAN_POINT('',(-0.0361163965399999,-0.0316837909308407,0.0470804808297118));
#15047=CARTESIAN_POINT('',(-0.0361163965399999,-0.0306837909308407,0.0470804808297118));
#15048=CARTESIAN_POINT('',(-0.0353005957110962,-0.0316837909308407,0.0462841752412048));
#15049=CARTESIAN_POINT('',(-0.0353005957110962,-0.0316837909308407,0.0462841752412048));
#15050=CARTESIAN_POINT('',(-0.0353005957110962,-0.0316837909308407,0.0462841752412048));
#15051=CARTESIAN_POINT('',(-0.0353005957110962,-0.0316837909308407,0.0470804808297118));
#15052=CARTESIAN_POINT('',(-0.0361163965399999,-0.0316837909308407,0.0470804808297118));
#15053=CARTESIAN_POINT('',(-0.0353005957110962,-0.0316837909308407,0.0461694532496402));
#15054=CARTESIAN_POINT('',(-0.0353005957110962,-0.0316837909308407,0.0460547312580756));
#15055=CARTESIAN_POINT('',(-0.0353005957110962,-0.0316837909308407,0.0460547312580756));
#15056=CARTESIAN_POINT('',(-0.0353005957110962,-0.0316837909308407,0.0461694532496402));
#15057=CARTESIAN_POINT('',(-0.0357557345926629,-0.0316837909308407,0.0460404847362473));
#15058=CARTESIAN_POINT('',(-0.0362108734742296,-0.0316837909308407,0.0460262382144191));
#15059=CARTESIAN_POINT('',(-0.0362108734742296,-0.0316837909308407,0.0460262382144191));
#15060=CARTESIAN_POINT('',(-0.0357557345926629,-0.0316837909308407,0.0460404847362473));
#15061=CARTESIAN_POINT('',(-0.0379699440115531,-0.0316837909308407,0.045588345122434));
#15062=CARTESIAN_POINT('',(-0.0379699440115531,-0.0306837909308407,0.045588345122434));
#15063=CARTESIAN_POINT('',(-0.037581038959539,-0.0316837909308407,0.0458522806847264));
#15064=CARTESIAN_POINT('',(-0.037581038959539,-0.0306837909308407,0.0458522806847264));
#15065=CARTESIAN_POINT('',(-0.0369946821137645,-0.0316837909308407,0.0459982450487214));
#15066=CARTESIAN_POINT('',(-0.0369946821137645,-0.0306837909308407,0.0459982450487214));
#15067=CARTESIAN_POINT('',(-0.0362108734742296,-0.0316837909308407,0.0460262382144191));
#15068=CARTESIAN_POINT('',(-0.0362108734742296,-0.0306837909308407,0.0460262382144191));
#15069=CARTESIAN_POINT('',(-0.0379699440115531,-0.0316837909308407,0.045588345122434));
#15070=CARTESIAN_POINT('',(-0.0379699440115531,-0.0316837909308407,0.045588345122434));
#15071=CARTESIAN_POINT('',(-0.0379699440115531,-0.0316837909308407,0.045588345122434));
#15072=CARTESIAN_POINT('',(-0.0373865864335319,-0.0316837909308407,0.0459842484658726));
#15073=CARTESIAN_POINT('',(-0.0362108734742296,-0.0316837909308407,0.0460262382144191));
#15074=CARTESIAN_POINT('',(-0.0385533015895742,-0.0316837909308407,0.0443586453435719));
#15075=CARTESIAN_POINT('',(-0.0385533015895742,-0.0306837909308407,0.0443586453435719));
#15076=CARTESIAN_POINT('',(-0.0385533015895742,-0.0316837909308407,0.0449145096338543));
#15077=CARTESIAN_POINT('',(-0.0385533015895742,-0.0306837909308407,0.0449145096338543));
#15078=CARTESIAN_POINT('',(-0.0383588490635672,-0.0316837909308407,0.0453244095601417));
#15079=CARTESIAN_POINT('',(-0.0383588490635672,-0.0306837909308407,0.0453244095601417));
#15080=CARTESIAN_POINT('',(-0.0379699440115531,-0.0316837909308407,0.045588345122434));
#15081=CARTESIAN_POINT('',(-0.0379699440115531,-0.0306837909308407,0.045588345122434));
#15082=CARTESIAN_POINT('',(-0.0385533015895742,-0.0316837909308407,0.0443586453435719));
#15083=CARTESIAN_POINT('',(-0.0385533015895742,-0.0316837909308407,0.0443586453435719));
#15084=CARTESIAN_POINT('',(-0.0385533015895742,-0.0316837909308407,0.0443586453435719));
#15085=CARTESIAN_POINT('',(-0.0385533015895742,-0.0316837909308407,0.0451924417789955));
#15086=CARTESIAN_POINT('',(-0.0379699440115531,-0.0316837909308407,0.045588345122434));
#15087=CARTESIAN_POINT('',(-0.0381199073992192,-0.0316837909308407,0.0431304451985864));
#15088=CARTESIAN_POINT('',(-0.0381199073992192,-0.0306837909308407,0.0431304451985864));
#15089=CARTESIAN_POINT('',(-0.0384088368594559,-0.0316837909308407,0.0434183749029054));
#15090=CARTESIAN_POINT('',(-0.0384088368594559,-0.0306837909308407,0.0434183749029054));
#15091=CARTESIAN_POINT('',(-0.0385533015895742,-0.0316837909308407,0.0438277749512339));
#15092=CARTESIAN_POINT('',(-0.0385533015895742,-0.0306837909308407,0.0438277749512339));
#15093=CARTESIAN_POINT('',(-0.0385533015895742,-0.0316837909308407,0.0443586453435719));
#15094=CARTESIAN_POINT('',(-0.0385533015895742,-0.0306837909308407,0.0443586453435719));
#15095=CARTESIAN_POINT('',(-0.0381199073992192,-0.0316837909308407,0.0431304451985864));
#15096=CARTESIAN_POINT('',(-0.0381199073992192,-0.0316837909308407,0.0431304451985864));
#15097=CARTESIAN_POINT('',(-0.0381199073992192,-0.0316837909308407,0.0431304451985864));
#15098=CARTESIAN_POINT('',(-0.0385533015895742,-0.0316837909308407,0.0435623397550648));
#15099=CARTESIAN_POINT('',(-0.0385533015895742,-0.0316837909308407,0.0443586453435719));
#15100=CARTESIAN_POINT('',(-0.0369321973689036,-0.0316837909308407,0.042698550642108));
#15101=CARTESIAN_POINT('',(-0.0369321973689036,-0.0306837909308407,0.042698550642108));
#15102=CARTESIAN_POINT('',(-0.037435074595544,-0.0316837909308407,0.042698550642108));
#15103=CARTESIAN_POINT('',(-0.037435074595544,-0.0306837909308407,0.042698550642108));
#15104=CARTESIAN_POINT('',(-0.0378309779389825,-0.0316837909308407,0.0428425154942675));
#15105=CARTESIAN_POINT('',(-0.0378309779389825,-0.0306837909308407,0.0428425154942675));
#15106=CARTESIAN_POINT('',(-0.0381199073992192,-0.0316837909308407,0.0431304451985864));
#15107=CARTESIAN_POINT('',(-0.0381199073992192,-0.0306837909308407,0.0431304451985864));
#15108=CARTESIAN_POINT('',(-0.0369321973689036,-0.0316837909308407,0.042698550642108));
#15109=CARTESIAN_POINT('',(-0.0369321973689036,-0.0316837909308407,0.042698550642108));
#15110=CARTESIAN_POINT('',(-0.0369321973689036,-0.0316837909308407,0.042698550642108));
#15111=CARTESIAN_POINT('',(-0.0376865132088642,-0.0316837909308407,0.042698550642108));
#15112=CARTESIAN_POINT('',(-0.0381199073992192,-0.0316837909308407,0.0431304451985864));
#15113=CARTESIAN_POINT('',(-0.0359364404748006,-0.0316837909308407,0.0428747576226157));
#15114=CARTESIAN_POINT('',(-0.0359364404748006,-0.0306837909308407,0.0428747576226157));
#15115=CARTESIAN_POINT('',(-0.036191378233833,-0.0316837909308407,0.0427572863022772));
#15116=CARTESIAN_POINT('',(-0.036191378233833,-0.0306837909308407,0.0427572863022772));
#15117=CARTESIAN_POINT('',(-0.036523297198534,-0.0316837909308407,0.042698550642108));
#15118=CARTESIAN_POINT('',(-0.036523297198534,-0.0306837909308407,0.042698550642108));
#15119=CARTESIAN_POINT('',(-0.0369321973689036,-0.0316837909308407,0.042698550642108));
#15120=CARTESIAN_POINT('',(-0.0369321973689036,-0.0306837909308407,0.042698550642108));
#15121=CARTESIAN_POINT('',(-0.0359364404748006,-0.0316837909308407,0.0428747576226157));
#15122=CARTESIAN_POINT('',(-0.0359364404748006,-0.0316837909308407,0.0428747576226157));
#15123=CARTESIAN_POINT('',(-0.0359364404748006,-0.0316837909308407,0.0428747576226157));
#15124=CARTESIAN_POINT('',(-0.0363188471133492,-0.0316837909308407,0.042698550642108));
#15125=CARTESIAN_POINT('',(-0.0369321973689036,-0.0316837909308407,0.042698550642108));
#15126=CARTESIAN_POINT('',(-0.0351941217058533,-0.0316837909308407,0.0435053536677517));
#15127=CARTESIAN_POINT('',(-0.0351941217058533,-0.0306837909308407,0.0435053536677517));
#15128=CARTESIAN_POINT('',(-0.0354340631261191,-0.0316837909308407,0.0432024276246662));
#15129=CARTESIAN_POINT('',(-0.0354340631261191,-0.0306837909308407,0.0432024276246662));
#15130=CARTESIAN_POINT('',(-0.0356815027157682,-0.0316837909308407,0.0429922289429542));
#15131=CARTESIAN_POINT('',(-0.0356815027157682,-0.0306837909308407,0.0429922289429542));
#15132=CARTESIAN_POINT('',(-0.0359364404748006,-0.0316837909308407,0.0428747576226157));
#15133=CARTESIAN_POINT('',(-0.0359364404748006,-0.0306837909308407,0.0428747576226157));
#15134=CARTESIAN_POINT('',(-0.0351941217058533,-0.0316837909308407,0.0435053536677517));
#15135=CARTESIAN_POINT('',(-0.0351941217058533,-0.0316837909308407,0.0435053536677517));
#15136=CARTESIAN_POINT('',(-0.0351941217058533,-0.0316837909308407,0.0435053536677517));
#15137=CARTESIAN_POINT('',(-0.035554033836252,-0.0316837909308407,0.0430509646031234));
#15138=CARTESIAN_POINT('',(-0.0359364404748006,-0.0316837909308407,0.0428747576226157));
#15139=CARTESIAN_POINT('',(-0.035175376282395,-0.0316837909308407,0.0435053536677517));
#15140=CARTESIAN_POINT('',(-0.035175376282395,-0.0316837909308407,0.0435053536677517));
#15141=CARTESIAN_POINT('',(-0.0358539606115842,-0.0316837909308407,0.0452014395822554));
#15142=CARTESIAN_POINT('',(-0.0358539606115842,-0.0306837909308407,0.0452014395822554));
#15143=CARTESIAN_POINT('',(-0.0362698590733782,-0.0316837909308407,0.0451894425112421));
#15144=CARTESIAN_POINT('',(-0.0362698590733782,-0.0306837909308407,0.0451894425112421));
#15145=CARTESIAN_POINT('',(-0.0365792835299293,-0.0316837909308407,0.0451147107563885));
#15146=CARTESIAN_POINT('',(-0.0365792835299293,-0.0306837909308407,0.0451147107563885));
#15147=CARTESIAN_POINT('',(-0.0367822339812374,-0.0316837909308407,0.0449772443176946));
#15148=CARTESIAN_POINT('',(-0.0367822339812374,-0.0306837909308407,0.0449772443176946));
#15149=CARTESIAN_POINT('',(-0.0358539606115842,-0.0306837909308407,0.0452014395822554));
#15150=CARTESIAN_POINT('',(-0.0364778083042752,-0.0306837909308407,0.0451834439757355));
#15151=CARTESIAN_POINT('',(-0.0367822339812374,-0.0306837909308407,0.0449772443176946));
#15152=CARTESIAN_POINT('',(-0.0358539606115842,-0.0316837909308407,0.0452014395822554));
#15153=CARTESIAN_POINT('',(-0.0364778083042752,-0.0316837909308407,0.0451834439757355));
#15154=CARTESIAN_POINT('',(-0.0367822339812374,-0.0316837909308407,0.0449772443176946));
#15155=CARTESIAN_POINT('',(0.,-0.0316837909308407,0.032));
#15156=CARTESIAN_POINT('',(0.,-0.0306837909308407,0.023));
#15157=CARTESIAN_POINT('',(-0.0302483291806249,-0.0316837909308407,0.0438382723883705));
#15158=CARTESIAN_POINT('',(-0.0302483291806249,-0.0306837909308407,0.0438382723883705));
#15159=CARTESIAN_POINT('',(-0.0298834182706374,-0.0316837909308407,0.0438382723883705));
#15160=CARTESIAN_POINT('',(-0.0298834182706374,-0.0306837909308407,0.0438382723883705));
#15161=CARTESIAN_POINT('',(-0.0296157336236534,-0.0316837909308407,0.0439444964546339));
#15162=CARTESIAN_POINT('',(-0.0296157336236534,-0.0306837909308407,0.0439444964546339));
#15163=CARTESIAN_POINT('',(-0.0294452752396729,-0.0316837909308407,0.044156944587161));
#15164=CARTESIAN_POINT('',(-0.0294452752396729,-0.0306837909308407,0.044156944587161));
#15165=CARTESIAN_POINT('',(-0.0302483291806249,-0.0306837909308407,0.0438382723883705));
#15166=CARTESIAN_POINT('',(-0.0297009628156437,-0.0306837909308407,0.0438382723883705));
#15167=CARTESIAN_POINT('',(-0.0294452752396729,-0.0306837909308407,0.044156944587161));
#15168=CARTESIAN_POINT('',(-0.0302483291806249,-0.0306837909308407,0.0438382723883705));
#15169=CARTESIAN_POINT('',(-0.0294452752396729,-0.0306837909308407,0.044156944587161));
#15170=CARTESIAN_POINT('',(-0.0302483291806249,-0.0316837909308407,0.0438382723883705));
#15171=CARTESIAN_POINT('',(-0.0302483291806249,-0.0316837909308407,0.0438382723883705));
#15172=CARTESIAN_POINT('',(-0.0302483291806249,-0.0316837909308407,0.0438382723883705));
#15173=CARTESIAN_POINT('',(-0.0297009628156437,-0.0316837909308407,0.0438382723883705));
#15174=CARTESIAN_POINT('',(-0.0294452752396729,-0.0316837909308407,0.044156944587161));
#15175=CARTESIAN_POINT('',(-0.0294452752396729,-0.0316837909308407,0.044156944587161));
#15176=CARTESIAN_POINT('',(-0.0294452752396729,-0.0316837909308407,0.044156944587161));
#15177=CARTESIAN_POINT('',(-0.0310131424577221,-0.0316837909308407,0.0442251779285491));
#15178=CARTESIAN_POINT('',(-0.0310131424577221,-0.0306837909308407,0.0442251779285491));
#15179=CARTESIAN_POINT('',(-0.0308351859043583,-0.0316837909308407,0.0439672409017633));
#15180=CARTESIAN_POINT('',(-0.0308351859043583,-0.0306837909308407,0.0439672409017633));
#15181=CARTESIAN_POINT('',(-0.030580248145326,-0.0316837909308407,0.0438382723883705));
#15182=CARTESIAN_POINT('',(-0.030580248145326,-0.0306837909308407,0.0438382723883705));
#15183=CARTESIAN_POINT('',(-0.0302483291806249,-0.0316837909308407,0.0438382723883705));
#15184=CARTESIAN_POINT('',(-0.0302483291806249,-0.0306837909308407,0.0438382723883705));
#15185=CARTESIAN_POINT('',(-0.0310131424577221,-0.0306837909308407,0.0442251779285491));
#15186=CARTESIAN_POINT('',(-0.0307462076276765,-0.0306837909308407,0.0438382723883705));
#15187=CARTESIAN_POINT('',(-0.0302483291806249,-0.0306837909308407,0.0438382723883705));
#15188=CARTESIAN_POINT('',(-0.0310131424577221,-0.0306837909308407,0.0442251779285491));
#15189=CARTESIAN_POINT('',(-0.0310131424577221,-0.0316837909308407,0.0442251779285491));
#15190=CARTESIAN_POINT('',(-0.0310131424577221,-0.0316837909308407,0.0442251779285491));
#15191=CARTESIAN_POINT('',(-0.0310131424577221,-0.0316837909308407,0.0442251779285491));
#15192=CARTESIAN_POINT('',(-0.0307462076276765,-0.0316837909308407,0.0438382723883705));
#15193=CARTESIAN_POINT('',(-0.0302483291806249,-0.0316837909308407,0.0438382723883705));
#15194=CARTESIAN_POINT('',(-0.0312800772877678,-0.0316837909308407,0.0453843949152081));
#15195=CARTESIAN_POINT('',(-0.0312800772877678,-0.0306837909308407,0.0453843949152081));
#15196=CARTESIAN_POINT('',(-0.0312800772877678,-0.0316837909308407,0.0448695206175544));
#15197=CARTESIAN_POINT('',(-0.0312800772877678,-0.0306837909308407,0.0448695206175544));
#15198=CARTESIAN_POINT('',(-0.0311910990110859,-0.0316837909308407,0.0444831149553348));
#15199=CARTESIAN_POINT('',(-0.0311910990110859,-0.0306837909308407,0.0444831149553348));
#15200=CARTESIAN_POINT('',(-0.0310131424577221,-0.0316837909308407,0.0442251779285491));
#15201=CARTESIAN_POINT('',(-0.0310131424577221,-0.0306837909308407,0.0442251779285491));
#15202=CARTESIAN_POINT('',(-0.0312800772877678,-0.0306837909308407,0.0453843949152081));
#15203=CARTESIAN_POINT('',(-0.0312800772877678,-0.0306837909308407,0.0446120834687276));
#15204=CARTESIAN_POINT('',(-0.0310131424577221,-0.0306837909308407,0.0442251779285491));
#15205=CARTESIAN_POINT('',(-0.0312800772877678,-0.0306837909308407,0.0453843949152081));
#15206=CARTESIAN_POINT('',(-0.0312800772877678,-0.0316837909308407,0.0453843949152081));
#15207=CARTESIAN_POINT('',(-0.0312800772877678,-0.0316837909308407,0.0453843949152081));
#15208=CARTESIAN_POINT('',(-0.0312800772877678,-0.0316837909308407,0.0453843949152081));
#15209=CARTESIAN_POINT('',(-0.0312800772877678,-0.0316837909308407,0.0446120834687276));
#15210=CARTESIAN_POINT('',(-0.0310131424577221,-0.0316837909308407,0.0442251779285491));
#15211=CARTESIAN_POINT('',(-0.0310153919085371,-0.0316837909308407,0.0465631071422637));
#15212=CARTESIAN_POINT('',(-0.0310153919085371,-0.0306837909308407,0.0465631071422637));
#15213=CARTESIAN_POINT('',(-0.0311918488280242,-0.0316837909308407,0.0462931730444647));
#15214=CARTESIAN_POINT('',(-0.0311918488280242,-0.0306837909308407,0.0462931730444647));
#15215=CARTESIAN_POINT('',(-0.0312800772877678,-0.0316837909308407,0.0459002689687795));
#15216=CARTESIAN_POINT('',(-0.0312800772877678,-0.0306837909308407,0.0459002689687795));
#15217=CARTESIAN_POINT('',(-0.0312800772877678,-0.0316837909308407,0.0453843949152081));
#15218=CARTESIAN_POINT('',(-0.0312800772877678,-0.0306837909308407,0.0453843949152081));
#15219=CARTESIAN_POINT('',(-0.0310153919085371,-0.0306837909308407,0.0465631071422637));
#15220=CARTESIAN_POINT('',(-0.0312800772877678,-0.0306837909308407,0.0461582059955652));
#15221=CARTESIAN_POINT('',(-0.0312800772877678,-0.0306837909308407,0.0453843949152081));
#15222=CARTESIAN_POINT('',(-0.0310153919085371,-0.0306837909308407,0.0465631071422637));
#15223=CARTESIAN_POINT('',(-0.0310153919085371,-0.0316837909308407,0.0465631071422637));
#15224=CARTESIAN_POINT('',(-0.0310153919085371,-0.0316837909308407,0.0465631071422637));
#15225=CARTESIAN_POINT('',(-0.0310153919085371,-0.0316837909308407,0.0465631071422637));
#15226=CARTESIAN_POINT('',(-0.0312800772877678,-0.0316837909308407,0.0461582059955652));
#15227=CARTESIAN_POINT('',(-0.0312800772877678,-0.0316837909308407,0.0453843949152081));
#15228=CARTESIAN_POINT('',(-0.0302723233226515,-0.0316837909308407,0.0469680082889623));
#15229=CARTESIAN_POINT('',(-0.0302723233226515,-0.0306837909308407,0.0469680082889623));
#15230=CARTESIAN_POINT('',(-0.0305912454604214,-0.0316837909308407,0.0469680082889623));
#15231=CARTESIAN_POINT('',(-0.0305912454604214,-0.0306837909308407,0.0469680082889623));
#15232=CARTESIAN_POINT('',(-0.03083893498905,-0.0316837909308407,0.0468330412400628));
#15233=CARTESIAN_POINT('',(-0.03083893498905,-0.0306837909308407,0.0468330412400628));
#15234=CARTESIAN_POINT('',(-0.0310153919085371,-0.0316837909308407,0.0465631071422637));
#15235=CARTESIAN_POINT('',(-0.0310153919085371,-0.0306837909308407,0.0465631071422637));
#15236=CARTESIAN_POINT('',(-0.0302723233226515,-0.0306837909308407,0.0469680082889623));
#15237=CARTESIAN_POINT('',(-0.0307507065293064,-0.0306837909308407,0.0469680082889623));
#15238=CARTESIAN_POINT('',(-0.0310153919085371,-0.0306837909308407,0.0465631071422637));
#15239=CARTESIAN_POINT('',(-0.0302723233226515,-0.0306837909308407,0.0469680082889623));
#15240=CARTESIAN_POINT('',(-0.0302723233226515,-0.0316837909308407,0.0469680082889623));
#15241=CARTESIAN_POINT('',(-0.0302723233226515,-0.0316837909308407,0.0469680082889623));
#15242=CARTESIAN_POINT('',(-0.0302723233226515,-0.0316837909308407,0.0469680082889623));
#15243=CARTESIAN_POINT('',(-0.0307507065293064,-0.0316837909308407,0.0469680082889623));
#15244=CARTESIAN_POINT('',(-0.0310153919085371,-0.0316837909308407,0.0465631071422637));
#15245=CARTESIAN_POINT('',(-0.0294257799992763,-0.0316837909308407,0.0466028474399953));
#15246=CARTESIAN_POINT('',(-0.0294257799992763,-0.0306837909308407,0.0466028474399953));
#15247=CARTESIAN_POINT('',(-0.0295992376510101,-0.0316837909308407,0.0468462880059733));
#15248=CARTESIAN_POINT('',(-0.0295992376510101,-0.0306837909308407,0.0468462880059733));
#15249=CARTESIAN_POINT('',(-0.0298814187588018,-0.0316837909308407,0.0469680082889623));
#15250=CARTESIAN_POINT('',(-0.0298814187588018,-0.0306837909308407,0.0469680082889623));
#15251=CARTESIAN_POINT('',(-0.0302723233226515,-0.0316837909308407,0.0469680082889623));
#15252=CARTESIAN_POINT('',(-0.0302723233226515,-0.0306837909308407,0.0469680082889623));
#15253=CARTESIAN_POINT('',(-0.0294257799992763,-0.0306837909308407,0.0466028474399953));
#15254=CARTESIAN_POINT('',(-0.029685966476877,-0.0306837909308407,0.0469680082889623));
#15255=CARTESIAN_POINT('',(-0.0302723233226515,-0.0306837909308407,0.0469680082889623));
#15256=CARTESIAN_POINT('',(-0.0294257799992763,-0.0306837909308407,0.0466028474399953));
#15257=CARTESIAN_POINT('',(-0.0294257799992763,-0.0316837909308407,0.0466028474399953));
#15258=CARTESIAN_POINT('',(-0.0294257799992763,-0.0316837909308407,0.0466028474399953));
#15259=CARTESIAN_POINT('',(-0.0294257799992763,-0.0316837909308407,0.0466028474399953));
#15260=CARTESIAN_POINT('',(-0.029685966476877,-0.0316837909308407,0.0469680082889623));
#15261=CARTESIAN_POINT('',(-0.0302723233226515,-0.0316837909308407,0.0469680082889623));
#15262=CARTESIAN_POINT('',(-0.0291655935216756,-0.0316837909308407,0.0453933927184681));
#15263=CARTESIAN_POINT('',(-0.0291655935216756,-0.0306837909308407,0.0453933927184681));
#15264=CARTESIAN_POINT('',(-0.0291655935216756,-0.0316837909308407,0.0459562553001749));
#15265=CARTESIAN_POINT('',(-0.0291655935216756,-0.0306837909308407,0.0459562553001749));
#15266=CARTESIAN_POINT('',(-0.0292523223475425,-0.0316837909308407,0.0463594068740173));
#15267=CARTESIAN_POINT('',(-0.0292523223475425,-0.0306837909308407,0.0463594068740173));
#15268=CARTESIAN_POINT('',(-0.0294257799992763,-0.0316837909308407,0.0466028474399953));
#15269=CARTESIAN_POINT('',(-0.0294257799992763,-0.0306837909308407,0.0466028474399953));
#15270=CARTESIAN_POINT('',(-0.0291655935216756,-0.0306837909308407,0.0453933927184681));
#15271=CARTESIAN_POINT('',(-0.0291655935216756,-0.0306837909308407,0.0462376865910283));
#15272=CARTESIAN_POINT('',(-0.0294257799992763,-0.0306837909308407,0.0466028474399953));
#15273=CARTESIAN_POINT('',(-0.0291655935216756,-0.0306837909308407,0.0453933927184681));
#15274=CARTESIAN_POINT('',(-0.0291655935216756,-0.0316837909308407,0.0453933927184681));
#15275=CARTESIAN_POINT('',(-0.0291655935216756,-0.0316837909308407,0.0453933927184681));
#15276=CARTESIAN_POINT('',(-0.0291655935216756,-0.0316837909308407,0.0453933927184681));
#15277=CARTESIAN_POINT('',(-0.0291655935216756,-0.0316837909308407,0.0462376865910283));
#15278=CARTESIAN_POINT('',(-0.0294257799992763,-0.0316837909308407,0.0466028474399953));
#15279=CARTESIAN_POINT('',(-0.0291655935216756,-0.0316837909308407,0.04531616157382));
#15280=CARTESIAN_POINT('',(-0.0291655935216756,-0.0306837909308407,0.04531616157382));
#15281=CARTESIAN_POINT('',(-0.0291655935216756,-0.0306837909308407,0.045238930429172));
#15282=CARTESIAN_POINT('',(-0.0291655935216756,-0.0316837909308407,0.045238930429172));
#15283=CARTESIAN_POINT('',(-0.0291655935216756,-0.0316837909308407,0.045238930429172));
#15284=CARTESIAN_POINT('',(-0.0291655935216756,-0.0316837909308407,0.04531616157382));
#15285=CARTESIAN_POINT('',(-0.0307507065293064,-0.0316837909308407,0.042698550642108));
#15286=CARTESIAN_POINT('',(-0.0307507065293064,-0.0306837909308407,0.042698550642108));
#15287=CARTESIAN_POINT('',(-0.0313655564187375,-0.0316837909308407,0.042698550642108));
#15288=CARTESIAN_POINT('',(-0.0313655564187375,-0.0306837909308407,0.042698550642108));
#15289=CARTESIAN_POINT('',(-0.0318486884660018,-0.0316837909308407,0.0429377422454355));
#15290=CARTESIAN_POINT('',(-0.0318486884660018,-0.0306837909308407,0.0429377422454355));
#15291=CARTESIAN_POINT('',(-0.0322001026710994,-0.0316837909308407,0.0434161254520904));
#15292=CARTESIAN_POINT('',(-0.0322001026710994,-0.0306837909308407,0.0434161254520904));
#15293=CARTESIAN_POINT('',(-0.0307507065293064,-0.0316837909308407,0.042698550642108));
#15294=CARTESIAN_POINT('',(-0.0307507065293064,-0.0316837909308407,0.042698550642108));
#15295=CARTESIAN_POINT('',(-0.0307507065293064,-0.0316837909308407,0.042698550642108));
#15296=CARTESIAN_POINT('',(-0.031672981363453,-0.0316837909308407,0.042698550642108));
#15297=CARTESIAN_POINT('',(-0.0322001026710994,-0.0316837909308407,0.0434161254520904));
#15298=CARTESIAN_POINT('',(-0.0322001026710994,-0.0316837909308407,0.0434161254520904));
#15299=CARTESIAN_POINT('',(-0.0322001026710994,-0.0316837909308407,0.0434161254520904));
#15300=CARTESIAN_POINT('',(-0.0292645693575353,-0.0316837909308407,0.0434723617224652));
#15301=CARTESIAN_POINT('',(-0.0292645693575353,-0.0306837909308407,0.0434723617224652));
#15302=CARTESIAN_POINT('',(-0.0295894900308118,-0.0316837909308407,0.0429564876688937));
#15303=CARTESIAN_POINT('',(-0.0295894900308118,-0.0306837909308407,0.0429564876688937));
#15304=CARTESIAN_POINT('',(-0.0300848690880689,-0.0316837909308407,0.042698550642108));
#15305=CARTESIAN_POINT('',(-0.0300848690880689,-0.0306837909308407,0.042698550642108));
#15306=CARTESIAN_POINT('',(-0.0307507065293064,-0.0316837909308407,0.042698550642108));
#15307=CARTESIAN_POINT('',(-0.0307507065293064,-0.0306837909308407,0.042698550642108));
#15308=CARTESIAN_POINT('',(-0.0292645693575353,-0.0316837909308407,0.0434723617224652));
#15309=CARTESIAN_POINT('',(-0.0292645693575353,-0.0316837909308407,0.0434723617224652));
#15310=CARTESIAN_POINT('',(-0.0292645693575353,-0.0316837909308407,0.0434723617224652));
#15311=CARTESIAN_POINT('',(-0.0297519503674501,-0.0316837909308407,0.042698550642108));
#15312=CARTESIAN_POINT('',(-0.0307507065293064,-0.0316837909308407,0.042698550642108));
#15313=CARTESIAN_POINT('',(-0.0292338268630637,-0.0316837909308407,0.0434723617224652));
#15314=CARTESIAN_POINT('',(-0.0292030843685922,-0.0316837909308407,0.0434723617224652));
#15315=CARTESIAN_POINT('',(-0.0292030843685922,-0.0316837909308407,0.0434723617224652));
#15316=CARTESIAN_POINT('',(-0.0292338268630637,-0.0316837909308407,0.0434723617224652));
#15317=CARTESIAN_POINT('',(-0.0290651180519393,-0.0316837909308407,0.0431326946494014));
#15318=CARTESIAN_POINT('',(-0.0289271517352865,-0.0316837909308407,0.0427930275763376));
#15319=CARTESIAN_POINT('',(-0.0289271517352865,-0.0316837909308407,0.0427930275763376));
#15320=CARTESIAN_POINT('',(-0.0290651180519393,-0.0316837909308407,0.0431326946494014));
#15321=CARTESIAN_POINT('',(-0.0283790355533668,-0.0316837909308407,0.0427930275763376));
#15322=CARTESIAN_POINT('',(-0.0278309193714472,-0.0316837909308407,0.0427930275763376));
#15323=CARTESIAN_POINT('',(-0.0278309193714472,-0.0316837909308407,0.0427930275763376));
#15324=CARTESIAN_POINT('',(-0.0283790355533668,-0.0316837909308407,0.0427930275763376));
#15325=CARTESIAN_POINT('',(-0.0278309193714472,-0.0316837909308407,0.0464393873474392));
#15326=CARTESIAN_POINT('',(-0.0278309193714472,-0.0316837909308407,0.0500857471185407));
#15327=CARTESIAN_POINT('',(-0.0278309193714472,-0.0316837909308407,0.0500857471185407));
#15328=CARTESIAN_POINT('',(-0.0278309193714472,-0.0316837909308407,0.0464393873474392));
#15329=CARTESIAN_POINT('',(-0.0285477443644912,-0.0316837909308407,0.0500857471185407));
#15330=CARTESIAN_POINT('',(-0.0292645693575353,-0.0316837909308407,0.0500857471185407));
#15331=CARTESIAN_POINT('',(-0.0292645693575353,-0.0316837909308407,0.0500857471185407));
#15332=CARTESIAN_POINT('',(-0.0285477443644912,-0.0316837909308407,0.0500857471185407));
#15333=CARTESIAN_POINT('',(-0.0292645693575353,-0.0316837909308407,0.0492467019645488));
#15334=CARTESIAN_POINT('',(-0.0292645693575353,-0.0316837909308407,0.0484076568105569));
#15335=CARTESIAN_POINT('',(-0.0292645693575353,-0.0316837909308407,0.0484076568105569));
#15336=CARTESIAN_POINT('',(-0.0292645693575353,-0.0316837909308407,0.0492467019645488));
#15337=CARTESIAN_POINT('',(-0.0291565957184157,-0.0316837909308407,0.0473624119985241));
#15338=CARTESIAN_POINT('',(-0.0291565957184157,-0.0306837909308407,0.0473624119985241));
#15339=CARTESIAN_POINT('',(-0.0292285781444954,-0.0316837909308407,0.0477533165623738));
#15340=CARTESIAN_POINT('',(-0.0292285781444954,-0.0306837909308407,0.0477533165623738));
#15341=CARTESIAN_POINT('',(-0.0292645693575353,-0.0316837909308407,0.048101731499718));
#15342=CARTESIAN_POINT('',(-0.0292645693575353,-0.0306837909308407,0.048101731499718));
#15343=CARTESIAN_POINT('',(-0.0292645693575353,-0.0316837909308407,0.0484076568105569));
#15344=CARTESIAN_POINT('',(-0.0292645693575353,-0.0306837909308407,0.0484076568105569));
#15345=CARTESIAN_POINT('',(-0.0291565957184157,-0.0316837909308407,0.0473624119985241));
#15346=CARTESIAN_POINT('',(-0.0291565957184157,-0.0316837909308407,0.0473624119985241));
#15347=CARTESIAN_POINT('',(-0.0291565957184157,-0.0316837909308407,0.0473624119985241));
#15348=CARTESIAN_POINT('',(-0.0292645693575353,-0.0316837909308407,0.0479487688442986));
#15349=CARTESIAN_POINT('',(-0.0292645693575353,-0.0316837909308407,0.0484076568105569));
#15350=CARTESIAN_POINT('',(-0.0291798400435039,-0.0316837909308407,0.0473624119985241));
#15351=CARTESIAN_POINT('',(-0.0292030843685922,-0.0316837909308407,0.0473624119985241));
#15352=CARTESIAN_POINT('',(-0.0292030843685922,-0.0316837909308407,0.0473624119985241));
#15353=CARTESIAN_POINT('',(-0.0291798400435039,-0.0316837909308407,0.0473624119985241));
#15354=CARTESIAN_POINT('',(-0.0307132156823899,-0.0316837909308407,0.0481302245433746));
#15355=CARTESIAN_POINT('',(-0.0307132156823899,-0.0306837909308407,0.0481302245433746));
#15356=CARTESIAN_POINT('',(-0.030053376776659,-0.0316837909308407,0.0481302245433746));
#15357=CARTESIAN_POINT('',(-0.030053376776659,-0.0306837909308407,0.0481302245433746));
#15358=CARTESIAN_POINT('',(-0.0295499996720598,-0.0316837909308407,0.0478742870284244));
#15359=CARTESIAN_POINT('',(-0.0295499996720598,-0.0306837909308407,0.0478742870284244));
#15360=CARTESIAN_POINT('',(-0.0292030843685922,-0.0316837909308407,0.0473624119985241));
#15361=CARTESIAN_POINT('',(-0.0292030843685922,-0.0306837909308407,0.0473624119985241));
#15362=CARTESIAN_POINT('',(-0.0307132156823899,-0.0316837909308407,0.0481302245433746));
#15363=CARTESIAN_POINT('',(-0.0307132156823899,-0.0316837909308407,0.0481302245433746));
#15364=CARTESIAN_POINT('',(-0.0307132156823899,-0.0316837909308407,0.0481302245433746));
#15365=CARTESIAN_POINT('',(-0.0297234573237935,-0.0316837909308407,0.0481302245433746));
#15366=CARTESIAN_POINT('',(-0.0292030843685922,-0.0316837909308407,0.0473624119985241));
#15367=CARTESIAN_POINT('',(-0.0321911048678395,-0.0316837909308407,0.0474111500995156));
#15368=CARTESIAN_POINT('',(-0.0321911048678395,-0.0306837909308407,0.0474111500995156));
#15369=CARTESIAN_POINT('',(-0.0318336921272352,-0.0316837909308407,0.0478905330620883));
#15370=CARTESIAN_POINT('',(-0.0318336921272352,-0.0306837909308407,0.0478905330620883));
#15371=CARTESIAN_POINT('',(-0.031341062398752,-0.0316837909308407,0.0481302245433746));
#15372=CARTESIAN_POINT('',(-0.031341062398752,-0.0306837909308407,0.0481302245433746));
#15373=CARTESIAN_POINT('',(-0.0307132156823899,-0.0316837909308407,0.0481302245433746));
#15374=CARTESIAN_POINT('',(-0.0307132156823899,-0.0306837909308407,0.0481302245433746));
#15375=CARTESIAN_POINT('',(-0.0321911048678395,-0.0316837909308407,0.0474111500995156));
#15376=CARTESIAN_POINT('',(-0.0321911048678395,-0.0316837909308407,0.0474111500995156));
#15377=CARTESIAN_POINT('',(-0.0321911048678395,-0.0316837909308407,0.0474111500995156));
#15378=CARTESIAN_POINT('',(-0.031654985756933,-0.0316837909308407,0.0481302245433746));
#15379=CARTESIAN_POINT('',(-0.0307132156823899,-0.0316837909308407,0.0481302245433746));
#15380=CARTESIAN_POINT('',(-0.0327272239787458,-0.0316837909308407,0.0454038901556047));
#15381=CARTESIAN_POINT('',(-0.0327272239787458,-0.0306837909308407,0.0454038901556047));
#15382=CARTESIAN_POINT('',(-0.0327272239787458,-0.0316837909308407,0.0462626804889726));
#15383=CARTESIAN_POINT('',(-0.0327272239787458,-0.0306837909308407,0.0462626804889726));
#15384=CARTESIAN_POINT('',(-0.0325485176084437,-0.0316837909308407,0.0469317671369429));
#15385=CARTESIAN_POINT('',(-0.0325485176084437,-0.0306837909308407,0.0469317671369429));
#15386=CARTESIAN_POINT('',(-0.0321911048678395,-0.0316837909308407,0.0474111500995156));
#15387=CARTESIAN_POINT('',(-0.0321911048678395,-0.0306837909308407,0.0474111500995156));
#15388=CARTESIAN_POINT('',(-0.0327272239787458,-0.0316837909308407,0.0454038901556047));
#15389=CARTESIAN_POINT('',(-0.0327272239787458,-0.0316837909308407,0.0454038901556047));
#15390=CARTESIAN_POINT('',(-0.0327272239787458,-0.0316837909308407,0.0454038901556047));
#15391=CARTESIAN_POINT('',(-0.0327272239787458,-0.0316837909308407,0.0466920756556566));
#15392=CARTESIAN_POINT('',(-0.0321911048678395,-0.0316837909308407,0.0474111500995156));
#15393=CARTESIAN_POINT('',(-0.0322001026710994,-0.0316837909308407,0.0434161254520904));
#15394=CARTESIAN_POINT('',(-0.0322001026710994,-0.0306837909308407,0.0434161254520904));
#15395=CARTESIAN_POINT('',(-0.032551516876197,-0.0316837909308407,0.0438945086587453));
#15396=CARTESIAN_POINT('',(-0.032551516876197,-0.0306837909308407,0.0438945086587453));
#15397=CARTESIAN_POINT('',(-0.0327272239787458,-0.0316837909308407,0.04455709689325));
#15398=CARTESIAN_POINT('',(-0.0327272239787458,-0.0306837909308407,0.04455709689325));
#15399=CARTESIAN_POINT('',(-0.0327272239787458,-0.0316837909308407,0.0454038901556047));
#15400=CARTESIAN_POINT('',(-0.0327272239787458,-0.0306837909308407,0.0454038901556047));
#15401=CARTESIAN_POINT('',(-0.0322001026710994,-0.0316837909308407,0.0434161254520904));
#15402=CARTESIAN_POINT('',(-0.0327272239787458,-0.0316837909308407,0.0441337002620727));
#15403=CARTESIAN_POINT('',(-0.0327272239787458,-0.0316837909308407,0.0454038901556047));
#15404=CARTESIAN_POINT('',(-0.0294452752396729,-0.0316837909308407,0.044156944587161));
#15405=CARTESIAN_POINT('',(-0.0294452752396729,-0.0306837909308407,0.044156944587161));
#15406=CARTESIAN_POINT('',(-0.0292748168556924,-0.0316837909308407,0.0443693927196879));
#15407=CARTESIAN_POINT('',(-0.0292748168556924,-0.0306837909308407,0.0443693927196879));
#15408=CARTESIAN_POINT('',(-0.02918158961636,-0.0316837909308407,0.044730054667025));
#15409=CARTESIAN_POINT('',(-0.02918158961636,-0.0306837909308407,0.044730054667025));
#15410=CARTESIAN_POINT('',(-0.0291655935216756,-0.0316837909308407,0.045238930429172));
#15411=CARTESIAN_POINT('',(-0.0291655935216756,-0.0306837909308407,0.045238930429172));
#15412=CARTESIAN_POINT('',(-0.0294452752396729,-0.0306837909308407,0.044156944587161));
#15413=CARTESIAN_POINT('',(-0.0291895876637022,-0.0306837909308407,0.0444756167859514));
#15414=CARTESIAN_POINT('',(-0.0291655935216756,-0.0306837909308407,0.045238930429172));
#15415=CARTESIAN_POINT('',(-0.0294452752396729,-0.0316837909308407,0.044156944587161));
#15416=CARTESIAN_POINT('',(-0.0291895876637022,-0.0316837909308407,0.0444756167859514));
#15417=CARTESIAN_POINT('',(-0.0291655935216756,-0.0316837909308407,0.045238930429172));
#15418=CARTESIAN_POINT('',(0.,-0.0316837909308407,0.032));
#15419=CARTESIAN_POINT('',(0.,-0.0306837909308407,0.023));
#15420=MECHANICAL_DESIGN_GEOMETRIC_PRESENTATION_REPRESENTATION('',(#8785),
#15421);
#15421=(
GEOMETRIC_REPRESENTATION_CONTEXT(3)
GLOBAL_UNCERTAINTY_ASSIGNED_CONTEXT((#15422))
GLOBAL_UNIT_ASSIGNED_CONTEXT((#15425,#15424,#15423))
REPRESENTATION_CONTEXT('Part 1','TOP_LEVEL_ASSEMBLY_PART')
);
#15422=UNCERTAINTY_MEASURE_WITH_UNIT(LENGTH_MEASURE(2.E-5),#15425,
'DISTANCE_ACCURACY_VALUE','Maximum Tolerance applied to model');
#15423=(
NAMED_UNIT(*)
SI_UNIT($,.STERADIAN.)
SOLID_ANGLE_UNIT()
);
#15424=(
NAMED_UNIT(*)
PLANE_ANGLE_UNIT()
SI_UNIT($,.RADIAN.)
);
#15425=(
LENGTH_UNIT()
NAMED_UNIT(*)
SI_UNIT($,.METRE.)
);
#15426=PRODUCT_DEFINITION_SHAPE('','',#15427);
#15427=PRODUCT_DEFINITION('','',#15429,#15428);
#15428=PRODUCT_DEFINITION_CONTEXT('',#15435,'design');
#15429=PRODUCT_DEFINITION_FORMATION_WITH_SPECIFIED_SOURCE('','',#15431,
 .NOT_KNOWN.);
#15430=PRODUCT_RELATED_PRODUCT_CATEGORY('','',(#15431));
#15431=PRODUCT('Part 1','Part 1','Part 1',(#15433));
#15432=PRODUCT_CATEGORY('','');
#15433=PRODUCT_CONTEXT('',#15435,'mechanical');
#15434=APPLICATION_PROTOCOL_DEFINITION('international standard',
'ap242_managed_model_based_3d_engineering',2020,#15435);
#15435=APPLICATION_CONTEXT('managed model based 3d engineering');
ENDSEC;
END-ISO-10303-21;
